gene,spearman_rho,wald_p,wald_q,log2fc_max_min,is_progression_coupled,lineage
FAM87B,,1.0,1.0,0.0,False,Hepatocyte
LINC00115,0.010220567341973873,0.5761449898004768,1.0,13.286561,False,Hepatocyte
FAM41C,-0.002972606076513649,0.8708445048007687,1.0,14.768581,False,Hepatocyte
TTLL10-AS1,,1.0,1.0,0.0,False,Hepatocyte
TP73-AS1,0.024288364409562127,0.18396725194268296,1.0,13.576671,False,Hepatocyte
LINC01134,0.028624885154687002,0.11736085931316266,1.0,12.573662,False,Hepatocyte
ENO1-AS1,0.03456388229230873,0.05862127984039281,0.9033957946831964,13.038757,False,Hepatocyte
PINK1-AS,,1.0,1.0,0.0,False,Hepatocyte
LINC00339,0.01417683041041119,0.43808258090024804,1.0,14.251036,False,Hepatocyte
MDS2,-0.01777555668453227,0.33089938310521927,1.0,13.085175,False,Hepatocyte
SNHG12,0.0679419401102069,0.00019894134278231564,0.011445758588075892,16.001137,False,Hepatocyte
MATN1-AS1,0.03151447525379297,0.08468978225625302,1.0,14.5399685,False,Hepatocyte
ZMYM4-AS1,0.010627266191525837,0.5610581179469615,1.0,13.263866,False,Hepatocyte
NFYC-AS1,-0.005113193811117246,0.7797338008955305,1.0,13.251399,False,Hepatocyte
SZT2-AS1,,1.0,1.0,0.0,False,Hepatocyte
HYI-AS1,,1.0,1.0,0.0,False,Hepatocyte
KDM4A-AS1,0.006371815458209346,0.7274590970960548,1.0,14.197628,False,Hepatocyte
MKNK1-AS1,0.018410020337757693,0.31392796683109403,1.0,12.926437,False,Hepatocyte
EFCAB14-AS1,,1.0,1.0,0.0,False,Hepatocyte
CYP4A22-AS1,,1.0,1.0,0.0,False,Hepatocyte
LINC00853,,1.0,1.0,0.0,False,Hepatocyte
FOXD2-AS1,0.027694338463289718,0.12976695195912166,1.0,12.652679,False,Hepatocyte
SSBP3-AS1,,1.0,1.0,0.0,False,Hepatocyte
DAB1-AS1,,1.0,1.0,0.0,False,Hepatocyte
LINC01135,,1.0,1.0,0.0,False,Hepatocyte
DLEU2L,-0.0009568134923849885,0.9582637177119872,1.0,14.829014,False,Hepatocyte
GNG12-AS1,,1.0,1.0,0.0,False,Hepatocyte
ZRANB2-AS1,,1.0,1.0,0.0,False,Hepatocyte
NEXN-AS1,0.02553716204232328,0.16242173539215043,1.0,12.851332,False,Hepatocyte
LINC01140,,1.0,1.0,0.0,False,Hepatocyte
DPYD-AS1,,1.0,1.0,0.0,False,Hepatocyte
DPYD-AS2,,1.0,1.0,0.0,False,Hepatocyte
VAV3-AS1,,1.0,1.0,0.0,False,Hepatocyte
LAMTOR5-AS1,,1.0,1.0,0.0,False,Hepatocyte
LINC01160,,1.0,1.0,0.0,False,Hepatocyte
SLC16A1-AS1,0.03879858242817925,0.03376453746690384,0.6349113179584368,13.456646,False,Hepatocyte
AP4B1-AS1,-0.0064376879830584785,0.7247554219312866,1.0,13.060668,False,Hepatocyte
WARS2-IT1,,1.0,1.0,0.0,False,Hepatocyte
LINC00623,0.012142386531540034,0.5065958843503175,1.0,13.284836,False,Hepatocyte
LINC01138,,1.0,1.0,0.0,False,Hepatocyte
LINC00869,-0.0245220201971626,0.17978284284140178,1.0,13.14797,False,Hepatocyte
ADAMTSL4-AS1,-0.014287352095740289,0.4345196514425167,1.0,2.2940273,False,Hepatocyte
FLG-AS1,,1.0,1.0,0.0,False,Hepatocyte
RUSC1-AS1,-0.022829255998326976,0.2117382608748224,1.0,13.077169,False,Hepatocyte
LINC01133,,1.0,1.0,0.0,False,Hepatocyte
LINC00970,,1.0,1.0,0.0,False,Hepatocyte
DNM3OS,,1.0,1.0,0.0,False,Hepatocyte
GAS5-AS1,-0.012107681382385157,0.5078115608550225,1.0,13.163013,False,Hepatocyte
RASAL2-AS1,,1.0,1.0,0.0,False,Hepatocyte
C1orf220,,1.0,1.0,0.0,False,Hepatocyte
GS1-279B7.1,,1.0,1.0,0.0,False,Hepatocyte
LINC01036,,1.0,1.0,0.0,False,Hepatocyte
LINC01031,,1.0,1.0,0.0,False,Hepatocyte
MIR181A1HG,0.004599861485884317,0.80135880259253,1.0,13.228823,False,Hepatocyte
LINC00862,0.008910702070563464,0.6259911731207367,1.0,14.113068,False,Hepatocyte
IPO9-AS1,,1.0,1.0,0.0,False,Hepatocyte
PCAT6,,1.0,1.0,0.0,False,Hepatocyte
LEMD1-AS1,,1.0,1.0,0.0,False,Hepatocyte
SRGAP2-AS1,,1.0,1.0,0.0,False,Hepatocyte
SERTAD4-AS1,,1.0,1.0,0.0,False,Hepatocyte
PROX1-AS1,,1.0,1.0,0.0,False,Hepatocyte
RNU6ATAC35P,,1.0,1.0,0.0,False,Hepatocyte
ITPKB-AS1,,1.0,1.0,0.0,False,Hepatocyte
TMEM78,,1.0,1.0,0.0,False,Hepatocyte
LINC00582,,1.0,1.0,0.0,False,Hepatocyte
LINC00184,,1.0,1.0,0.0,False,Hepatocyte
LINC01132,,1.0,1.0,0.0,False,Hepatocyte
LGALS8-AS1,0.026975279656300904,0.14003227918229963,1.0,12.446194,False,Hepatocyte
LINC01115,0.02063560000889862,0.25899224726933595,1.0,13.153585,False,Hepatocyte
TRAPPC12-AS1,0.029576580634525142,0.10565539777475054,1.0,12.774402,False,Hepatocyte
LINC00487,,1.0,1.0,0.0,False,Hepatocyte
LINC00298,,1.0,1.0,0.0,False,Hepatocyte
LINC00299,,1.0,1.0,0.0,False,Hepatocyte
RN7SL832P,0.004073426324757929,0.8236947666234478,1.0,13.204052,False,Hepatocyte
LINC00570,,1.0,1.0,0.0,False,Hepatocyte
LINC00276,,1.0,1.0,0.0,False,Hepatocyte
LINC00954,0.023642465782699417,0.1959086559748804,1.0,14.602026,False,Hepatocyte
DNAJC27-AS1,-0.005103063235276805,0.780158985059095,1.0,13.308533,False,Hepatocyte
AGBL5-AS1,,1.0,1.0,0.0,False,Hepatocyte
LINC00486,,1.0,1.0,0.0,False,Hepatocyte
RMDN2-AS1,,1.0,1.0,0.0,False,Hepatocyte
CYP1B1-AS1,-0.016739266050930745,0.3598705791578927,1.0,12.94635,False,Hepatocyte
SLC8A1-AS1,-0.01183274713265414,0.5174959682908017,1.0,13.0926075,False,Hepatocyte
SIX3-AS1,,1.0,1.0,0.0,False,Hepatocyte
LINC01118,,1.0,1.0,0.0,False,Hepatocyte
LINC01119,,1.0,1.0,0.0,False,Hepatocyte
LINC01122,0.023168497736948367,0.20502588619987272,1.0,13.158537,False,Hepatocyte
LINC00309,0.018453949973236197,0.31277445284505234,1.0,14.105148,False,Hepatocyte
MEIS1-AS2,,1.0,1.0,0.0,False,Hepatocyte
PCBP1-AS1,0.035576010778774335,0.05160286260616646,0.8096958259840301,1.1711881,False,Hepatocyte
DGUOK-AS1,,1.0,1.0,0.0,False,Hepatocyte
DCTN1-AS1,,1.0,1.0,0.0,False,Hepatocyte
LBX2-AS1,0.00835252225025078,0.6477818182753198,1.0,13.127943,False,Hepatocyte
LINC00342,0.02267457096424321,0.21485106713360808,1.0,13.930748,False,Hepatocyte
LINC01104,,1.0,1.0,0.0,False,Hepatocyte
LINC01102,,1.0,1.0,0.0,False,Hepatocyte
LINC01114,,1.0,1.0,0.0,False,Hepatocyte
RGPD4-AS1,0.022364843776196165,0.2211826740874332,1.0,13.078811,False,Hepatocyte
SH3RF3-AS1,,1.0,1.0,0.0,False,Hepatocyte
LINC01123,,1.0,1.0,0.0,False,Hepatocyte
LINC01106,,1.0,1.0,0.0,False,Hepatocyte
FAM138B,,1.0,1.0,0.0,False,Hepatocyte
DPP10-AS1,,1.0,1.0,0.0,False,Hepatocyte
STEAP3-AS1,,1.0,1.0,0.0,False,Hepatocyte
NIFK-AS1,-0.029927155642157373,0.10158436078297481,1.0,15.205349,False,Hepatocyte
LINC01087,,1.0,1.0,0.0,False,Hepatocyte
C2orf27A,,1.0,1.0,0.0,False,Hepatocyte
CCNT2-AS1,-0.005077986816618528,0.7812117344569112,1.0,14.174152,False,Hepatocyte
ZEB2-AS1,0.009802463442332786,0.59185159240131,1.0,13.032145,False,Hepatocyte
TEX41,,1.0,1.0,0.0,False,Hepatocyte
CCDC148-AS1,,1.0,1.0,0.0,False,Hepatocyte
CERS6-AS1,,1.0,1.0,0.0,False,Hepatocyte
LINC01124,,1.0,1.0,0.0,False,Hepatocyte
HOXD-AS2,,1.0,1.0,0.0,False,Hepatocyte
LINC01116,0.011447574078599037,0.5312224088371358,1.0,14.140879,False,Hepatocyte
LINC01117,,1.0,1.0,0.0,False,Hepatocyte
TTN-AS1,0.02347674645304206,0.1990620478090809,1.0,15.657769,False,Hepatocyte
LINC01090,,1.0,1.0,0.0,False,Hepatocyte
OSGEPL1-AS1,,1.0,1.0,0.0,False,Hepatocyte
CFLAR-AS1,,1.0,1.0,0.0,False,Hepatocyte
IDH1-AS1,,1.0,1.0,0.0,False,Hepatocyte
LINC00607,,1.0,1.0,0.0,False,Hepatocyte
DIRC3,0.011140819402870558,0.5422847523375507,1.0,13.251296,False,Hepatocyte
LINC00608,,1.0,1.0,0.0,False,Hepatocyte
CCDC140,,1.0,1.0,0.0,False,Hepatocyte
BOK-AS1,,1.0,1.0,0.0,False,Hepatocyte
EGOT,0.026192774483989545,0.15190090317939758,1.0,12.686847,False,Hepatocyte
BHLHE40-AS1,0.015817563845869874,0.3869347538678169,1.0,13.263666,False,Hepatocyte
GRM7-AS1,,1.0,1.0,0.0,False,Hepatocyte
LMCD1-AS1,,1.0,1.0,0.0,False,Hepatocyte
PRRT3-AS1,,1.0,1.0,0.0,False,Hepatocyte
LINC00852,,1.0,1.0,0.0,False,Hepatocyte
GHRLOS,-0.012394619420865225,0.49780664351198667,1.0,14.809092,False,Hepatocyte
HDAC11-AS1,,1.0,1.0,0.0,False,Hepatocyte
TPRXL,,1.0,1.0,0.0,False,Hepatocyte
FGD5-AS1,-0.030052066504024626,0.10016437214086314,1.0,1.600683,False,Hepatocyte
SH3BP5-AS1,0.03403660874776248,0.0625807574990147,0.9474946266956087,13.874136,False,Hepatocyte
EAF1-AS1,0.028730629096891242,0.11601204404635397,1.0,12.607832,False,Hepatocyte
LINC00691,,1.0,1.0,0.0,False,Hepatocyte
LINC00692,,1.0,1.0,0.0,False,Hepatocyte
RBMS3-AS3,,1.0,1.0,0.0,False,Hepatocyte
RBMS3-AS2,,1.0,1.0,0.0,False,Hepatocyte
OSBPL10-AS1,,1.0,1.0,0.0,False,Hepatocyte
ACVR2B-AS1,,1.0,1.0,0.0,False,Hepatocyte
ENTPD3-AS1,0.006713034321770732,0.7134915357667977,1.0,14.585194,False,Hepatocyte
VIPR1-AS1,,1.0,1.0,0.0,False,Hepatocyte
SNRK-AS1,0.01324971595819092,0.46862393483532194,1.0,12.635902,False,Hepatocyte
ZNF197-AS1,,1.0,1.0,0.0,False,Hepatocyte
LIMD1-AS1,-0.002978850890511888,0.8705755651813643,1.0,13.206877,False,Hepatocyte
KIF9-AS1,0.017270676863267102,0.34482056650343196,1.0,13.917385,False,Hepatocyte
PRKAR2A-AS1,,1.0,1.0,0.0,False,Hepatocyte
ARIH2OS,0.04588548826451354,0.012038583658791464,0.30556757933932455,15.198706,False,Hepatocyte
BSN-AS1,,1.0,1.0,0.0,False,Hepatocyte
SEMA3B-AS1,,1.0,1.0,0.0,False,Hepatocyte
ZMYND10-AS1,,1.0,1.0,0.0,False,Hepatocyte
ITIH4-AS1,,1.0,1.0,0.0,False,Hepatocyte
WNT5A-AS1,,1.0,1.0,0.0,False,Hepatocyte
FLNB-AS1,,1.0,1.0,0.0,False,Hepatocyte
THOC7-AS1,,1.0,1.0,0.0,False,Hepatocyte
PSMD6-AS2,0.038314608204006666,0.03604918961069067,0.6481343882088759,15.355469,False,Hepatocyte
PRICKLE2-AS3,,1.0,1.0,0.0,False,Hepatocyte
ADAMTS9-AS2,,1.0,1.0,0.0,False,Hepatocyte
FOXP1-AS1,,1.0,1.0,0.0,False,Hepatocyte
LINC00877,-0.07898654762585874,1.5122295708421483e-05,0.0016313176495459675,2.9886029,False,Hepatocyte
LINC00870,,1.0,1.0,0.0,False,Hepatocyte
LINC00960,,1.0,1.0,0.0,False,Hepatocyte
LINC00971,,1.0,1.0,0.0,False,Hepatocyte
ST3GAL6-AS1,,1.0,1.0,0.0,False,Hepatocyte
ZBTB11-AS1,0.029132456077267343,0.11099731060558389,1.0,12.783096,False,Hepatocyte
LINC00882,,1.0,1.0,0.0,False,Hepatocyte
LINC00636,,1.0,1.0,0.0,False,Hepatocyte
PLCXD2-AS1,,1.0,1.0,0.0,False,Hepatocyte
SIDT1-AS1,0.05432233350774601,0.0029458355571739536,0.10592733691004676,13.903654,False,Hepatocyte
ZBTB20-AS1,,1.0,1.0,0.0,False,Hepatocyte
ZBTB20-AS2,0.043076000291941835,0.018417345513951685,0.4200999836363116,13.551365,False,Hepatocyte
ZBTB20-AS3,,1.0,1.0,0.0,False,Hepatocyte
ZBTB20-AS4,-0.0066089963877648235,0.7177403484720039,1.0,13.283474,False,Hepatocyte
ARHGAP31-AS1,,1.0,1.0,0.0,False,Hepatocyte
MYLK-AS1,,1.0,1.0,0.0,False,Hepatocyte
RUVBL1-AS1,-0.010161992845827193,0.5783335317188382,1.0,13.256357,False,Hepatocyte
NPHP3-AS1,,1.0,1.0,0.0,False,Hepatocyte
BFSP2-AS1,0.010881051652816005,0.5517415635593271,1.0,13.148064,False,Hepatocyte
IL20RB-AS1,,1.0,1.0,0.0,False,Hepatocyte
ATP1B3-AS1,,1.0,1.0,0.0,False,Hepatocyte
PLS1-AS1,,1.0,1.0,0.0,False,Hepatocyte
SLC9A9-AS2,,1.0,1.0,0.0,False,Hepatocyte
TM4SF1-AS1,,1.0,1.0,0.0,False,Hepatocyte
WWTR1-AS1,,1.0,1.0,0.0,False,Hepatocyte
SIAH2-AS1,,1.0,1.0,0.0,False,Hepatocyte
CLRN1-AS1,0.0038808026788955045,0.8319043738535948,1.0,13.084536,False,Hepatocyte
MBNL1-AS1,0.014087942585257156,0.440960235381478,1.0,14.118448,False,Hepatocyte
TIPARP-AS1,,1.0,1.0,0.0,False,Hepatocyte
LINC00886,,1.0,1.0,0.0,False,Hepatocyte
LINC00880,,1.0,1.0,0.0,False,Hepatocyte
LINC00881,,1.0,1.0,0.0,False,Hepatocyte
IL12A-AS1,,1.0,1.0,0.0,False,Hepatocyte
TERC,,1.0,1.0,0.0,False,Hepatocyte
SEC62-AS1,,1.0,1.0,0.0,False,Hepatocyte
NAALADL2-AS2,,1.0,1.0,0.0,False,Hepatocyte
LINC00501,,1.0,1.0,0.0,False,Hepatocyte
LINC00578,,1.0,1.0,0.0,False,Hepatocyte
PEX5L-AS1,,1.0,1.0,0.0,False,Hepatocyte
MCCC1-AS1,,1.0,1.0,0.0,False,Hepatocyte
KLHL6-AS1,,1.0,1.0,0.0,False,Hepatocyte
YEATS2-AS1,-0.007518394290721264,0.680910173676898,1.0,13.132058,False,Hepatocyte
ABCC5-AS1,,1.0,1.0,0.0,False,Hepatocyte
ADIPOQ-AS1,,1.0,1.0,0.0,False,Hepatocyte
LPP-AS2,-0.0008011577465583392,0.9650486697236538,1.0,14.671621,False,Hepatocyte
LPP-AS1,,1.0,1.0,0.0,False,Hepatocyte
TPRG1-AS1,,1.0,1.0,0.0,False,Hepatocyte
OSTN-AS1,,1.0,1.0,0.0,False,Hepatocyte
OPA1-AS1,,1.0,1.0,0.0,False,Hepatocyte
LINC00887,0.008956511904698889,0.624216888423333,1.0,13.2547,False,Hepatocyte
TMEM44-AS1,-2.9873934369620636e-05,0.9986963026056681,1.0,13.292194,False,Hepatocyte
XXYLT1-AS2,0.02989381246113785,0.10196610326122466,1.0,12.351572,False,Hepatocyte
TNK2-AS1,0.031162739767588696,0.08822280710790646,1.0,13.227169,False,Hepatocyte
LINC00885,,1.0,1.0,0.0,False,Hepatocyte
TM4SF19-AS1,,1.0,1.0,0.0,False,Hepatocyte
UBXN7-AS1,,1.0,1.0,0.0,False,Hepatocyte
LINC01063,0.0014366860722656253,0.9373674749511531,1.0,14.030872,False,Hepatocyte
NCBP2-AS1,0.02553716204232328,0.16242173539215043,1.0,12.851332,False,Hepatocyte
DLG1-AS1,,1.0,1.0,0.0,False,Hepatocyte
LMLN-AS1,,1.0,1.0,0.0,False,Hepatocyte
NOP14-AS1,0.02288002950512874,0.2107236562772888,1.0,13.668619,False,Hepatocyte
STX18-AS1,0.03183982908550723,0.08152444597370646,1.0,12.984425,False,Hepatocyte
AFAP1-AS1,,1.0,1.0,0.0,False,Hepatocyte
LINC01085,,1.0,1.0,0.0,False,Hepatocyte
LINC00504,0.03065516884500836,0.09352947190547665,1.0,12.398216,False,Hepatocyte
TAPT1-AS1,0.017777402482975855,0.33084916446774176,1.0,14.767295,False,Hepatocyte
UGDH-AS1,,1.0,1.0,0.0,False,Hepatocyte
LINC00682,,1.0,1.0,0.0,False,Hepatocyte
IGFBP7-AS1,,1.0,1.0,0.0,False,Hepatocyte
LINC01094,0.012252689036161462,0.5027423076390808,1.0,14.1007595,False,Hepatocyte
LINC01088,,1.0,1.0,0.0,False,Hepatocyte
LINC00989,,1.0,1.0,0.0,False,Hepatocyte
THAP9-AS1,-0.008085038931183598,0.658333448503755,1.0,1.538759,False,Hepatocyte
WDFY3-AS1,,1.0,1.0,0.0,False,Hepatocyte
FAM13A-AS1,0.02069817287098243,0.25755048063694563,1.0,1.393657,False,Hepatocyte
TET2-AS1,,1.0,1.0,0.0,False,Hepatocyte
SEC24B-AS1,,1.0,1.0,0.0,False,Hepatocyte
SNHG8,0.07464079516742562,4.348224173318131e-05,0.002680369615409677,16.741467,False,Hepatocyte
IL21-AS1,,1.0,1.0,0.0,False,Hepatocyte
LINC01091,,1.0,1.0,0.0,False,Hepatocyte
LINC00500,,1.0,1.0,0.0,False,Hepatocyte
SMARCA5-AS1,,1.0,1.0,0.0,False,Hepatocyte
HHIP-AS1,,1.0,1.0,0.0,False,Hepatocyte
LINC01095,,1.0,1.0,0.0,False,Hepatocyte
FAM218A,,1.0,1.0,0.0,False,Hepatocyte
HAND2-AS1,,1.0,1.0,0.0,False,Hepatocyte
LINC01099,,1.0,1.0,0.0,False,Hepatocyte
WWC2-AS2,,1.0,1.0,0.0,False,Hepatocyte
LINC01093,0.021168322654084214,0.2468955315708121,1.0,14.2204685,False,Hepatocyte
LINC01018,,1.0,1.0,0.0,False,Hepatocyte
MIR4458HG,,1.0,1.0,0.0,False,Hepatocyte
SNHG18,,1.0,1.0,0.0,False,Hepatocyte
GDNF-AS1,,1.0,1.0,0.0,False,Hepatocyte
LIFR-AS1,,1.0,1.0,0.0,False,Hepatocyte
LINC00604,,1.0,1.0,0.0,False,Hepatocyte
NNT-AS1,0.0363299413689556,0.0468439919646085,0.7627616050086252,12.82818,False,Hepatocyte
PART1,,1.0,1.0,0.0,False,Hepatocyte
C5orf64,,1.0,1.0,0.0,False,Hepatocyte
MAST4-AS1,,1.0,1.0,0.0,False,Hepatocyte
ZBED3-AS1,,1.0,1.0,0.0,False,Hepatocyte
CKMT2-AS1,,1.0,1.0,0.0,False,Hepatocyte
VCAN-AS1,,1.0,1.0,0.0,False,Hepatocyte
LINC00461,,1.0,1.0,0.0,False,Hepatocyte
MEF2C-AS1,-0.0029928380634324484,0.8699732468815792,1.0,13.894051,False,Hepatocyte
LUCAT1,0.012208079240920213,0.5042989474708116,1.0,1.2640243,False,Hepatocyte
RGMB-AS1,,1.0,1.0,0.0,False,Hepatocyte
LINC00491,,1.0,1.0,0.0,False,Hepatocyte
LINC01023,,1.0,1.0,0.0,False,Hepatocyte
STARD4-AS1,,1.0,1.0,0.0,False,Hepatocyte
EPB41L4A-AS1,0.05395945835603694,0.0031425054646274484,0.1084792886389395,15.23809,False,Hepatocyte
LINC00992,,1.0,1.0,0.0,False,Hepatocyte
SMAD5-AS1,,1.0,1.0,0.0,False,Hepatocyte
ARHGAP26-AS1,,1.0,1.0,0.0,False,Hepatocyte
GRPEL2-AS1,,1.0,1.0,0.0,False,Hepatocyte
SAP30L-AS1,-0.001490989585079744,0.9350052510337681,1.0,13.036364,False,Hepatocyte
PRR7-AS1,-0.010415778307117363,0.5688795930619585,1.0,13.132058,False,Hepatocyte
C5orf60,,1.0,1.0,0.0,False,Hepatocyte
LINC00847,0.010741661218513445,0.5568492260116851,1.0,14.151417,False,Hepatocyte
CTC-338M12.4,-0.011134837114106176,0.5425016246836921,1.0,13.119109,False,Hepatocyte
TRIM52-AS1,0.020278086227098358,0.2673370107443375,1.0,1.9000325,False,Hepatocyte
LINC01011,0.01989829206425967,0.27640222540743287,1.0,13.120558,False,Hepatocyte
LY86-AS1,,1.0,1.0,0.0,False,Hepatocyte
HULC,,1.0,1.0,0.0,False,Hepatocyte
TFAP2A-AS1,,1.0,1.0,0.0,False,Hepatocyte
GFOD1-AS1,,1.0,1.0,0.0,False,Hepatocyte
JARID2-AS1,-0.026765366873022663,0.14314381294236808,1.0,14.759844,False,Hepatocyte
CASC15,,1.0,1.0,0.0,False,Hepatocyte
HCG11,0.031535747845352784,0.08447983114225702,1.0,14.059393,False,Hepatocyte
LINC00240,,1.0,1.0,0.0,False,Hepatocyte
ZSCAN16-AS1,0.07547963188252362,3.561511082923896e-05,0.0024128775848661346,15.842722,False,Hepatocyte
HCG14,,1.0,1.0,0.0,False,Hepatocyte
HCG15,-0.011029093171901937,0.5463422146033132,1.0,13.2860775,False,Hepatocyte
HCG9,,1.0,1.0,0.0,False,Hepatocyte
HCG17,0.026975279656300904,0.14003227918229963,1.0,12.446194,False,Hepatocyte
HCG18,0.054645208212490644,0.0027803537136160553,0.1043237067326372,2.8699043,False,Hepatocyte
MDC1-AS1,,1.0,1.0,0.0,False,Hepatocyte
HCG20,0.0059746420003293586,0.7438315545935773,1.0,13.2661705,False,Hepatocyte
HCG21,,1.0,1.0,0.0,False,Hepatocyte
HCG22,,1.0,1.0,0.0,False,Hepatocyte
HCG27,-0.03145758710989593,0.08525331643012489,1.0,1.9773467,False,Hepatocyte
LINC01149,,1.0,1.0,0.0,False,Hepatocyte
DDX39B-AS1,,1.0,1.0,0.0,False,Hepatocyte
C6orf47-AS1,,1.0,1.0,0.0,False,Hepatocyte
SAPCD1-AS1,0.03141027887701696,0.08572425638624781,1.0,14.127998,False,Hepatocyte
HLA-DQB1-AS1,,1.0,1.0,0.0,False,Hepatocyte
HCG24,,1.0,1.0,0.0,False,Hepatocyte
HCG25,,1.0,1.0,0.0,False,Hepatocyte
GGNBP1,,1.0,1.0,0.0,False,Hepatocyte
LINC00336,,1.0,1.0,0.0,False,Hepatocyte
BTBD9-AS1,,1.0,1.0,0.0,False,Hepatocyte
LINC00951,,1.0,1.0,0.0,False,Hepatocyte
TRAM2-AS1,0.029700190964362938,0.10420546114063944,1.0,13.110386,False,Hepatocyte
LINC00472,,1.0,1.0,0.0,False,Hepatocyte
KCNQ5-AS1,,1.0,1.0,0.0,False,Hepatocyte
HMGN3-AS1,,1.0,1.0,0.0,False,Hepatocyte
LINC00222,,1.0,1.0,0.0,False,Hepatocyte
TRAF3IP2-AS1,-0.002800730232666749,0.8782522759456857,1.0,15.040556,False,Hepatocyte
LINC01013,,1.0,1.0,0.0,False,Hepatocyte
LINC01010,0.017141093031306846,0.3484529797586335,1.0,12.973352,False,Hepatocyte
STXBP5-AS1,0.025469347463498007,0.1635405927377143,1.0,13.303188,False,Hepatocyte
EZR-AS1,,1.0,1.0,0.0,False,Hepatocyte
AIRN,,1.0,1.0,0.0,False,Hepatocyte
CAHM,0.005709489051885412,0.754827126334659,1.0,15.099787,False,Hepatocyte
KIF25-AS1,,1.0,1.0,0.0,False,Hepatocyte
LINC00242,,1.0,1.0,0.0,False,Hepatocyte
LINC00574,,1.0,1.0,0.0,False,Hepatocyte
PSMG3-AS1,,1.0,1.0,0.0,False,Hepatocyte
KIAA0087,,1.0,1.0,0.0,False,Hepatocyte
HOTAIRM1,-0.06255223586576117,0.0006156511899791843,0.03125335158541389,1.3433452,False,Hepatocyte
HOXA-AS2,0.013779679039551374,0.4510234287412788,1.0,13.119886,False,Hepatocyte
HOXA-AS3,,1.0,1.0,0.0,False,Hepatocyte
HOXA10-AS,,1.0,1.0,0.0,False,Hepatocyte
HOXA11-AS,,1.0,1.0,0.0,False,Hepatocyte
HOTTIP,,1.0,1.0,0.0,False,Hepatocyte
JAZF1-AS1,0.025071888696624633,0.17021519374927188,1.0,12.723531,False,Hepatocyte
ELMO1-AS1,0.02486040081221616,0.17384890475354495,1.0,13.022743,False,Hepatocyte
POU6F2-AS1,,1.0,1.0,0.0,False,Hepatocyte
LINC00265,0.018835958275900185,0.30286134526214337,1.0,13.222542,False,Hepatocyte
INHBA-AS1,,1.0,1.0,0.0,False,Hepatocyte
LINC00957,0.03764297465733761,0.039437022151325905,0.6806830023318851,13.196499,False,Hepatocyte
SNHG15,0.047658207820965595,0.009103865518392302,0.2534398691087921,14.817113,False,Hepatocyte
LINC00525,,1.0,1.0,0.0,False,Hepatocyte
LINC00174,-0.004885388646249522,0.7893105515201644,1.0,13.145876,False,Hepatocyte
TP53TG1,0.0753945359747706,3.634693928535313e-05,0.0024128775848661346,16.074558,False,Hepatocyte
PCOLCE-AS1,0.004642159062766012,0.7995709345053489,1.0,12.917178,False,Hepatocyte
NFE4,-0.016486802684795413,0.36716286381942753,1.0,2.107834,False,Hepatocyte
LINC01004,0.038494759478040395,0.03518382427062036,0.6460349009690505,13.804446,False,Hepatocyte
KMT2E-AS1,0.01461447461085838,0.4240726349877144,1.0,3.227636,False,Hepatocyte
SLC26A4-AS1,,1.0,1.0,0.0,False,Hepatocyte
ST7-AS1,,1.0,1.0,0.0,False,Hepatocyte
ST7-OT4,,1.0,1.0,0.0,False,Hepatocyte
ST7-AS2,,1.0,1.0,0.0,False,Hepatocyte
POT1-AS1,,1.0,1.0,0.0,False,Hepatocyte
LINC-PINT,-0.019136810241201486,0.29520282518299995,1.0,1.3167956,False,Hepatocyte
NDUFB2-AS1,-0.008660428866527025,0.6357226712193542,1.0,13.127943,False,Hepatocyte
WEE2-AS1,,1.0,1.0,0.0,False,Hepatocyte
TRBV11-2,,1.0,1.0,0.0,False,Hepatocyte
EPHA1-AS1,0.02597092700482387,0.15540129804209962,1.0,13.544331,False,Hepatocyte
OR2A1-AS1,,1.0,1.0,0.0,False,Hepatocyte
ATP6V0E2-AS1,,1.0,1.0,0.0,False,Hepatocyte
LINC00996,0.03925298817203315,0.031733265484543235,0.622404729844564,14.024178,False,Hepatocyte
PRKAG2-AS1,0.021593693596362117,0.2375247495392794,1.0,14.572695,False,Hepatocyte
LINC01003,0.029491258609236716,0.10666551478455845,1.0,15.445347,False,Hepatocyte
PAXIP1-AS2,0.028339263907440487,0.12106562756605814,1.0,14.165497,False,Hepatocyte
BLACE,,1.0,1.0,0.0,False,Hepatocyte
MNX1-AS2,,1.0,1.0,0.0,False,Hepatocyte
MNX1-AS1,,1.0,1.0,0.0,False,Hepatocyte
LINC00685,0.008897650550962706,0.6264970753891124,1.0,13.127989,False,Hepatocyte
LINC00106,,1.0,1.0,0.0,False,Hepatocyte
ASMTL-AS1,,1.0,1.0,0.0,False,Hepatocyte
LINC00102,0.02587554265737684,0.15692498847488845,1.0,12.400822,False,Hepatocyte
ARSD-AS1,,1.0,1.0,0.0,False,Hepatocyte
PRKX-AS1,,1.0,1.0,0.0,False,Hepatocyte
WWC3-AS1,,1.0,1.0,0.0,False,Hepatocyte
TLR8-AS1,0.020907312933708597,0.25277202770625273,1.0,12.856564,False,Hepatocyte
PHKA2-AS1,,1.0,1.0,0.0,False,Hepatocyte
ZFX-AS1,,1.0,1.0,0.0,False,Hepatocyte
GK-AS1,,1.0,1.0,0.0,False,Hepatocyte
TAB3-AS2,,1.0,1.0,0.0,False,Hepatocyte
MID1IP1-AS1,,1.0,1.0,0.0,False,Hepatocyte
CASK-AS1,,1.0,1.0,0.0,False,Hepatocyte
ZNF674-AS1,0.015835867701547216,0.38638549843692327,1.0,14.245071,False,Hepatocyte
UXT-AS1,0.005673165045256137,0.7563373708403242,1.0,13.035766,False,Hepatocyte
ZNF630-AS1,,1.0,1.0,0.0,False,Hepatocyte
SYP-AS1,,1.0,1.0,0.0,False,Hepatocyte
SPIN4-AS1,,1.0,1.0,0.0,False,Hepatocyte
IGBP1-AS2,,1.0,1.0,0.0,False,Hepatocyte
IGBP1-AS1,,1.0,1.0,0.0,False,Hepatocyte
DLG3-AS1,,1.0,1.0,0.0,False,Hepatocyte
TSIX,0.04624865454130316,0.011376825770902616,0.2975212315239078,13.588779,False,Hepatocyte
XIST,0.21924436918845366,6.524838596003272e-34,2.8154678541754117e-31,4.1840377,False,Hepatocyte
JPX,0.05216972464413694,0.004298982741372703,0.14269315791556317,2.153643,False,Hepatocyte
FTX,0.009217421402848026,0.6141531972495956,1.0,2.2940588,False,Hepatocyte
DIAPH2-AS1,,1.0,1.0,0.0,False,Hepatocyte
ARMCX3-AS1,,1.0,1.0,0.0,False,Hepatocyte
NXF5,,1.0,1.0,0.0,False,Hepatocyte
LINC00630,0.02039800645119735,0.2645175893439213,1.0,13.0180645,False,Hepatocyte
TCEAL3-AS1,,1.0,1.0,0.0,False,Hepatocyte
MORF4L2-AS1,0.019318579137059057,0.29063907381423976,1.0,13.164957,False,Hepatocyte
ALG13-AS1,,1.0,1.0,0.0,False,Hepatocyte
XIAP-AS1,,1.0,1.0,0.0,False,Hepatocyte
RAP2C-AS1,0.01728574638131259,0.34439971967356475,1.0,13.511998,False,Hepatocyte
MIR503HG,-0.013673282931031492,0.45452663277731253,1.0,14.262535,False,Hepatocyte
LINC00629,,1.0,1.0,0.0,False,Hepatocyte
FGF13-AS1,,1.0,1.0,0.0,False,Hepatocyte
LINC00632,,1.0,1.0,0.0,False,Hepatocyte
HCFC1-AS1,,1.0,1.0,0.0,False,Hepatocyte
TMLHE-AS1,0.013331086592896462,0.46589710351301106,1.0,14.238356,False,Hepatocyte
WASIR1,,1.0,1.0,0.0,False,Hepatocyte
FAM87A,,1.0,1.0,0.0,False,Hepatocyte
KBTBD11-OT1,,1.0,1.0,0.0,False,Hepatocyte
GS1-24F4.2,,1.0,1.0,0.0,False,Hepatocyte
FAM66B,,1.0,1.0,0.0,False,Hepatocyte
FAM66E,,1.0,1.0,0.0,False,Hepatocyte
FAM85B,0.006927848481164631,0.7047469026482297,1.0,13.254572,False,Hepatocyte
FAM66D,,1.0,1.0,0.0,False,Hepatocyte
EXTL3-AS1,-0.0119300267526714,0.5140584588214147,1.0,13.210157,False,Hepatocyte
RBPMS-AS1,,1.0,1.0,0.0,False,Hepatocyte
LINC00968,0.007496039549258476,0.6818069030478252,1.0,13.122494,False,Hepatocyte
C8orf44,-0.019491069468321187,0.28635237879066683,1.0,14.123363,False,Hepatocyte
STAU2-AS1,,1.0,1.0,0.0,False,Hepatocyte
LINC01111,,1.0,1.0,0.0,False,Hepatocyte
LINC00534,,1.0,1.0,0.0,False,Hepatocyte
LINC01030,0.0028868096221756753,0.8745409194934181,1.0,13.195748,False,Hepatocyte
RAD21-AS1,,1.0,1.0,0.0,False,Hepatocyte
HAS2-AS1,,1.0,1.0,0.0,False,Hepatocyte
LINC01151,,1.0,1.0,0.0,False,Hepatocyte
FAM83A-AS1,,1.0,1.0,0.0,False,Hepatocyte
LINC00964,,1.0,1.0,0.0,False,Hepatocyte
LINC00861,0.10602300707043073,6.0531284149859824e-09,1.741283274044301e-06,16.881199,False,Hepatocyte
PCAT1,0.02192678154682433,0.2303643285301916,1.0,13.71992,False,Hepatocyte
CASC19,,1.0,1.0,0.0,False,Hepatocyte
CASC8,,1.0,1.0,0.0,False,Hepatocyte
CASC11,,1.0,1.0,0.0,False,Hepatocyte
CCDC26,,1.0,1.0,0.0,False,Hepatocyte
ZFAT-AS1,,1.0,1.0,0.0,False,Hepatocyte
RHPN1-AS1,,1.0,1.0,0.0,False,Hepatocyte
ZNF252P-AS1,-0.00281169041659234,0.8777795717034673,1.0,15.233555,False,Hepatocyte
CDKN2B-AS1,,1.0,1.0,0.0,False,Hepatocyte
FAM201A,,1.0,1.0,0.0,False,Hepatocyte
FAM74A6,-0.004092290563303978,0.8228917942981219,1.0,13.308533,False,Hepatocyte
FAM74A4,,1.0,1.0,0.0,False,Hepatocyte
FAM27E3,,1.0,1.0,0.0,False,Hepatocyte
PGM5-AS1,,1.0,1.0,0.0,False,Hepatocyte
MAMDC2-AS1,,1.0,1.0,0.0,False,Hepatocyte
PCA3,,1.0,1.0,0.0,False,Hepatocyte
VPS13A-AS1,,1.0,1.0,0.0,False,Hepatocyte
LINC00484,-0.02039800645119735,0.2645175893439213,1.0,13.214003,False,Hepatocyte
PCAT7,,1.0,1.0,0.0,False,Hepatocyte
LINC00092,,1.0,1.0,0.0,False,Hepatocyte
FAM225B,,1.0,1.0,0.0,False,Hepatocyte
FAM225A,0.016125951186146167,0.37774440834070055,1.0,12.817253,False,Hepatocyte
PAPPA-AS1,,1.0,1.0,0.0,False,Hepatocyte
GSN-AS1,-0.019292441030457592,0.29129239810201724,1.0,13.262003,False,Hepatocyte
MIR181A2HG,,1.0,1.0,0.0,False,Hepatocyte
ODF2-AS1,,1.0,1.0,0.0,False,Hepatocyte
HMGA1P4,0.015560337040108943,0.39470378281240753,1.0,14.176398,False,Hepatocyte
DBH-AS1,,1.0,1.0,0.0,False,Hepatocyte
PPP1R26-AS1,,1.0,1.0,0.0,False,Hepatocyte
C9orf163,,1.0,1.0,0.0,False,Hepatocyte
SNHG7,0.08827109529438534,1.3155009637928687e-06,0.0001621824759647494,16.801693,False,Hepatocyte
CCDC183-AS1,,1.0,1.0,0.0,False,Hepatocyte
IDI2-AS1,-0.020694818819848942,0.25762762124183647,1.0,14.22975,False,Hepatocyte
LINC00200,,1.0,1.0,0.0,False,Hepatocyte
LINC00702,,1.0,1.0,0.0,False,Hepatocyte
PRKCQ-AS1,0.09833012924256464,6.999000834672778e-08,1.2080275440645215e-05,16.972145,False,Hepatocyte
LINC00707,,1.0,1.0,0.0,False,Hepatocyte
GATA3-AS1,,1.0,1.0,0.0,False,Hepatocyte
SFTA1P,,1.0,1.0,0.0,False,Hepatocyte
CELF2-AS1,,1.0,1.0,0.0,False,Hepatocyte
PROSER2-AS1,,1.0,1.0,0.0,False,Hepatocyte
VIM-AS1,0.03702726106960184,0.04277645042327856,0.7099245522171037,1.4769723,False,Hepatocyte
ST8SIA6-AS1,-0.021117065258186164,0.24804195141212285,1.0,13.234367,False,Hepatocyte
NEBL-AS1,,1.0,1.0,0.0,False,Hepatocyte
GPR158-AS1,,1.0,1.0,0.0,False,Hepatocyte
WAC-AS1,0.008752318475782088,0.6321422554834976,1.0,2.051943,False,Hepatocyte
LINC00838,0.021878421642056674,0.23139429914105417,1.0,12.69323,False,Hepatocyte
LINC00839,,1.0,1.0,0.0,False,Hepatocyte
ZNF32-AS1,,1.0,1.0,0.0,False,Hepatocyte
ZNF32-AS2,,1.0,1.0,0.0,False,Hepatocyte
TMEM72-AS1,,1.0,1.0,0.0,False,Hepatocyte
LINC00842,,1.0,1.0,0.0,False,Hepatocyte
PRKG1-AS1,,1.0,1.0,0.0,False,Hepatocyte
LINC00844,,1.0,1.0,0.0,False,Hepatocyte
JMJD1C-AS1,-0.008174006732387534,0.6548161765399765,1.0,13.521091,False,Hepatocyte
UNC5B-AS1,,1.0,1.0,0.0,False,Hepatocyte
DNAJC9-AS1,,1.0,1.0,0.0,False,Hepatocyte
C10orf55,,1.0,1.0,0.0,False,Hepatocyte
ZNF503-AS1,,1.0,1.0,0.0,False,Hepatocyte
DLG5-AS1,,1.0,1.0,0.0,False,Hepatocyte
LINC00595,,1.0,1.0,0.0,False,Hepatocyte
ZMIZ1-AS1,,1.0,1.0,0.0,False,Hepatocyte
TMEM254-AS1,,1.0,1.0,0.0,False,Hepatocyte
NUTM2A-AS1,0.03325663443309365,0.06884100385571436,1.0,15.274042,False,Hepatocyte
LINC00863,-0.027926975136139037,0.12657390358229828,1.0,13.246479,False,Hepatocyte
ACTA2-AS1,,1.0,1.0,0.0,False,Hepatocyte
LINC00865,,1.0,1.0,0.0,False,Hepatocyte
ENTPD1-AS1,0.02863561748735338,0.11722340470825904,1.0,13.763145,False,Hepatocyte
DNMBP-AS1,,1.0,1.0,0.0,False,Hepatocyte
KCNIP2-AS1,,1.0,1.0,0.0,False,Hepatocyte
PDCD4-AS1,-0.05835132445481709,0.0014020702359584332,0.05761841017295847,2.182901,False,Hepatocyte
CASC2,,1.0,1.0,0.0,False,Hepatocyte
LINC00867,,1.0,1.0,0.0,False,Hepatocyte
FAM53B-AS1,,1.0,1.0,0.0,False,Hepatocyte
EDRF1-AS1,,1.0,1.0,0.0,False,Hepatocyte
LINC00601,,1.0,1.0,0.0,False,Hepatocyte
LINC01166,,1.0,1.0,0.0,False,Hepatocyte
MIR202HG,,1.0,1.0,0.0,False,Hepatocyte
LINC01001,0.01141801698137113,0.532283311228951,1.0,1.0522727,False,Hepatocyte
MIR210HG,,1.0,1.0,0.0,False,Hepatocyte
KRTAP5-AS1,,1.0,1.0,0.0,False,Hepatocyte
FAM99B,,1.0,1.0,0.0,False,Hepatocyte
LINC01150,,1.0,1.0,0.0,False,Hepatocyte
MRPL23-AS1,,1.0,1.0,0.0,False,Hepatocyte
KCNQ1OT1,0.03041272972459424,0.09615297528135483,1.0,15.270369,False,Hepatocyte
KCNQ1-AS1,,1.0,1.0,0.0,False,Hepatocyte
SLC22A18AS,-0.01454984926440095,0.4261247997335953,1.0,14.142367,False,Hepatocyte
RRM1-AS1,,1.0,1.0,0.0,False,Hepatocyte
TMEM9B-AS1,0.017331432127274473,0.34312585575236515,1.0,12.914116,False,Hepatocyte
SBF2-AS1,0.03103584703694361,0.08952617481140386,1.0,12.485804,False,Hepatocyte
ZBED5-AS1,0.030484785180347498,0.09536716655130663,1.0,14.521557,False,Hepatocyte
LINC00958,0.011622335508555206,0.5249716226612042,1.0,15.133344,False,Hepatocyte
NAV2-AS3,,1.0,1.0,0.0,False,Hepatocyte
NAV2-AS2,,1.0,1.0,0.0,False,Hepatocyte
BDNF-AS,,1.0,1.0,0.0,False,Hepatocyte
LINC00678,,1.0,1.0,0.0,False,Hepatocyte
WT1-AS,,1.0,1.0,0.0,False,Hepatocyte
ALKBH3-AS1,,1.0,1.0,0.0,False,Hepatocyte
LRP4-AS1,,1.0,1.0,0.0,False,Hepatocyte
NEAT1,-0.45962403047245537,2.083439751279705e-156,1.7980085053543855e-153,0.5192592,False,Hepatocyte
MALAT1,-0.007522659502850816,0.6807391317711969,1.0,0.16313338,False,Hepatocyte
SHANK2-AS1,,1.0,1.0,0.0,False,Hepatocyte
SHANK2-AS3,,1.0,1.0,0.0,False,Hepatocyte
ARAP1-AS1,,1.0,1.0,0.0,False,Hepatocyte
ARAP1-AS2,,1.0,1.0,0.0,False,Hepatocyte
KCTD21-AS1,0.033275726235316605,0.0686818467394155,1.0,13.180176,False,Hepatocyte
SCARNA9,0.01685434785073573,0.3565768728506092,1.0,13.23916,False,Hepatocyte
COLCA1,,1.0,1.0,0.0,False,Hepatocyte
NCAM1-AS1,,1.0,1.0,0.0,False,Hepatocyte
LINC00900,,1.0,1.0,0.0,False,Hepatocyte
APOA1-AS,,1.0,1.0,0.0,False,Hepatocyte
USP2-AS1,,1.0,1.0,0.0,False,Hepatocyte
SENCR,0.004189776015770976,0.818745214680982,1.0,2.2682223,False,Hepatocyte
LINC00940,,1.0,1.0,0.0,False,Hepatocyte
CACNA1C-AS2,,1.0,1.0,0.0,False,Hepatocyte
CACNA1C-AS1,,1.0,1.0,0.0,False,Hepatocyte
CCND2-AS1,,1.0,1.0,0.0,False,Hepatocyte
CD27-AS1,-0.004363680550017173,0.8113607604600558,1.0,13.244034,False,Hepatocyte
C1RL-AS1,-0.0011580881255914125,0.9494948117732321,1.0,14.678697,False,Hepatocyte
FAM66C,0.04304635615706737,0.018498029406929132,0.4200999836363116,13.394544,False,Hepatocyte
LINC00937,0.07543715989197866,3.597860591340305e-05,0.0024128775848661346,3.0065184,False,Hepatocyte
A2ML1-AS2,,1.0,1.0,0.0,False,Hepatocyte
A2M-AS1,0.09124895023451784,5.695632043413859e-07,8.1922174224436e-05,16.42505,False,Hepatocyte
LINC00987,0.0637046776038389,0.00048692977112935475,0.026263774530289573,14.8678875,False,Hepatocyte
LOH12CR2,0.011983924004584397,0.5121590485744745,1.0,2.8559299,False,Hepatocyte
RASSF8-AS1,,1.0,1.0,0.0,False,Hepatocyte
OVCH1-AS1,0.013429159344611637,0.46262230241519225,1.0,13.181644,False,Hepatocyte
LINC00941,,1.0,1.0,0.0,False,Hepatocyte
DDX11-AS1,,1.0,1.0,0.0,False,Hepatocyte
DENND5B-AS1,,1.0,1.0,0.0,False,Hepatocyte
LINC00938,0.022671599201572995,0.2149111905016824,1.0,14.234314,False,Hepatocyte
BCDIN3D-AS1,,1.0,1.0,0.0,False,Hepatocyte
LINC00592,,1.0,1.0,0.0,False,Hepatocyte
HOXC-AS2,,1.0,1.0,0.0,False,Hepatocyte
AGAP2-AS1,,1.0,1.0,0.0,False,Hepatocyte
IFNG-AS1,0.03878165220015606,0.0338423182225818,0.6349113179584368,13.03517,False,Hepatocyte
CLLU1,,1.0,1.0,0.0,False,Hepatocyte
TMPO-AS1,0.0443749325826338,0.015171227668454844,0.3740791279393294,13.353958,False,Hepatocyte
LINC00485,,1.0,1.0,0.0,False,Hepatocyte
CASC18,,1.0,1.0,0.0,False,Hepatocyte
USP30-AS1,0.04068945787113929,0.025986335617600782,0.5469806740973042,13.087736,False,Hepatocyte
FAM222A-AS1,,1.0,1.0,0.0,False,Hepatocyte
MAPKAPK5-AS1,0.07744934970080875,2.2110754207700013e-05,0.001908158088124511,16.151312,False,Hepatocyte
PXN-AS1,0.03813864823451777,0.036911865724772085,0.6501008187852716,12.975554,False,Hepatocyte
HNF1A-AS1,,1.0,1.0,0.0,False,Hepatocyte
DNAH10OS,,1.0,1.0,0.0,False,Hepatocyte
LINC00939,,1.0,1.0,0.0,False,Hepatocyte
LINC00943,,1.0,1.0,0.0,False,Hepatocyte
LINC00944,0.03040138338371819,0.09627718469967957,1.0,12.756002,False,Hepatocyte
LINC00507,,1.0,1.0,0.0,False,Hepatocyte
LINC01072,,1.0,1.0,0.0,False,Hepatocyte
LATS2-AS1,0.019805840374853622,0.27864026991012053,1.0,13.206335,False,Hepatocyte
LINC00621,,1.0,1.0,0.0,False,Hepatocyte
LINC00327,-0.009083404635343973,0.61931352476014,1.0,13.228756,False,Hepatocyte
SPATA13,0.04917198523325756,0.007122318915953956,0.20488537414894212,1.1107123,False,Hepatocyte
SPATA13-AS1,,1.0,1.0,0.0,False,Hepatocyte
WASF3-AS1,,1.0,1.0,0.0,False,Hepatocyte
LINC00412,,1.0,1.0,0.0,False,Hepatocyte
LINC00543,,1.0,1.0,0.0,False,Hepatocyte
PAN3-AS1,0.013270332147644762,0.46793222671800794,1.0,14.143825,False,Hepatocyte
MTUS2-AS1,,1.0,1.0,0.0,False,Hepatocyte
LINC00544,,1.0,1.0,0.0,False,Hepatocyte
LINC00384,,1.0,1.0,0.0,False,Hepatocyte
LINC00427,,1.0,1.0,0.0,False,Hepatocyte
LINC00426,0.05901162337737151,0.001236029198714546,0.05614174728898175,14.923723,False,Hepatocyte
LINC01058,,1.0,1.0,0.0,False,Hepatocyte
LINC00398,,1.0,1.0,0.0,False,Hepatocyte
TEX26-AS1,,1.0,1.0,0.0,False,Hepatocyte
LINC00545,,1.0,1.0,0.0,False,Hepatocyte
FRY-AS1,0.011870823519280276,0.516149071807738,1.0,13.803041,False,Hepatocyte
LINC01048,,1.0,1.0,0.0,False,Hepatocyte
LINC00571,,1.0,1.0,0.0,False,Hepatocyte
LINC00332,,1.0,1.0,0.0,False,Hepatocyte
LINC00598,,1.0,1.0,0.0,False,Hepatocyte
LINC01050,,1.0,1.0,0.0,False,Hepatocyte
SMIM2-AS1,-0.023697217447969553,0.19487489767169247,1.0,13.212462,False,Hepatocyte
LINC00407,,1.0,1.0,0.0,False,Hepatocyte
LINC00330,-0.0027599168915305905,0.8800129040155993,1.0,13.124601,False,Hepatocyte
TPT1-AS1,0.03146689721029101,0.08516088370559534,1.0,15.751783,False,Hepatocyte
SLC25A30-AS1,0.031120442190707,0.08865555332814658,1.0,12.561972,False,Hepatocyte
CPB2-AS1,-0.02213220710334684,0.22602548856069632,1.0,13.178712,False,Hepatocyte
LINC00563,,1.0,1.0,0.0,False,Hepatocyte
LINC00562,0.020694089489369218,0.25764439740402045,1.0,12.890524,False,Hepatocyte
SUCLA2-AS1,,1.0,1.0,0.0,False,Hepatocyte
MED4-AS1,,1.0,1.0,0.0,False,Hepatocyte
LINC00462,,1.0,1.0,0.0,False,Hepatocyte
DLEU1,0.050010613694612516,0.006199785859017862,0.1844970757356005,14.120794,False,Hepatocyte
RNASEH2B-AS1,0.024839252023775314,0.1742154375602723,1.0,12.949009,False,Hepatocyte
INTS6-AS1,0.025870357873710125,0.15700813459019733,1.0,14.145342,False,Hepatocyte
LINC00355,,1.0,1.0,0.0,False,Hepatocyte
PCDH9-AS1,,1.0,1.0,0.0,False,Hepatocyte
LINC00393,,1.0,1.0,0.0,False,Hepatocyte
LINC00402,0.025706352349850057,0.15965548015414083,1.0,13.174627,False,Hepatocyte
LINC00381,,1.0,1.0,0.0,False,Hepatocyte
MYCBP2-AS1,,1.0,1.0,0.0,False,Hepatocyte
EDNRB-AS1,,1.0,1.0,0.0,False,Hepatocyte
RBM26-AS1,,1.0,1.0,0.0,False,Hepatocyte
LINC01068,,1.0,1.0,0.0,False,Hepatocyte
LINC00333,,1.0,1.0,0.0,False,Hepatocyte
MIR4500HG,,1.0,1.0,0.0,False,Hepatocyte
LINC00379,,1.0,1.0,0.0,False,Hepatocyte
LINC00359,,1.0,1.0,0.0,False,Hepatocyte
FARP1-AS1,0.0016694283889359058,0.9272472310767558,1.0,13.19696,False,Hepatocyte
STK24-AS1,0.02663762811428053,0.14506306922475107,1.0,13.291763,False,Hepatocyte
DOCK9-AS1,,1.0,1.0,0.0,False,Hepatocyte
UBAC2-AS1,0.029745770942051917,0.1036748163568081,1.0,12.394463,False,Hepatocyte
LINC00449,0.02164578496920735,0.23639468812805692,1.0,13.072503,False,Hepatocyte
CLYBL-AS1,,1.0,1.0,0.0,False,Hepatocyte
PCCA-AS1,,1.0,1.0,0.0,False,Hepatocyte
NALCN-AS1,,1.0,1.0,0.0,False,Hepatocyte
FGF14-AS2,,1.0,1.0,0.0,False,Hepatocyte
LINC00551,,1.0,1.0,0.0,False,Hepatocyte
LINC00399,,1.0,1.0,0.0,False,Hepatocyte
COL4A2-AS2,,1.0,1.0,0.0,False,Hepatocyte
COL4A2-AS1,,1.0,1.0,0.0,False,Hepatocyte
ATP11A-AS1,0.004261480870830758,0.8156984463296352,1.0,13.069996,False,Hepatocyte
MCF2L-AS1,,1.0,1.0,0.0,False,Hepatocyte
GAS6-AS1,,1.0,1.0,0.0,False,Hepatocyte
LINC01054,,1.0,1.0,0.0,False,Hepatocyte
PRMT5-AS1,0.026194243567459207,0.15187792509130305,1.0,13.52082,False,Hepatocyte
DHRS4-AS1,,1.0,1.0,0.0,False,Hepatocyte
ARHGAP5-AS1,,1.0,1.0,0.0,False,Hepatocyte
PTCSC3,,1.0,1.0,0.0,False,Hepatocyte
SFTA3,,1.0,1.0,0.0,False,Hepatocyte
SLC25A21-AS1,,1.0,1.0,0.0,False,Hepatocyte
LINC00639,0.018786482113150225,0.30413334743329246,1.0,1.8667364,False,Hepatocyte
LINC00871,,1.0,1.0,0.0,False,Hepatocyte
LINC00648,,1.0,1.0,0.0,False,Hepatocyte
LINC00640,,1.0,1.0,0.0,False,Hepatocyte
KTN1-AS1,0.037450288842434364,0.04045745998999243,0.6846036857130091,13.222542,False,Hepatocyte
OTX2-AS1,,1.0,1.0,0.0,False,Hepatocyte
HIF1A-AS1,,1.0,1.0,0.0,False,Hepatocyte
ADAM20P1,0.030528276114363276,0.0948953645109238,1.0,12.438337,False,Hepatocyte
C14orf178,,1.0,1.0,0.0,False,Hepatocyte
DIO2-AS1,,1.0,1.0,0.0,False,Hepatocyte
FOXN3-AS1,0.012323621005880227,0.500272403844462,1.0,14.1178665,False,Hepatocyte
FOXN3-AS2,,1.0,1.0,0.0,False,Hepatocyte
LINC00642,,1.0,1.0,0.0,False,Hepatocyte
ITPK1-AS1,,1.0,1.0,0.0,False,Hepatocyte
DICER1-AS1,0.022555733743783578,0.21726478449103953,1.0,14.763411,False,Hepatocyte
SNHG10,-0.007677587149059168,0.6745374672935097,1.0,14.194937,False,Hepatocyte
MEG3,0.0432074170901733,0.0180633584323624,0.4200999836363116,14.096514,False,Hepatocyte
MEG8,,1.0,1.0,0.0,False,Hepatocyte
MEG9,,1.0,1.0,0.0,False,Hepatocyte
DIO3OS,,1.0,1.0,0.0,False,Hepatocyte
LINC00677,,1.0,1.0,0.0,False,Hepatocyte
LINC00638,0.027334809059795306,0.13482415609342663,1.0,12.454724,False,Hepatocyte
LINC00226,,1.0,1.0,0.0,False,Hepatocyte
LINC00221,,1.0,1.0,0.0,False,Hepatocyte
PWRN1,,1.0,1.0,0.0,False,Hepatocyte
LINC00929,,1.0,1.0,0.0,False,Hepatocyte
GOLGA8M,0.020186518566788877,0.26950369763613685,1.0,13.099377,False,Hepatocyte
LINC00926,-0.0008021524094218547,0.9650053043375618,1.0,13.204052,False,Hepatocyte
USP3-AS1,0.030908954306298527,0.09084499567166232,1.0,12.484226,False,Hepatocyte
IQCH-AS1,0.012762709270157416,0.48512729143334127,1.0,13.284836,False,Hepatocyte
HEXA-AS1,,1.0,1.0,0.0,False,Hepatocyte
ADPGK-AS1,0.015126736607034195,0.4080113719931226,1.0,13.153721,False,Hepatocyte
LOXL1-AS1,-0.017573491325329895,0.33642676979630837,1.0,14.083183,False,Hepatocyte
DNM1P35,,1.0,1.0,0.0,False,Hepatocyte
ST20,-0.027026194646797046,0.13928546266318612,1.0,1.3632761,False,Hepatocyte
PRC1-AS1,,1.0,1.0,0.0,False,Hepatocyte
LINC00924,-0.008977660693139735,0.6233984971160054,1.0,13.27916,False,Hepatocyte
NR2F2-AS1,,1.0,1.0,0.0,False,Hepatocyte
SPATA8,,1.0,1.0,0.0,False,Hepatocyte
LINC00923,,1.0,1.0,0.0,False,Hepatocyte
SPATA41,0.025071888696624633,0.17021519374927188,1.0,12.723531,False,Hepatocyte
WASIR2,,1.0,1.0,0.0,False,Hepatocyte
SNHG9,0.0016900913583342673,0.9263492952525764,1.0,3.302233,False,Hepatocyte
SRRM2-AS1,-0.023253092890711754,0.20337640444601232,1.0,13.008792,False,Hepatocyte
BCAR4,,1.0,1.0,0.0,False,Hepatocyte
IL21R-AS1,,1.0,1.0,0.0,False,Hepatocyte
FBXL19-AS1,,1.0,1.0,0.0,False,Hepatocyte
CRNDE,,1.0,1.0,0.0,False,Hepatocyte
LINC00920,0.03122618613291124,0.0875768810435991,1.0,12.2308235,False,Hepatocyte
VAC14-AS1,,1.0,1.0,0.0,False,Hepatocyte
LINC00311,,1.0,1.0,0.0,False,Hepatocyte
FENDRR,,1.0,1.0,0.0,False,Hepatocyte
SNAI3-AS1,,1.0,1.0,0.0,False,Hepatocyte
LINC00304,,1.0,1.0,0.0,False,Hepatocyte
VPS9D1-AS1,,1.0,1.0,0.0,False,Hepatocyte
PITPNA-AS1,0.05186819747377533,0.004528047031076535,0.1447297995488537,14.836094,False,Hepatocyte
MIR22HG,-0.0261906992666116,0.15193336637958332,1.0,2.2084,False,Hepatocyte
MIR497HG,,1.0,1.0,0.0,False,Hepatocyte
LINC00324,0.055154384784165095,0.002536562241226582,0.09950241882629729,16.533108,False,Hepatocyte
MPRIP-AS1,0.03035874636105351,0.09674508357949947,1.0,13.159247,False,Hepatocyte
SMCR2,,1.0,1.0,0.0,False,Hepatocyte
RAI1-AS1,,1.0,1.0,0.0,False,Hepatocyte
SMCR5,0.004832498158733639,0.7915386428073459,1.0,13.235165,False,Hepatocyte
FAM106A,-0.014666684783727697,0.4224189382287173,1.0,13.123926,False,Hepatocyte
ZNF286B,0.022622791143216265,0.21590038794017521,1.0,13.245604,False,Hepatocyte
TRIM16L,0.021878421642056674,0.23139429914105417,1.0,12.69323,False,Hepatocyte
EPN2-AS1,-0.018346573972435148,0.31559888653918805,1.0,13.16927,False,Hepatocyte
CCDC144NL,,1.0,1.0,0.0,False,Hepatocyte
UBBP4,0.02940739032699836,0.10766586191657042,1.0,12.85228,False,Hepatocyte
RAMP2-AS1,0.003068167959507615,0.8667306814693798,1.0,13.296133,False,Hepatocyte
LINC00671,0.051529433861477174,0.0047985383098898896,0.14789780576553482,14.771467,False,Hepatocyte
LINC00910,0.012747806384108804,0.48563722345517685,1.0,14.210488,False,Hepatocyte
FAM215A,,1.0,1.0,0.0,False,Hepatocyte
ASB16-AS1,-0.0011915643618892937,0.9480369209636887,1.0,2.7676988,False,Hepatocyte
MAP3K14-AS1,,1.0,1.0,0.0,False,Hepatocyte
KANSL1-AS1,0.02233996908131805,0.22169691465973768,1.0,15.898809,False,Hepatocyte
HOXB-AS1,0.012101810776350665,0.5080173518131912,1.0,13.204575,False,Hepatocyte
HOXB-AS3,,1.0,1.0,0.0,False,Hepatocyte
HOXB-AS2,,1.0,1.0,0.0,False,Hepatocyte
TBC1D3P1-DHX40P1,,1.0,1.0,0.0,False,Hepatocyte
KCNJ2-AS1,-0.008024066349914349,0.6607483292116726,1.0,15.50316,False,Hepatocyte
LINC01152,,1.0,1.0,0.0,False,Hepatocyte
LINC00511,,1.0,1.0,0.0,False,Hepatocyte
LINC00469,,1.0,1.0,0.0,False,Hepatocyte
RNF157-AS1,,1.0,1.0,0.0,False,Hepatocyte
LINC00868,,1.0,1.0,0.0,False,Hepatocyte
DNAH17-AS1,,1.0,1.0,0.0,False,Hepatocyte
C1QTNF1-AS1,,1.0,1.0,0.0,False,Hepatocyte
LINC00482,0.003944249044218046,0.8291982224268625,1.0,13.159958,False,Hepatocyte
TMEM105,,1.0,1.0,0.0,False,Hepatocyte
MAFG-AS1,,1.0,1.0,0.0,False,Hepatocyte
LINC00470,,1.0,1.0,0.0,False,Hepatocyte
DLGAP1-AS1,0.015400731878289624,0.3995714046338192,1.0,2.0292547,False,Hepatocyte
DLGAP1-AS2,0.01990871830367301,0.276150600744944,1.0,2.5410028,False,Hepatocyte
DLGAP1-AS3,,1.0,1.0,0.0,False,Hepatocyte
DLGAP1-AS5,,1.0,1.0,0.0,False,Hepatocyte
LINC00667,-0.00288833417605727,0.8744752121873846,1.0,14.190479,False,Hepatocyte
LINC00526,0.030528276114363276,0.0948953645109238,1.0,12.438337,False,Hepatocyte
LDLRAD4-AS1,,1.0,1.0,0.0,False,Hepatocyte
CYP4F35P,0.02302094803031615,0.2079261160072201,1.0,13.047808,False,Hepatocyte
GATA6-AS1,,1.0,1.0,0.0,False,Hepatocyte
AQP4-AS1,,1.0,1.0,0.0,False,Hepatocyte
LINC00907,,1.0,1.0,0.0,False,Hepatocyte
LINC-ROR,,1.0,1.0,0.0,False,Hepatocyte
LINC00305,,1.0,1.0,0.0,False,Hepatocyte
GTSCR1,,1.0,1.0,0.0,False,Hepatocyte
LINC00683,,1.0,1.0,0.0,False,Hepatocyte
SDCBP2-AS1,0.01177361019564701,0.5195914500303468,1.0,13.775079,False,Hepatocyte
UBOX5-AS1,,1.0,1.0,0.0,False,Hepatocyte
LINC00654,,1.0,1.0,0.0,False,Hepatocyte
CASC20,,1.0,1.0,0.0,False,Hepatocyte
SNAP25-AS1,,1.0,1.0,0.0,False,Hepatocyte
LINC00687,,1.0,1.0,0.0,False,Hepatocyte
ISM1-AS1,,1.0,1.0,0.0,False,Hepatocyte
LINC00237,,1.0,1.0,0.0,False,Hepatocyte
LINC00261,,1.0,1.0,0.0,False,Hepatocyte
LINC00656,0.0029272609038505045,0.8727977891735155,1.0,13.224006,False,Hepatocyte
ZNF337-AS1,0.005567849513191896,0.7607213210532466,1.0,13.255393,False,Hepatocyte
FAM182B,,1.0,1.0,0.0,False,Hepatocyte
HM13-AS1,,1.0,1.0,0.0,False,Hepatocyte
ITCH-AS1,,1.0,1.0,0.0,False,Hepatocyte
FAM83C-AS1,,1.0,1.0,0.0,False,Hepatocyte
HNF4A-AS1,,1.0,1.0,0.0,False,Hepatocyte
LINC00494,,1.0,1.0,0.0,False,Hepatocyte
ZFAS1,0.03943359797305508,0.030955494576297055,0.6212695771940548,0.86678576,False,Hepatocyte
TRERNA1,,1.0,1.0,0.0,False,Hepatocyte
GNAS-AS1,,1.0,1.0,0.0,False,Hepatocyte
LINC00686,,1.0,1.0,0.0,False,Hepatocyte
LINC00659,0.02874356563989682,0.11584787153320883,1.0,12.901693,False,Hepatocyte
OGFR-AS1,,1.0,1.0,0.0,False,Hepatocyte
HAR1B,,1.0,1.0,0.0,False,Hepatocyte
HAR1A,0.030295639441513946,0.0974409537388653,1.0,12.60891,False,Hepatocyte
CIRBP-AS1,,1.0,1.0,0.0,False,Hepatocyte
CSNK1G2-AS1,,1.0,1.0,0.0,False,Hepatocyte
CACTIN-AS1,,1.0,1.0,0.0,False,Hepatocyte
RAB11B-AS1,0.041684659265985746,0.022553333575147244,0.4990647916756942,13.882375,False,Hepatocyte
LINC00663,0.029428539115439207,0.10741291025247549,1.0,12.329153,False,Hepatocyte
LINC00664,0.027798091365466893,0.12833525602491597,1.0,1.4829352,False,Hepatocyte
LINC00662,0.05981001839931964,0.0010595530037071379,0.050799680122181105,14.6744795,False,Hepatocyte
SCGB1B2P,,1.0,1.0,0.0,False,Hepatocyte
UPK1A-AS1,,1.0,1.0,0.0,False,Hepatocyte
LINC00665,,1.0,1.0,0.0,False,Hepatocyte
ZNF571-AS1,,1.0,1.0,0.0,False,Hepatocyte
ZNF781,,1.0,1.0,0.0,False,Hepatocyte
LIPE-AS1,0.029341268518514447,0.10845975898476505,1.0,13.210925,False,Hepatocyte
DACT3-AS1,,1.0,1.0,0.0,False,Hepatocyte
NAPA-AS1,,1.0,1.0,0.0,False,Hepatocyte
NUCB1-AS1,,1.0,1.0,0.0,False,Hepatocyte
PTOV1-AS1,0.026470878606701338,0.14759802528607793,1.0,13.17536,False,Hepatocyte
SIGLEC5,0.011919480989812109,0.5144305333416055,1.0,2.7170725,False,Hepatocyte
LENG8-AS1,0.04713083438758345,0.00990191814186941,0.26704235488854067,14.354204,False,Hepatocyte
ZNF667-AS1,0.03608483061635061,0.04834893853810089,0.7726876658959457,14.502292,False,Hepatocyte
MIMT1,,1.0,1.0,0.0,False,Hepatocyte
A1BG-AS1,0.013457413126563468,0.4616812514357436,1.0,13.164957,False,Hepatocyte
ZFY-AS1,,1.0,1.0,0.0,False,Hepatocyte
LINC00278,,1.0,1.0,0.0,False,Hepatocyte
FAM224B,,1.0,1.0,0.0,False,Hepatocyte
TTTY14,,1.0,1.0,0.0,False,Hepatocyte
TTTY10,,1.0,1.0,0.0,False,Hepatocyte
TPTEP1,0.03974629148145943,0.0296475720836953,0.6091870168625964,16.031578,False,Hepatocyte
LINC00528,-0.0006648690094506147,0.9709915184204081,1.0,14.560762,False,Hepatocyte
DGCR5,,1.0,1.0,0.0,False,Hepatocyte
LINC00896,,1.0,1.0,0.0,False,Hepatocyte
FAM230A,,1.0,1.0,0.0,False,Hepatocyte
THAP7-AS1,0.04071218234349396,0.025903171951941684,0.5469806740973042,14.098316,False,Hepatocyte
FAM230C,0.025600608407645824,0.16138018408719493,1.0,12.6146755,False,Hepatocyte
LL22NC03-63E9.3,,1.0,1.0,0.0,False,Hepatocyte
ADORA2A-AS1,-0.008977660693139735,0.6233984971160054,1.0,13.27916,False,Hepatocyte
MIAT,0.10248761347974736,1.905994561263691e-08,4.1121832659264134e-06,4.154194,False,Hepatocyte
ZNRF3-AS1,0.03233754543720691,0.07686851150211164,1.0,13.949745,False,Hepatocyte
RFPL1S,,1.0,1.0,0.0,False,Hepatocyte
MORC2-AS1,-0.01680271241625329,0.3580523530231662,1.0,13.256216,False,Hepatocyte
RNF185-AS1,,1.0,1.0,0.0,False,Hepatocyte
RFPL3S,,1.0,1.0,0.0,False,Hepatocyte
ELFN2,,1.0,1.0,0.0,False,Hepatocyte
APOBEC3B-AS1,,1.0,1.0,0.0,False,Hepatocyte
SAMSN1-AS1,0.0054881106003999095,0.7640457227560111,1.0,13.100029,False,Hepatocyte
C21orf91-OT1,,1.0,1.0,0.0,False,Hepatocyte
LINC00158,,1.0,1.0,0.0,False,Hepatocyte
MIR155HG,0.05836919525276801,0.001397318068326465,0.05761841017295847,15.107781,False,Hepatocyte
LINC00161,,1.0,1.0,0.0,False,Hepatocyte
BACH1-IT2,,1.0,1.0,0.0,False,Hepatocyte
GRIK1-AS1,,1.0,1.0,0.0,False,Hepatocyte
LINC00159,,1.0,1.0,0.0,False,Hepatocyte
MIS18A-AS1,,1.0,1.0,0.0,False,Hepatocyte
PAXBP1-AS1,0.006363702536902278,0.7277923197003627,1.0,13.18051,False,Hepatocyte
LINC00649,0.07780381014404929,2.0268687146101534e-05,0.001908158088124511,15.730936,False,Hepatocyte
LINC00310,0.009252594942870753,0.6128019806269468,1.0,12.695103,False,Hepatocyte
TTC3-AS1,,1.0,1.0,0.0,False,Hepatocyte
DSCR9,,1.0,1.0,0.0,False,Hepatocyte
LINC00114,,1.0,1.0,0.0,False,Hepatocyte
BRWD1-AS1,,1.0,1.0,0.0,False,Hepatocyte
DSCAM-AS1,,1.0,1.0,0.0,False,Hepatocyte
LINC00323,,1.0,1.0,0.0,False,Hepatocyte
LINC00479,,1.0,1.0,0.0,False,Hepatocyte
ZNF295-AS1,,1.0,1.0,0.0,False,Hepatocyte
LINC00322,,1.0,1.0,0.0,False,Hepatocyte
LINC00319,,1.0,1.0,0.0,False,Hepatocyte
LINC00313,,1.0,1.0,0.0,False,Hepatocyte
TSPEAR-AS1,,1.0,1.0,0.0,False,Hepatocyte
ITGB2-AS1,0.021037138626650336,0.24983700552452787,1.0,1.7932756,False,Hepatocyte
LINC00334,,1.0,1.0,0.0,False,Hepatocyte
LINC00205,-0.02262694751669378,0.2158160228983221,1.0,13.153721,False,Hepatocyte
LINC00315,,1.0,1.0,0.0,False,Hepatocyte
MCM3AP-AS1,0.00032780622083313524,0.985695308259315,1.0,13.24885,False,Hepatocyte
FAM87B,-0.006522240666156762,0.21554639767458736,0.4017635878902136,10.983137,False,Kupffer
LINC00115,-0.03178855899957136,1.5647706207848129e-09,1.421470574460309e-08,1.1297812,False,Kupffer
FAM41C,-0.015956554886163102,0.002445317773247778,0.009296516468338468,0.9477773,False,Kupffer
TTLL10-AS1,,1.0,1.0,0.0,False,Kupffer
TP73-AS1,-0.04711315329525731,3.528311253876815e-19,6.619418721947155e-18,3.061973,False,Kupffer
LINC01134,-0.0009575340300087743,0.8557264847597714,1.0,2.3700953,False,Kupffer
ENO1-AS1,-0.007531994448274812,0.15266046095201424,0.32449748226992187,1.2983513,False,Kupffer
PINK1-AS,-0.012358618469885603,0.018938115696088734,0.061211961969005906,1.6022673,False,Kupffer
LINC00339,-0.06986466658527474,2.938361750428608e-40,1.3346348371683625e-38,1.4796691,False,Kupffer
MDS2,-0.006854684158917999,0.19305854240415685,0.37747836959137626,7.8117094,False,Kupffer
SNHG12,-0.06603538477299094,3.8507903238077794e-36,1.3846800206025473e-34,1.0996184,False,Kupffer
MATN1-AS1,-0.05164455931127677,9.914938525635451e-23,2.444740556463827e-21,2.258892,False,Kupffer
ZMYM4-AS1,-0.0015387984777375944,0.7701432112120019,0.9875684862941422,8.260866,False,Kupffer
NFYC-AS1,-0.019274281913375126,0.000252072597614209,0.0012221272569722605,1.6696978,False,Kupffer
SZT2-AS1,,1.0,1.0,0.0,False,Kupffer
HYI-AS1,-0.004863548312050313,0.3557482052454296,0.567172729948592,10.3564625,False,Kupffer
KDM4A-AS1,-0.011199425071862659,0.033451998366092334,0.09720227134659153,10.889346,False,Kupffer
MKNK1-AS1,-0.004090620772700149,0.4373173494235884,0.6626436499324216,8.793503,False,Kupffer
EFCAB14-AS1,-0.0014328657763548697,0.785565877088579,1.0,8.303326,False,Kupffer
CYP4A22-AS1,-0.0054002871389333814,0.30516731187467616,0.5143738088825108,7.955968,False,Kupffer
LINC00853,-0.01199035872808724,0.022797343783160385,0.07154220976315423,10.735732,False,Kupffer
FOXD2-AS1,-0.01785485627384468,0.0006975141398490415,0.0030711974627026677,2.0521946,False,Kupffer
SSBP3-AS1,-0.004665920970884396,0.3756331826131054,0.589402611991109,8.367536,False,Kupffer
DAB1-AS1,,1.0,1.0,0.0,False,Kupffer
LINC01135,-0.01713824954245188,0.0011361068491003079,0.004759515586279445,11.345563,False,Kupffer
DLEU2L,-0.03606520763538676,7.369622942993717e-12,8.077681143699736e-11,3.5882359,False,Kupffer
GNG12-AS1,-0.003807070715604474,0.4697474277810436,0.694164435231234,9.575296,False,Kupffer
ZRANB2-AS1,-0.007070000739338402,0.17944361553045998,0.3568199083013524,7.911721,False,Kupffer
NEXN-AS1,-0.01144421381604404,0.029772712354669398,0.08921475959055447,10.28513,False,Kupffer
LINC01140,,1.0,1.0,0.0,False,Kupffer
DPYD-AS1,0.008647790201079602,0.10057445082239341,0.2391067522306488,7.4834127,False,Kupffer
DPYD-AS2,0.002129121290731989,0.6860079420558641,0.9122108690203555,8.032379,False,Kupffer
VAV3-AS1,-0.0045315603539357995,0.3895365603922993,0.6079024441565176,3.1132889,False,Kupffer
LAMTOR5-AS1,-0.0184645682172856,0.0004542884184819491,0.0021078005653221614,1.637147,False,Kupffer
LINC01160,-0.011725438062109824,0.025980350772929664,0.07922629935349224,10.824793,False,Kupffer
SLC16A1-AS1,-0.04680333171224667,6.007283019352482e-19,1.0368570491402382e-17,2.7049146,False,Kupffer
AP4B1-AS1,-0.02008986830366769,0.00013615331663139398,0.0006952681198396036,11.339559,False,Kupffer
WARS2-IT1,,1.0,1.0,0.0,False,Kupffer
LINC00623,0.011881370555967007,0.02406330817766603,0.07443238335959063,2.5915508,False,Kupffer
LINC01138,0.00727444343181857,0.16718943286328256,0.3427184811425483,9.910717,False,Kupffer
LINC00869,0.005621641853894947,0.2857700091766215,0.49163620622917564,9.219503,False,Kupffer
ADAMTSL4-AS1,-0.02393650467615202,5.474774188064805e-06,3.49980009207402e-05,3.6587934,False,Kupffer
FLG-AS1,0.0015750412986444502,0.764887107119383,0.9822880557202791,8.253926,False,Kupffer
RUSC1-AS1,-0.0062890855708795605,0.23240568977921064,0.42224444269359745,1.36626,False,Kupffer
LINC01133,0.005619183698367014,0.2859807364160442,0.49163620622917564,9.973941,False,Kupffer
LINC00970,-0.007386597373997343,0.16073976008071725,0.33506863031318596,9.483296,False,Kupffer
DNM3OS,-0.006685985170843212,0.20424476997709043,0.38824501429565866,9.4257555,False,Kupffer
GAS5-AS1,-0.0024889916917911546,0.6364907078626493,0.8663903483997891,3.4692373,False,Kupffer
RASAL2-AS1,0.0012077462095844646,0.8186146094163208,1.0,11.416358,False,Kupffer
C1orf220,-0.004087498364295716,0.4376673006506145,0.6626436499324216,10.053818,False,Kupffer
GS1-279B7.1,0.0060703861025433094,0.2490512383461075,0.44499217120639917,8.45391,False,Kupffer
LINC01036,,1.0,1.0,0.0,False,Kupffer
LINC01031,-0.004360208476084491,0.4077150694174615,0.6283180444772665,8.117043,False,Kupffer
MIR181A1HG,-0.09252616764697193,2.1896379107345095e-69,1.7178704699671654e-67,1.3356206,False,Kupffer
LINC00862,-0.00013635024172332244,0.979344904927078,1.0,10.656835,False,Kupffer
IPO9-AS1,-0.02166322247398685,3.8902952333153825e-05,0.0002138423430796927,2.7713299,False,Kupffer
PCAT6,-0.007224977836241363,0.17009509227578642,0.3462076996084993,1.2896776,False,Kupffer
LEMD1-AS1,,1.0,1.0,0.0,False,Kupffer
SRGAP2-AS1,-0.010013893436231268,0.05723812100601826,0.15014133260849166,9.742756,False,Kupffer
SERTAD4-AS1,,1.0,1.0,0.0,False,Kupffer
PROX1-AS1,-0.008950351547922899,0.0892195915298526,0.21750425844707003,8.286374,False,Kupffer
RNU6ATAC35P,0.0056452386441353634,0.2837524954791284,0.49157586064967834,10.033399,False,Kupffer
ITPKB-AS1,-0.020898152972830628,7.230238055102801e-05,0.0003781633600941647,2.2214966,False,Kupffer
TMEM78,0.0066280161265002795,0.2081954396915175,0.39229839400388555,8.876929,False,Kupffer
LINC00582,0.021231682402913808,5.532041089636835e-05,0.00029653114660599926,10.773938,False,Kupffer
LINC00184,-0.004696293452918026,0.37253328594197554,0.587717951030188,8.464901,False,Kupffer
LINC01132,-0.007196973345529875,0.17175679596630666,0.3471337585923247,9.784116,False,Kupffer
LGALS8-AS1,-0.005209086385715471,0.3226097134562411,0.5364396584060426,11.654433,False,Kupffer
LINC01115,-0.0003514113375141589,0.9467997828524142,1.0,8.895002,False,Kupffer
TRAPPC12-AS1,-0.001616162091069042,0.7589366746406625,0.9760988825855316,3.6651573,False,Kupffer
LINC00487,-0.01666881506019818,0.0015492405969801265,0.006133002913733253,11.054053,False,Kupffer
LINC00298,-0.005161751333319516,0.32702637688849273,0.5382699632384363,7.9001484,False,Kupffer
LINC00299,0.004498092251511469,0.3930478714630766,0.6122749333441068,10.92884,False,Kupffer
RN7SL832P,-0.011275010256870206,0.032276494912342864,0.09506694576570612,1.4505854,False,Kupffer
LINC00570,,1.0,1.0,0.0,False,Kupffer
LINC00276,0.006905785657297887,0.18976055827336788,0.3731109567275142,7.5120096,False,Kupffer
LINC00954,-0.005326461684603574,0.31182649518719147,0.5235530454212961,1.2725849,False,Kupffer
DNAJC27-AS1,0.0017776329853260318,0.735711658710517,0.9595600442458618,0.6614156,False,Kupffer
AGBL5-AS1,-0.010935090528367445,0.03785516657157104,0.10641370928751077,10.399409,False,Kupffer
LINC00486,,1.0,1.0,0.0,False,Kupffer
RMDN2-AS1,0.0035227211028913815,0.5035610869032873,0.7307956584443002,7.861313,False,Kupffer
CYP1B1-AS1,0.017211854353439707,0.0010814482728757463,0.004552633460935459,4.710898,False,Kupffer
SLC8A1-AS1,-0.010760722538761341,0.04102200033894514,0.11456953492721571,3.5058775,False,Kupffer
SIX3-AS1,,1.0,1.0,0.0,False,Kupffer
LINC01118,-0.01712134236841979,0.0011490175153237429,0.004786416977346559,10.606828,False,Kupffer
LINC01119,-0.010520858864286664,0.04574286624297309,0.12453026362045987,10.845631,False,Kupffer
LINC01122,-0.006635473470315597,0.20768412876990536,0.3921912541103464,10.218443,False,Kupffer
LINC00309,-0.006494379978171075,0.2175133387963759,0.40234132112780757,1.3288183,False,Kupffer
MEIS1-AS2,-0.006245007866365875,0.23569534148346336,0.42663175415212223,7.5973177,False,Kupffer
PCBP1-AS1,-0.042668627859034164,5.247724484232154e-16,7.945238999811138e-15,1.7187328,False,Kupffer
DGUOK-AS1,-0.05169832468784835,8.958374743490156e-23,2.2738462951858838e-21,1.8198991,False,Kupffer
DCTN1-AS1,8.803624473366784e-05,0.9866629099304487,1.0,8.181917,False,Kupffer
LBX2-AS1,-0.019618072123435873,0.0001949729334116984,0.0009726106447069117,1.2646422,False,Kupffer
LINC00342,-0.04593385437389156,2.6259053238021206e-18,4.443443714590647e-17,4.7726655,False,Kupffer
LINC01104,-0.006763439666118948,0.19905164983960846,0.383134252230726,8.884027,False,Kupffer
LINC01102,0.005266996021134955,0.3172595380277807,0.529584103129545,8.3298,False,Kupffer
LINC01114,-0.0272274932342667,2.3294289998573404e-07,1.703641717692275e-06,11.754522,False,Kupffer
RGPD4-AS1,-0.0038807775980075933,0.4611918611730605,0.6888112324941856,9.809353,False,Kupffer
SH3RF3-AS1,0.002788812393934563,0.5964299638301134,0.8288551671262283,9.9555235,False,Kupffer
LINC01123,,1.0,1.0,0.0,False,Kupffer
LINC01106,0.005110771205717209,0.3318268570615263,0.5397018990513195,8.995486,False,Kupffer
FAM138B,-0.004103298533276127,0.4358981153782587,0.6626436499324216,7.8660393,False,Kupffer
DPP10-AS1,-0.003963395342989993,0.4517063331365788,0.6803186134325786,8.993809,False,Kupffer
STEAP3-AS1,-0.015890176238643715,0.0025493570482330065,0.00960367968198666,9.969321,False,Kupffer
NIFK-AS1,-0.0623804791671487,1.9944293034955269e-32,6.374786995987554e-31,1.4489284,False,Kupffer
LINC01087,0.000787772603737476,0.881094045172148,1.0,8.0010805,False,Kupffer
C2orf27A,-0.026052110029732758,7.512631406674858e-07,5.314263036033117e-06,12.0151,False,Kupffer
CCNT2-AS1,-0.007290149323468157,0.16627469773187284,0.34169308777488766,2.4507742,False,Kupffer
ZEB2-AS1,-0.02920744926484177,2.9044602619758362e-08,2.3425693514814456e-07,0.5023787,False,Kupffer
TEX41,-0.01779780287371194,0.000725601088297168,0.0031740626638846092,10.670102,False,Kupffer
CCDC148-AS1,,1.0,1.0,0.0,False,Kupffer
CERS6-AS1,0.007893680731244536,0.13390548552420883,0.294046905871227,9.729987,False,Kupffer
LINC01124,,1.0,1.0,0.0,False,Kupffer
HOXD-AS2,,1.0,1.0,0.0,False,Kupffer
LINC01116,-0.027941404973434527,1.1171569767613764e-07,8.608093490580963e-07,1.2133803,False,Kupffer
LINC01117,0.001053399204226991,0.8414651476057419,1.0,9.168381,False,Kupffer
TTN-AS1,-0.003937410292567221,0.4546777822927055,0.6836009165829353,1.2126045,False,Kupffer
LINC01090,,1.0,1.0,0.0,False,Kupffer
OSGEPL1-AS1,-0.01916823225520602,0.00027263523342239276,0.001314436907505726,11.219,False,Kupffer
CFLAR-AS1,0.0014496979429963449,0.7831094894677688,0.9997388896607758,0.78884315,False,Kupffer
IDH1-AS1,-0.011141740595578742,0.03437357512114088,0.09954495077028382,1.4642067,False,Kupffer
LINC00607,-0.0021371280005851438,0.6848904332254159,0.912130314619651,11.073082,False,Kupffer
DIRC3,-0.06549097087272499,1.4195372741563682e-35,4.900242670387782e-34,6.567488,False,Kupffer
LINC00608,-0.011013939908864803,0.036492865281096985,0.10363532716820531,9.162515,False,Kupffer
CCDC140,-0.0025263746316254946,0.6314340785182063,0.8635936763252172,9.15542,False,Kupffer
BOK-AS1,0.00500136942064544,0.3422814361020859,0.5517671701538641,8.998323,False,Kupffer
EGOT,-0.005772522061602109,0.273036361766161,0.4798989413527432,10.875435,False,Kupffer
BHLHE40-AS1,-0.013248774564369166,0.011876568683182417,0.03972666191312568,10.750157,False,Kupffer
GRM7-AS1,0.0032860640910852552,0.5326536742218986,0.7623219251301798,11.723792,False,Kupffer
LMCD1-AS1,-0.010179728899569177,0.053238748246581466,0.1413693530363071,10.275529,False,Kupffer
PRRT3-AS1,-0.007707045452243095,0.14334776953426592,0.3077341420598793,10.004427,False,Kupffer
LINC00852,-0.0021125149886557556,0.6883278969428174,0.9138876539410021,1.7043877,False,Kupffer
GHRLOS,0.003849219062824456,0.4648443344503692,0.6904658530648341,1.9393578,False,Kupffer
HDAC11-AS1,0.0038572741589219446,0.4639105399307356,0.6902668895865945,8.893361,False,Kupffer
TPRXL,-0.005060814023540854,0.3365749652407164,0.5449609662340305,8.55862,False,Kupffer
FGD5-AS1,-0.0446291897276435,2.2826315335305664e-17,3.7168132328997716e-16,0.6592541,False,Kupffer
SH3BP5-AS1,-0.021469183369412725,4.561201197197426e-05,0.00024601978957383615,3.605319,False,Kupffer
EAF1-AS1,-0.0048589001692766285,0.3562081339885711,0.567172729948592,0.85416365,False,Kupffer
LINC00691,-0.009622947010831957,0.06766224179689363,0.17174269020799765,9.46421,False,Kupffer
LINC00692,,1.0,1.0,0.0,False,Kupffer
RBMS3-AS3,-0.032005182709753645,1.2115442735706109e-09,1.112300753288763e-08,12.019355,False,Kupffer
RBMS3-AS2,-0.008782885605332566,0.09536964285178223,0.22879200066273325,9.285311,False,Kupffer
OSBPL10-AS1,0.008870916545490794,0.09209574419462503,0.22262920795507396,7.583997,False,Kupffer
ACVR2B-AS1,-0.011013879469821455,0.03649389328933615,0.10363532716820531,9.194937,False,Kupffer
ENTPD3-AS1,-0.04993028377580257,2.384856200702873e-21,5.145327253016448e-20,0.82562685,False,Kupffer
VIPR1-AS1,-0.00811034694804169,0.12355551935175138,0.2741090313639111,3.7009077,False,Kupffer
SNRK-AS1,-0.0024409180377396316,0.6430183711763915,0.8738974083861825,10.367782,False,Kupffer
ZNF197-AS1,,1.0,1.0,0.0,False,Kupffer
LIMD1-AS1,0.005566691659530972,0.2905057202119842,0.49842233905157524,3.0103626,False,Kupffer
KIF9-AS1,-0.02253404931593244,1.874704925093891e-05,0.00011157726554179503,2.7454967,False,Kupffer
PRKAR2A-AS1,-0.006539558692083105,0.21433023493390416,0.40036145616441404,3.6895838,False,Kupffer
ARIH2OS,-0.06380157787554133,7.596940411912038e-34,2.521599836723111e-32,1.6792331,False,Kupffer
BSN-AS1,,1.0,1.0,0.0,False,Kupffer
SEMA3B-AS1,,1.0,1.0,0.0,False,Kupffer
ZMYND10-AS1,,1.0,1.0,0.0,False,Kupffer
ITIH4-AS1,-5.565509724542219e-06,0.9991568115184473,1.0,8.490248,False,Kupffer
WNT5A-AS1,-0.001852434986085001,0.7250324535655702,0.9552717670642551,10.225638,False,Kupffer
FLNB-AS1,,1.0,1.0,0.0,False,Kupffer
THOC7-AS1,,1.0,1.0,0.0,False,Kupffer
PSMD6-AS2,-0.01204413608894279,0.0221942927782573,0.06990392214465711,2.3354874,False,Kupffer
PRICKLE2-AS3,-0.0035607291858001737,0.49896813942396206,0.727380919464323,8.854234,False,Kupffer
ADAMTS9-AS2,0.00013819089728586234,0.9790661357162593,1.0,8.622357,False,Kupffer
FOXP1-AS1,-0.0087810082644072,0.09544046377587946,0.22879200066273325,9.279962,False,Kupffer
LINC00877,0.03444652223543681,6.043618326202346e-11,6.360539775015396e-10,2.6633725,False,Kupffer
LINC00870,,1.0,1.0,0.0,False,Kupffer
LINC00960,-0.03278591675587287,4.752352217393393e-10,4.506901058912635e-09,12.418425,False,Kupffer
LINC00971,-0.0021486258262819642,0.6832868700003769,0.912130314619651,10.30221,False,Kupffer
ST3GAL6-AS1,-0.011500490743001088,0.028977830863669427,0.08744009802568782,10.0064535,False,Kupffer
ZBTB11-AS1,-0.016287902020690834,0.0019817374183561266,0.0076010639646281655,1.33638,False,Kupffer
LINC00882,0.04867765745988074,2.278633467563744e-20,4.661307351113151e-19,13.257359,False,Kupffer
LINC00636,-0.006943226359081171,0.1873706922397731,0.370024959732092,7.4690113,False,Kupffer
PLCXD2-AS1,,1.0,1.0,0.0,False,Kupffer
SIDT1-AS1,-0.021066367611984407,6.320062966148741e-05,0.00033667989751767676,11.02056,False,Kupffer
ZBTB20-AS1,-0.0037711313797039753,0.4739507063349346,0.6991785633624762,9.948215,False,Kupffer
ZBTB20-AS2,-0.02477827547737316,2.530869717113445e-06,1.7197957211566166e-05,3.23485,False,Kupffer
ZBTB20-AS3,0.008604783989571775,0.1022780502275909,0.24182454067509848,7.5775394,False,Kupffer
ZBTB20-AS4,-0.0041138984120166885,0.43471353455608597,0.6626436499324216,10.3526325,False,Kupffer
ARHGAP31-AS1,0.004274555263649739,0.41698834552738523,0.6403219611924083,1.595314,False,Kupffer
MYLK-AS1,-0.006063201072312455,0.24961189382194707,0.4450724470420254,2.1976132,False,Kupffer
RUVBL1-AS1,0.006649981346191866,0.20669201062017337,0.39149391997249006,9.673809,False,Kupffer
NPHP3-AS1,-0.004097535563035886,0.43654293166790603,0.6626436499324216,9.295306,False,Kupffer
BFSP2-AS1,-0.0013712137461232036,0.7945810830189853,1.0,8.869273,False,Kupffer
IL20RB-AS1,,1.0,1.0,0.0,False,Kupffer
ATP1B3-AS1,0.0003238113159332856,0.9509726675817166,1.0,12.144395,False,Kupffer
PLS1-AS1,-0.01168032935979438,0.026558976658006484,0.08042244510827928,9.385367,False,Kupffer
SLC9A9-AS2,,1.0,1.0,0.0,False,Kupffer
TM4SF1-AS1,,1.0,1.0,0.0,False,Kupffer
WWTR1-AS1,-0.000572235590768841,0.9134751581565614,1.0,7.7843685,False,Kupffer
SIAH2-AS1,-0.01170550573169153,0.026234672339559603,0.07972014869380259,9.278247,False,Kupffer
CLRN1-AS1,-0.0009739642017948885,0.8532787744089104,1.0,7.661648,False,Kupffer
MBNL1-AS1,-0.03448426579031339,5.760337119628946e-11,6.137248066962692e-10,2.149785,False,Kupffer
TIPARP-AS1,-0.015020630126014178,0.004340663861799379,0.015479309556747372,1.1538625,False,Kupffer
LINC00886,-0.016926907390400134,0.0013075602798122816,0.0053227571767830145,1.6147423,False,Kupffer
LINC00880,-0.003580140619169159,0.4966310521467306,0.7256432550789134,9.077613,False,Kupffer
LINC00881,-0.013217121023459495,0.012080655803592116,0.040151774077655036,9.41746,False,Kupffer
IL12A-AS1,-0.009082405915023399,0.0845987089705261,0.20800195396456986,8.154256,False,Kupffer
TERC,-0.0065054524021646324,0.216730095130124,0.40234132112780757,10.800085,False,Kupffer
SEC62-AS1,-0.0018217512971504379,0.729406720184029,0.9594864912295841,9.912562,False,Kupffer
NAALADL2-AS2,,1.0,1.0,0.0,False,Kupffer
LINC00501,-0.006703675993843176,0.20305004777135888,0.38692706750674655,8.829208,False,Kupffer
LINC00578,-0.012242398678180041,0.020089263277484355,0.06469042615100373,9.7009325,False,Kupffer
PEX5L-AS1,0.00030070404341392003,0.9544673264810281,1.0,8.304088,False,Kupffer
MCCC1-AS1,,1.0,1.0,0.0,False,Kupffer
KLHL6-AS1,-0.017289109345513583,0.0010267029168623625,0.00436475180912423,4.238579,False,Kupffer
YEATS2-AS1,-0.01639245638357417,0.0018531374477373506,0.007203863141429431,9.884533,False,Kupffer
ABCC5-AS1,-0.0098422598068278,0.06163731665144131,0.1601331803173882,7.725622,False,Kupffer
ADIPOQ-AS1,,1.0,1.0,0.0,False,Kupffer
LPP-AS2,-0.015883839670388842,0.0025594974818736174,0.00960367968198666,2.3963785,False,Kupffer
LPP-AS1,0.005490861615866121,0.29712714890820346,0.5043800298045754,8.9297495,False,Kupffer
TPRG1-AS1,-0.02481844600734821,2.4378715737813804e-06,1.6697485461693105e-05,1.9210205,False,Kupffer
OSTN-AS1,0.0026015264467181974,0.6213208240650472,0.8511109066160885,9.176241,False,Kupffer
OPA1-AS1,,1.0,1.0,0.0,False,Kupffer
LINC00887,-0.01111630611453316,0.034786761155939636,0.10037742069877505,11.291583,False,Kupffer
TMEM44-AS1,-0.02100515644282589,6.637930704002602e-05,0.00035144381580087396,1.3209033,False,Kupffer
XXYLT1-AS2,-0.006702889054467809,0.20310308410261438,0.38692706750674655,8.437082,False,Kupffer
TNK2-AS1,-0.007289829697849624,0.16629327562624893,0.34169308777488766,11.837902,False,Kupffer
LINC00885,0.006312154020615652,0.23069706932578896,0.4209124118988496,10.063537,False,Kupffer
TM4SF19-AS1,-0.004691842126590905,0.3729866062861531,0.587717951030188,2.1672134,False,Kupffer
UBXN7-AS1,-0.006501941452480654,0.21697823345487247,0.40234132112780757,3.0708265,False,Kupffer
LINC01063,0.010122219172397279,0.05459839807203155,0.14409301998826674,1.0716748,False,Kupffer
NCBP2-AS1,-6.633016357417753e-05,0.989951080039932,1.0,10.30931,False,Kupffer
DLG1-AS1,-0.0029158052599482427,0.579815020902249,0.8152330408538334,9.007033,False,Kupffer
LMLN-AS1,,1.0,1.0,0.0,False,Kupffer
NOP14-AS1,-0.030957659906231547,4.111185639217691e-09,3.478385496710654e-08,1.4933562,False,Kupffer
STX18-AS1,-0.017855766896646044,0.0006970741519004169,0.0030711974627026677,2.1712856,False,Kupffer
AFAP1-AS1,-0.007327762231907399,0.16409936915874665,0.3396109246618666,8.681786,False,Kupffer
LINC01085,-0.006290982753494174,0.2322648323868695,0.42224444269359745,9.219954,False,Kupffer
LINC00504,-0.017291674091641132,0.0010249302307117703,0.00436475180912423,11.436319,False,Kupffer
TAPT1-AS1,-0.07020009091561125,1.2485572105218966e-40,6.33826395694351e-39,2.0334535,False,Kupffer
UGDH-AS1,-0.01304633716618906,0.01323631962020891,0.04376606832275973,3.1989555,False,Kupffer
LINC00682,-0.007986000499288581,0.12941627981251305,0.2856425817856746,8.344162,False,Kupffer
IGFBP7-AS1,-0.004449834226894333,0.3981445023495924,0.6157682894761618,8.638675,False,Kupffer
LINC01094,-0.05757409667318317,7.317721578950619e-28,2.0371592653659304e-26,1.9500642,False,Kupffer
LINC01088,-0.010036515191622788,0.056678266576304155,0.14912604894923928,9.137964,False,Kupffer
LINC00989,-0.00837868817350429,0.11161517461586845,0.25729757907608675,8.335171,False,Kupffer
THAP9-AS1,0.0043629675983849975,0.4074184098453123,0.6283180444772665,0.8147254,False,Kupffer
WDFY3-AS1,0.0011264929702842917,0.8306259705930641,1.0,8.802619,False,Kupffer
FAM13A-AS1,-0.0227530796195916,1.5538055982100367e-05,9.377162456330501e-05,2.153336,False,Kupffer
TET2-AS1,-0.008203561333975233,0.11929956999254195,0.26857452791770453,7.3813744,False,Kupffer
SEC24B-AS1,-0.014872330530002623,0.004741097851560768,0.016700275289375278,1.4436636,False,Kupffer
SNHG8,-0.11515422223853101,1.1146519303376436e-106,1.9238892317627727e-104,0.73252344,False,Kupffer
IL21-AS1,,1.0,1.0,0.0,False,Kupffer
LINC01091,-0.005027973112094582,0.339719969626317,0.5490230969803588,9.41298,False,Kupffer
LINC00500,0.005533541927345064,0.293388019906729,0.5013739825336776,8.929589,False,Kupffer
SMARCA5-AS1,-0.00709921108665864,0.1776529836359032,0.35407511519118817,9.673366,False,Kupffer
HHIP-AS1,-0.004461054365084696,0.3969559813231573,0.6157682894761618,10.1829815,False,Kupffer
LINC01095,0.001791063741019965,0.73379036409215,0.9594864912295841,10.397038,False,Kupffer
FAM218A,-0.011375244263094355,0.03077237371846335,0.09125965126815763,9.998067,False,Kupffer
HAND2-AS1,-0.01126625022530892,0.03241089249917256,0.09513809600947593,10.381975,False,Kupffer
LINC01099,-0.004106840221282654,0.43550211001973643,0.6626436499324216,7.9892254,False,Kupffer
WWC2-AS2,-0.017000354332944455,0.0012454380910355122,0.005142646280208838,3.3935776,False,Kupffer
LINC01093,-0.010207937541561614,0.052582245752633185,0.14049064422452767,10.827763,False,Kupffer
LINC01018,-0.008743791299730293,0.09685315100815725,0.23153537207767233,8.720333,False,Kupffer
MIR4458HG,-0.013823130857237574,0.0086683430601493,0.02968563516233669,2.1807554,False,Kupffer
SNHG18,0.015457257716219593,0.003333296292561184,0.012240998725448093,10.710082,False,Kupffer
GDNF-AS1,,1.0,1.0,0.0,False,Kupffer
LIFR-AS1,-0.003336385592461384,0.5263971200418182,0.7558747331049736,9.138172,False,Kupffer
LINC00604,-0.005168491294707309,0.3263951089993732,0.5382699632384363,8.855135,False,Kupffer
NNT-AS1,-0.07474198410832733,7.729334990915879e-46,4.446944064773602e-44,1.8402891,False,Kupffer
PART1,0.0032997247199341717,0.5309515118949517,0.7611480976168493,11.155279,False,Kupffer
C5orf64,-0.010492733582236796,0.04632527323252825,0.12571921635116942,9.892829,False,Kupffer
MAST4-AS1,0.0021571415237004897,0.6821001340862334,0.912130314619651,9.166195,False,Kupffer
ZBED3-AS1,-0.028028774310520605,1.0198237647827183e-07,8.000980990977144e-07,4.892477,False,Kupffer
CKMT2-AS1,-0.03606268131567081,7.394401046955727e-12,8.077681143699736e-11,2.1589746,False,Kupffer
VCAN-AS1,0.00778816819953695,0.1391826656946999,0.29953775684420453,9.2391615,False,Kupffer
LINC00461,0.0011328342066590936,0.8296871057961558,1.0,8.357226,False,Kupffer
MEF2C-AS1,-0.02369218862750779,6.817450599267289e-06,4.263376715338891e-05,1.8088412,False,Kupffer
LUCAT1,0.06980543646776147,3.4162980539587084e-40,1.4741326102831826e-38,2.2512953,False,Kupffer
RGMB-AS1,-0.015501026657511565,0.003245078173238491,0.011967959245747083,10.454032,False,Kupffer
LINC00491,,1.0,1.0,0.0,False,Kupffer
LINC01023,-0.030054448520227577,1.1428807241227384e-08,9.483712162672339e-08,1.802144,False,Kupffer
STARD4-AS1,-0.03125719293096759,2.9104085861385205e-09,2.5116826098375432e-08,3.41535,False,Kupffer
EPB41L4A-AS1,-0.11443719827468223,2.2694597686297385e-105,2.7979196861820923e-103,1.054898,False,Kupffer
LINC00992,,1.0,1.0,0.0,False,Kupffer
SMAD5-AS1,-0.012882019546358542,0.01443940127689933,0.04738100114815255,10.234283,False,Kupffer
ARHGAP26-AS1,0.003405080040560831,0.5179172452972864,0.7461812732747215,8.822199,False,Kupffer
GRPEL2-AS1,,1.0,1.0,0.0,False,Kupffer
SAP30L-AS1,-0.002099665906470144,0.6901249716813944,0.9148661298940759,9.7283535,False,Kupffer
PRR7-AS1,-0.018655114287203275,0.0003962849753087359,0.0018486158577915625,2.193262,False,Kupffer
C5orf60,0.002824152213024995,0.5917845874467761,0.826391745900595,8.6573925,False,Kupffer
LINC00847,-0.06799370234906982,3.2268908810203023e-38,1.2658212865093277e-36,1.2864058,False,Kupffer
CTC-338M12.4,-0.023051689167955948,1.1997043073007187e-05,7.376080957371765e-05,2.9060717,False,Kupffer
TRIM52-AS1,-0.047054871028954504,3.900827148744091e-19,7.162582615672661e-18,0.75304365,False,Kupffer
LINC01011,-0.04235089201611067,8.610026513762979e-16,1.1984601421576533e-14,2.3974113,False,Kupffer
LY86-AS1,0.004911539395808547,0.35102145506310534,0.5630697318205574,12.644379,False,Kupffer
HULC,-0.027502189167216973,1.7594303771484867e-07,1.3319196627010037e-06,12.341154,False,Kupffer
TFAP2A-AS1,-0.006874922376098153,0.19174740925607303,0.3760863958817978,7.5381536,False,Kupffer
GFOD1-AS1,-0.00048122509883936296,0.9271945180533804,1.0,8.041905,False,Kupffer
JARID2-AS1,-0.004721543099420528,0.3699683426539071,0.586916690643974,2.6537046,False,Kupffer
CASC15,-0.011296483149056125,0.03194907318465454,0.09442482930944134,2.1073418,False,Kupffer
HCG11,-0.061879989809746724,6.195327239535197e-32,1.9094883598995985e-30,1.7694793,False,Kupffer
LINC00240,-0.006486348606239205,0.21808273603462566,0.40234132112780757,7.460369,False,Kupffer
ZSCAN16-AS1,0.005074536848372799,0.33526636662835196,0.5438625458651649,0.7255442,False,Kupffer
HCG14,-0.010795084909498742,0.04038074215350743,0.11314474181323675,10.043847,False,Kupffer
HCG15,0.005232435106720361,0.32044552404905813,0.5338696665141643,9.654435,False,Kupffer
HCG9,-0.003756002200948343,0.47572630018863776,0.6994068093062936,8.622198,False,Kupffer
HCG17,0.00548679738801935,0.2974848611477739,0.5043800298045754,10.39273,False,Kupffer
HCG18,-0.03213827066228707,1.0344711874303903e-09,9.703789508178553e-09,1.2780077,False,Kupffer
MDC1-AS1,-0.009020173397194428,0.08675165928527921,0.21208691774276475,8.086661,False,Kupffer
HCG20,-0.003758121173083782,0.47547739347758095,0.6994068093062936,10.731449,False,Kupffer
HCG21,,1.0,1.0,0.0,False,Kupffer
HCG22,,1.0,1.0,0.0,False,Kupffer
HCG27,-0.020939439341760176,6.996010935335263e-05,0.0003681437461703861,4.2212653,False,Kupffer
LINC01149,-0.00988157081081939,0.06060576735668078,0.15801443271545473,7.772334,False,Kupffer
DDX39B-AS1,0.004644544968142651,0.3778243963607761,0.590692851556793,9.951735,False,Kupffer
C6orf47-AS1,-0.008149700683876828,0.12174448373041692,0.2707873439673964,10.064722,False,Kupffer
SAPCD1-AS1,-0.006820370896932179,0.19529655732320833,0.3787436606065815,8.732143,False,Kupffer
HLA-DQB1-AS1,0.003867551706044692,0.4627206237650507,0.6896854893078389,9.075395,False,Kupffer
HCG24,-0.007466890228617643,0.1562390707726519,0.330476269796075,7.421609,False,Kupffer
HCG25,-0.009723369497608788,0.06484586676250595,0.16605929678350928,1.4682856,False,Kupffer
GGNBP1,,1.0,1.0,0.0,False,Kupffer
LINC00336,,1.0,1.0,0.0,False,Kupffer
BTBD9-AS1,,1.0,1.0,0.0,False,Kupffer
LINC00951,,1.0,1.0,0.0,False,Kupffer
TRAM2-AS1,-0.03286598866038138,4.3121723993253757e-10,4.134894200686444e-09,2.5805936,False,Kupffer
LINC00472,-0.01696536702090668,0.0012746827192684279,0.005213512733311153,11.121014,False,Kupffer
KCNQ5-AS1,,1.0,1.0,0.0,False,Kupffer
HMGN3-AS1,-0.020707361880885528,8.412292182037232e-05,0.0004373378405480802,3.7852263,False,Kupffer
LINC00222,-0.015007789774180498,0.004374081628222184,0.015534289897760267,10.252114,False,Kupffer
TRAF3IP2-AS1,-0.025421147220758958,1.3808201382119674e-06,9.610062736104256e-06,1.2611327,False,Kupffer
LINC01013,-0.012147793964982266,0.02107093885363248,0.06734896381735123,11.171189,False,Kupffer
LINC01010,-0.0024993059094606416,0.6350938423357293,0.8659558903053287,4.2593136,False,Kupffer
STXBP5-AS1,-0.0012389513358919033,0.8140127994741325,1.0,3.9865208,False,Kupffer
EZR-AS1,-0.0011014649700298558,0.8343338909729566,1.0,8.076526,False,Kupffer
AIRN,-0.003520328110498711,0.5038510043735326,0.7307956584443002,10.379317,False,Kupffer
CAHM,-0.03489682645362678,3.397221641982397e-11,3.664752846288511e-10,1.6199145,False,Kupffer
KIF25-AS1,,1.0,1.0,0.0,False,Kupffer
LINC00242,0.006478311289006554,0.21865362642982822,0.40234132112780757,9.169909,False,Kupffer
LINC00574,0.0003232808895460485,0.9510528770033324,1.0,9.736548,False,Kupffer
PSMG3-AS1,0.0017751265452701985,0.7360703931526773,0.9595600442458618,0.69729376,False,Kupffer
KIAA0087,-0.0005671760364738026,0.9142372215295208,1.0,7.7361927,False,Kupffer
HOTAIRM1,-0.02800080121169567,1.0500574077136477e-07,8.16395984555746e-07,1.2473254,False,Kupffer
HOXA-AS2,-0.037025928761552064,2.0227991935862675e-12,2.3275676054199317e-11,2.5963883,False,Kupffer
HOXA-AS3,-0.003162221434398989,0.5482098252368087,0.7819918664121751,8.189917,False,Kupffer
HOXA10-AS,-0.005114685855323085,0.33145663269838643,0.5397018990513195,10.228226,False,Kupffer
HOXA11-AS,,1.0,1.0,0.0,False,Kupffer
HOTTIP,-0.0038795303139721017,0.461335912377334,0.6888112324941856,8.759826,False,Kupffer
JAZF1-AS1,0.002256949134816591,0.6682503343008394,0.8968896399714221,4.1062365,False,Kupffer
ELMO1-AS1,-0.01561189586858474,0.003031053298756449,0.011226605136595775,10.014644,False,Kupffer
POU6F2-AS1,,1.0,1.0,0.0,False,Kupffer
LINC00265,-0.0016637058981462496,0.7520745638755921,0.973073985943982,4.461692,False,Kupffer
INHBA-AS1,-0.021791963058601902,3.498059897597118e-05,0.00019602764231339693,1.5958996,False,Kupffer
LINC00957,-0.02022580503635136,0.00012259739489328564,0.0006297711416244375,2.43429,False,Kupffer
SNHG15,-0.044028826272409956,6.04937131910198e-17,9.66779157108335e-16,0.3792107,False,Kupffer
LINC00525,,1.0,1.0,0.0,False,Kupffer
LINC00174,-0.01677357717547027,0.0014465666070272959,0.005752935400297495,2.4656873,False,Kupffer
TP53TG1,-0.06686830883194361,5.124379855415447e-37,1.922756441401535e-35,0.7234447,False,Kupffer
PCOLCE-AS1,0.0027226702925261374,0.6051685796638017,0.836955904246572,8.623883,False,Kupffer
NFE4,-0.018346557444440064,0.0004940871691254182,0.00228019907462693,10.964648,False,Kupffer
LINC01004,-0.005507247146279792,0.2956878974409872,0.5043056432639762,1.2235084,False,Kupffer
KMT2E-AS1,0.007145978885134026,0.17481381173473692,0.3508472547141348,0.6799636,False,Kupffer
SLC26A4-AS1,-0.0007574152779672458,0.8856440273364107,1.0,7.93884,False,Kupffer
ST7-AS1,-0.01901998159607782,0.0003040261761214996,0.001449583370126266,11.450871,False,Kupffer
ST7-OT4,-0.024728618172459495,2.650542598827807e-06,1.759552509837229e-05,2.8026962,False,Kupffer
ST7-AS2,,1.0,1.0,0.0,False,Kupffer
POT1-AS1,-0.008435974865729808,0.10918805144783915,0.254673752431041,10.959376,False,Kupffer
LINC-PINT,-0.06855483151030153,7.990231976969967e-39,3.283604855297658e-37,1.2182643,False,Kupffer
NDUFB2-AS1,-0.013540672421827774,0.010133981560776873,0.03443159876752142,1.4412708,False,Kupffer
WEE2-AS1,-0.011060203850884852,0.03571316562418481,0.10239356124143353,10.242574,False,Kupffer
TRBV11-2,-0.006243490000077363,0.23580920826252874,0.42663175415212223,7.9788923,False,Kupffer
EPHA1-AS1,-0.0750678257567399,3.17640499372563e-46,1.9580267925608707e-44,2.164611,False,Kupffer
OR2A1-AS1,-0.020062188963786393,0.0001390813003102799,0.0007060421303986561,4.651679,False,Kupffer
ATP6V0E2-AS1,-0.013367467542517334,0.011138253608736373,0.037401995581087505,10.754223,False,Kupffer
LINC00996,-0.05077807404920118,5.013547452931019e-22,1.201858736633186e-20,5.5252495,False,Kupffer
PRKAG2-AS1,0.012058824463319002,0.022032011083182056,0.06964698009079162,0.9312676,False,Kupffer
LINC01003,-0.011006088190984363,0.03662662200035066,0.10363532716820531,0.54328513,False,Kupffer
PAXIP1-AS2,-0.04095592410719361,7.25335960674697e-15,9.34276020988453e-14,2.469685,False,Kupffer
BLACE,0.0018017164059502446,0.7322676644094891,0.9594864912295841,8.896578,False,Kupffer
MNX1-AS2,,1.0,1.0,0.0,False,Kupffer
MNX1-AS1,,1.0,1.0,0.0,False,Kupffer
LINC00685,-0.09896398532022979,3.717141225033973e-79,3.5643254191159095e-77,1.9224167,False,Kupffer
LINC00106,-0.011010208256708426,0.036556383273690214,0.10363532716820531,2.9147806,False,Kupffer
ASMTL-AS1,-0.01584044596871864,0.002629937718147117,0.00982526515480936,3.2675333,False,Kupffer
LINC00102,-0.00413294277670272,0.4325899235350941,0.6626436499324216,9.568511,False,Kupffer
ARSD-AS1,-0.001793067125011721,0.7335039187619182,0.9594864912295841,10.245887,False,Kupffer
PRKX-AS1,,1.0,1.0,0.0,False,Kupffer
WWC3-AS1,0.008894783412073847,0.09122385936545362,0.22114098492243392,8.915276,False,Kupffer
TLR8-AS1,-0.005170289653304717,0.326226807814815,0.5382699632384363,9.569215,False,Kupffer
PHKA2-AS1,-0.007874184349368233,0.13486875645360522,0.2946626248593957,7.7199135,False,Kupffer
ZFX-AS1,-0.008213342881159937,0.1188597096822931,0.2685233755387931,9.403882,False,Kupffer
GK-AS1,-0.001727502956614745,0.7428973757812979,0.9640908801492633,4.5021677,False,Kupffer
TAB3-AS2,,1.0,1.0,0.0,False,Kupffer
MID1IP1-AS1,-0.00562231961051337,0.28571192643871857,0.49163620622917564,10.412337,False,Kupffer
CASK-AS1,-0.008352818185678864,0.11272509497041233,0.25872807701985595,7.927147,False,Kupffer
ZNF674-AS1,0.02249157826941173,1.9438365755384573e-05,0.00011489938114312936,1.8907809,False,Kupffer
UXT-AS1,-0.006197053073293515,0.2393116216758468,0.43026235313803285,3.3013124,False,Kupffer
ZNF630-AS1,-0.003626010104258276,0.491131751287415,0.7196039072343619,9.058946,False,Kupffer
SYP-AS1,-0.006831410209160822,0.19457447392357674,0.3781931779190242,7.982521,False,Kupffer
SPIN4-AS1,,1.0,1.0,0.0,False,Kupffer
IGBP1-AS2,,1.0,1.0,0.0,False,Kupffer
IGBP1-AS1,-0.012610966676868115,0.016635401959585554,0.05417491279668805,8.852633,False,Kupffer
DLG3-AS1,,1.0,1.0,0.0,False,Kupffer
TSIX,-0.009269638241989831,0.07838088352219086,0.19606580428884263,2.8565464,False,Kupffer
XIST,-0.18907525889670512,2.1369945606013564e-287,1.8442263057989707e-284,6.8123164,False,Kupffer
JPX,-0.060211066359995236,2.5411337139681537e-30,7.562063431567298e-29,0.87677073,False,Kupffer
FTX,-0.03321699483417846,2.8085987297399414e-10,2.7543417088245108e-09,1.7291219,False,Kupffer
DIAPH2-AS1,-0.003073440068214353,0.5594982952994768,0.7941562974398824,8.95852,False,Kupffer
ARMCX3-AS1,-0.006951827601382737,0.1868248213997258,0.36979316712835636,7.232957,False,Kupffer
NXF5,,1.0,1.0,0.0,False,Kupffer
LINC00630,-0.011420373391633591,0.030115057156136184,0.08992835406832363,4.738384,False,Kupffer
TCEAL3-AS1,,1.0,1.0,0.0,False,Kupffer
MORF4L2-AS1,-0.02501741780096541,2.0235661985843515e-06,1.3970701035026362e-05,11.695042,False,Kupffer
ALG13-AS1,0.0010560170208995473,0.8410764157061297,1.0,9.244669,False,Kupffer
XIAP-AS1,0.002749810675458645,0.6015758808515711,0.8333226086274572,8.472248,False,Kupffer
RAP2C-AS1,-0.02474583256457779,2.608454112581302e-06,1.7586686712169246e-05,1.2732348,False,Kupffer
MIR503HG,-0.040219369245144763,2.1729943316146373e-14,2.641259307300608e-13,4.168748,False,Kupffer
LINC00629,-0.010592643578523742,0.044284281523923066,0.12132487287347811,9.91118,False,Kupffer
FGF13-AS1,-0.0002804826568989452,0.9575262552548378,1.0,7.9733124,False,Kupffer
LINC00632,0.005461029928349678,0.2997594745102316,0.5072400519653526,8.155778,False,Kupffer
HCFC1-AS1,-0.002219412935521476,0.6734461194143342,0.9024596289667242,8.715599,False,Kupffer
TMLHE-AS1,-0.04148137262452963,3.276855850486125e-15,4.350656306106963e-14,4.3570986,False,Kupffer
WASIR1,-0.010988096946484326,0.03693468476283234,0.10416546715792259,7.814188,False,Kupffer
FAM87A,,1.0,1.0,0.0,False,Kupffer
KBTBD11-OT1,0.00953901243336611,0.07009271827597112,0.17687139143907332,9.237305,False,Kupffer
GS1-24F4.2,-0.006721111925528986,0.2018775271901136,0.3862977959314147,7.838517,False,Kupffer
FAM66B,-0.0028055439824523224,0.5942285464643238,0.8284288058139251,8.646762,False,Kupffer
FAM66E,-0.007885821324246822,0.134293158374954,0.29414973522229776,7.9626913,False,Kupffer
FAM85B,-0.01533744739791148,0.0035860645539385035,0.013058116920037673,10.81703,False,Kupffer
FAM66D,-0.011761485650028615,0.025525820882136712,0.07811625326696447,10.061012,False,Kupffer
EXTL3-AS1,-0.008151993721773509,0.12163960279678554,0.2707873439673964,11.907968,False,Kupffer
RBPMS-AS1,,1.0,1.0,0.0,False,Kupffer
LINC00968,-0.008219490205600588,0.11858392565489127,0.2685233755387931,1.4603763,False,Kupffer
C8orf44,-0.045892112265165715,2.8166773310864502e-18,4.6746010321684743e-17,2.4705005,False,Kupffer
STAU2-AS1,-0.009640820076250918,0.06715375218451267,0.1709548322573287,10.199179,False,Kupffer
LINC01111,,1.0,1.0,0.0,False,Kupffer
LINC00534,,1.0,1.0,0.0,False,Kupffer
LINC01030,0.001159868285071935,0.8256872631738569,1.0,10.167927,False,Kupffer
RAD21-AS1,0.007216241773077151,0.17061216629444326,0.34638040617146043,11.232801,False,Kupffer
HAS2-AS1,,1.0,1.0,0.0,False,Kupffer
LINC01151,-0.005157203692932623,0.3274527586328842,0.5382699632384363,8.063884,False,Kupffer
FAM83A-AS1,-0.03206848069882197,1.1239225318333946e-09,1.0429517687873329e-08,11.799944,False,Kupffer
LINC00964,-0.007852157898936308,0.13596346542415066,0.2955578606071588,8.416889,False,Kupffer
LINC00861,-0.03309020332182983,3.28072715051989e-10,3.1811994729198488e-09,3.7115831,False,Kupffer
PCAT1,-0.0097792484094669,0.06332107249396947,0.1626371594115942,11.465481,False,Kupffer
CASC19,,1.0,1.0,0.0,False,Kupffer
CASC8,0.012112456490732317,0.021448201247106533,0.06830183644373777,10.944797,False,Kupffer
CASC11,-0.017879415043233773,0.0006857379399770612,0.0030504734134031127,3.8530798,False,Kupffer
CCDC26,-0.009578310538102708,0.06894599586634252,0.1744879602130604,1.5953197,False,Kupffer
ZFAT-AS1,,1.0,1.0,0.0,False,Kupffer
RHPN1-AS1,-0.01247556372190003,0.01783842217067924,0.057874279448481905,10.690401,False,Kupffer
ZNF252P-AS1,-0.010292456155526222,0.05065562577688743,0.13618630855281574,3.313933,False,Kupffer
CDKN2B-AS1,-0.005639563956021624,0.2842367954393853,0.49157586064967834,10.589165,False,Kupffer
FAM201A,0.01321465110920285,0.012096710614357253,0.040151774077655036,9.608313,False,Kupffer
FAM74A6,-0.005109887643381932,0.33191045610541253,0.5397018990513195,8.7792845,False,Kupffer
FAM74A4,-0.00734649932922193,0.16302374917658752,0.338597201451337,10.424066,False,Kupffer
FAM27E3,0.0029142655204152618,0.5800151646399232,0.8152330408538334,10.017339,False,Kupffer
PGM5-AS1,0.006098661498310503,0.2468534312016877,0.442899191532342,10.256725,False,Kupffer
MAMDC2-AS1,-0.014128413319518458,0.007299986334204636,0.025199552825674404,9.2820215,False,Kupffer
PCA3,0.0026238848574069045,0.6183256708699738,0.8497054999375596,7.7106056,False,Kupffer
VPS13A-AS1,-0.007407153248636338,0.15957830966699216,0.33506863031318596,8.1021,False,Kupffer
LINC00484,-0.01795971421211294,0.0006485110792851441,0.0028998189711040385,3.2851171,False,Kupffer
PCAT7,-0.0027717878662523237,0.5986737282953681,0.8306357355609368,9.941596,False,Kupffer
LINC00092,-0.008374279794083754,0.11180369890328219,0.25729757907608675,8.560209,False,Kupffer
FAM225B,-0.007418342960994035,0.15894874111318683,0.33456771605043956,1.8046408,False,Kupffer
FAM225A,-0.040013751160051764,2.941602261933285e-14,3.477538016504692e-13,3.8557992,False,Kupffer
PAPPA-AS1,,1.0,1.0,0.0,False,Kupffer
GSN-AS1,-0.03419742269918564,8.286040793625562e-11,8.512920482022452e-10,2.9444795,False,Kupffer
MIR181A2HG,-0.0223953130855765,2.1096285218395765e-05,0.00012385098056786085,10.982685,False,Kupffer
ODF2-AS1,,1.0,1.0,0.0,False,Kupffer
HMGA1P4,-0.013519560991390022,0.01025191426555275,0.034695694161458915,1.0651393,False,Kupffer
DBH-AS1,0.0005479497301526567,0.9171337755121152,1.0,8.052899,False,Kupffer
PPP1R26-AS1,-0.003973704257188422,0.4505305349936822,0.6797340064677407,9.619846,False,Kupffer
C9orf163,-0.000627630351440847,0.9051370260382983,1.0,10.544316,False,Kupffer
SNHG7,-0.14482582325409482,3.1680887280181463e-168,1.3670302861398302e-165,1.2518435,False,Kupffer
CCDC183-AS1,-0.007209994061308818,0.1709826802190523,0.34638040617146043,10.2069645,False,Kupffer
IDI2-AS1,-0.015043486508123387,0.004281750976088561,0.015332577146740365,3.4140387,False,Kupffer
LINC00200,0.0063966800313765585,0.2245127853282094,0.41136843681155993,9.722468,False,Kupffer
LINC00702,0.00025800562111380623,0.9609271326783512,1.0,8.855135,False,Kupffer
PRKCQ-AS1,-0.016100437819770275,0.002233012018159751,0.008526944122441881,1.7999101,False,Kupffer
LINC00707,-0.009699539443598488,0.06550527974402987,0.16725164621034844,8.331446,False,Kupffer
GATA3-AS1,,1.0,1.0,0.0,False,Kupffer
SFTA1P,0.006080733068688848,0.24824540138968015,0.4444725755172074,8.668027,False,Kupffer
CELF2-AS1,-0.005136764569019437,0.32937356168236703,0.539372644652529,9.948086,False,Kupffer
PROSER2-AS1,0.008442878252130546,0.10889840802678057,0.254673752431041,7.6611032,False,Kupffer
VIM-AS1,0.036362726757233205,4.9554464260993156e-12,5.553961384056766e-11,2.0761368,False,Kupffer
ST8SIA6-AS1,-0.008345574141058883,0.11303744594607959,0.2587568059720602,9.45958,False,Kupffer
NEBL-AS1,0.017307936658989755,0.0010137557270115715,0.004352592997069583,9.877804,False,Kupffer
GPR158-AS1,,1.0,1.0,0.0,False,Kupffer
WAC-AS1,-0.034141860941659226,8.887628584220747e-11,8.918631939747099e-10,0.90194476,False,Kupffer
LINC00838,-0.014725251223127574,0.005170969404004076,0.018140433315672836,9.387538,False,Kupffer
LINC00839,-0.0018726348559983904,0.7221576401148239,0.9529389043105397,8.826866,False,Kupffer
ZNF32-AS1,-0.007572128957954442,0.15048565422084656,0.32083883588755147,8.141484,False,Kupffer
ZNF32-AS2,-0.009195071266872416,0.08081110620972552,0.20097978287894272,8.881873,False,Kupffer
TMEM72-AS1,-0.008447207962359496,0.10871705792242305,0.254673752431041,10.287752,False,Kupffer
LINC00842,0.001053399204226991,0.8414651476057419,1.0,9.168381,False,Kupffer
PRKG1-AS1,,1.0,1.0,0.0,False,Kupffer
LINC00844,-0.019623427670194194,0.00019418813731888215,0.0009726106447069117,11.9784565,False,Kupffer
JMJD1C-AS1,-0.0015165290494774553,0.7733780900143383,0.9902452398848278,3.3773727,False,Kupffer
UNC5B-AS1,-0.010746913264137965,0.04128212358842676,0.1149241053445558,9.1039295,False,Kupffer
DNAJC9-AS1,-0.00485938707975154,0.3561599371504332,0.567172729948592,9.224774,False,Kupffer
C10orf55,-0.022072126469734193,2.770295433471774e-05,0.0001583288052374928,11.204506,False,Kupffer
ZNF503-AS1,-0.0018038525944855549,0.7319624426756405,0.9594864912295841,10.323067,False,Kupffer
DLG5-AS1,-0.005686939027623141,0.2802107651687876,0.4895179966410197,8.175135,False,Kupffer
LINC00595,-0.009151896277975538,0.08224596946034005,0.20351508787558875,9.866141,False,Kupffer
ZMIZ1-AS1,-0.015374717890569696,0.003505625277483194,0.01281929921384744,2.6847339,False,Kupffer
TMEM254-AS1,-0.016856744986292003,0.0013695631016783902,0.005497362589527678,11.608418,False,Kupffer
NUTM2A-AS1,0.0014787154944607523,0.778879923103654,0.9958124053903012,0.48819613,False,Kupffer
LINC00863,0.009385449048939752,0.0747247041713359,0.18746342936006655,2.0851455,False,Kupffer
ACTA2-AS1,-0.006766141958754828,0.19887222650927658,0.383134252230726,9.096439,False,Kupffer
LINC00865,-0.04063932970149774,1.1651782341722139e-14,1.4573171247690153e-13,4.442144,False,Kupffer
ENTPD1-AS1,-0.04348698798048646,1.441826086579237e-16,2.262356204941603e-15,1.7693048,False,Kupffer
DNMBP-AS1,-0.0219326113490545,3.112568460529438e-05,0.00017556513604162778,4.1995187,False,Kupffer
KCNIP2-AS1,-0.006789371572900328,0.1973347304190761,0.3818382788153871,8.789268,False,Kupffer
PDCD4-AS1,-0.015156280662695053,0.004001502350371579,0.014448939449249675,0.7782917,False,Kupffer
CASC2,-0.014921711214769246,0.004604193830160189,0.01628450522716493,10.01378,False,Kupffer
LINC00867,0.0006846710241852314,0.8965620723706269,1.0,9.326802,False,Kupffer
FAM53B-AS1,-0.003018916060063372,0.5664864232992901,0.8001273049219105,8.286553,False,Kupffer
EDRF1-AS1,0.0028506291033132077,0.5883151574437326,0.8242142546654891,9.321166,False,Kupffer
LINC00601,,1.0,1.0,0.0,False,Kupffer
LINC01166,,1.0,1.0,0.0,False,Kupffer
MIR202HG,0.0010135039426397137,0.8473941110449731,1.0,9.088323,False,Kupffer
LINC01001,0.01697831477949574,0.0012637870524909096,0.0051935629823793095,4.21864,False,Kupffer
MIR210HG,-0.034381500319190676,6.563915853220557e-11,6.824890820878724e-10,12.751875,False,Kupffer
KRTAP5-AS1,-0.011804785360929585,0.02498895666813271,0.07674544343273497,10.183683,False,Kupffer
FAM99B,,1.0,1.0,0.0,False,Kupffer
LINC01150,-0.0017045803656474301,0.7461906575841034,0.9669107169595815,9.000286,False,Kupffer
MRPL23-AS1,0.0005829791354987925,0.9118572443026816,1.0,8.92231,False,Kupffer
KCNQ1OT1,-0.0699273834857103,2.5046172652124797e-40,1.200824833265761e-38,1.8141305,False,Kupffer
KCNQ1-AS1,-0.0008140822860716756,0.8771538938646608,1.0,7.7277985,False,Kupffer
SLC22A18AS,-0.08364697115740238,5.333276902411905e-57,3.8355149723178954e-55,1.9901481,False,Kupffer
RRM1-AS1,0.002798436660846735,0.595163220862843,0.8284288058139251,8.067966,False,Kupffer
TMEM9B-AS1,-0.015081226932675156,0.00418605937913569,0.01505237185080875,2.822379,False,Kupffer
SBF2-AS1,-0.04694264395268484,4.730894371594156e-19,8.50575383892866e-18,2.7148767,False,Kupffer
ZBED5-AS1,-0.00391482368683463,0.45726953364872985,0.6863019261545285,1.1666288,False,Kupffer
LINC00958,-0.008253840017658382,0.11705213271741619,0.26653295655707165,10.894196,False,Kupffer
NAV2-AS3,-0.00293859566037683,0.5768563949632644,0.8134429229629039,9.168381,False,Kupffer
NAV2-AS2,-0.016373532307656598,0.0018758299507118635,0.007259377791319902,10.60137,False,Kupffer
BDNF-AS,-0.010673721466092944,0.042684265268385965,0.1180657722006958,3.2776022,False,Kupffer
LINC00678,-0.001646884923034993,0.7545001673829644,0.9747509647477519,7.416525,False,Kupffer
WT1-AS,-0.0055396966173209715,0.2928514370632226,0.5013739825336776,8.386861,False,Kupffer
ALKBH3-AS1,-0.00549391613721198,0.2968584951569686,0.5043800298045754,9.13323,False,Kupffer
LRP4-AS1,-0.02174440958566003,3.6383523793534446e-05,0.00020257407118593696,3.0202546,False,Kupffer
NEAT1,-0.005173870822076883,0.32589182857482124,0.5382699632384363,0.45937622,False,Kupffer
MALAT1,-0.11471363730030242,7.117519698687312e-106,1.0237365833278584e-103,0.17535424,False,Kupffer
SHANK2-AS1,-0.004451077023912842,0.3980127505004635,0.6157682894761618,8.776387,False,Kupffer
SHANK2-AS3,-0.001342138873039204,0.79884224087366,1.0,8.920303,False,Kupffer
ARAP1-AS1,0.0024311156051444642,0.644352801581962,0.8743340688132596,10.228382,False,Kupffer
ARAP1-AS2,0.012216607155392308,0.02035285306026025,0.06529558435317694,10.670161,False,Kupffer
KCTD21-AS1,-0.011980146820974537,0.022913453020262303,0.07164605056697959,2.3340416,False,Kupffer
SCARNA9,-0.006576256079631886,0.21176951994847892,0.3978022297834084,9.584268,False,Kupffer
COLCA1,,1.0,1.0,0.0,False,Kupffer
NCAM1-AS1,,1.0,1.0,0.0,False,Kupffer
LINC00900,-0.05051254929271875,8.193804691363759e-22,1.860856170696559e-20,5.0011287,False,Kupffer
APOA1-AS,,1.0,1.0,0.0,False,Kupffer
USP2-AS1,0.008389617823402654,0.11114885001661635,0.25716208462289525,10.304775,False,Kupffer
SENCR,-0.024016688610350095,5.0922209503444715e-06,3.279542298617372e-05,0.69065094,False,Kupffer
LINC00940,-0.008395447049512353,0.11090076973525198,0.25716208462289525,7.3256016,False,Kupffer
CACNA1C-AS2,-0.01934233780380825,0.00023965281505257982,0.001175115791990775,4.115055,False,Kupffer
CACNA1C-AS1,-0.007158994001808718,0.17402974867864485,0.35008781610645806,9.488827,False,Kupffer
CCND2-AS1,-0.01811507950469223,0.0005817622911649812,0.0026564066522506815,10.86759,False,Kupffer
CD27-AS1,-0.10530833512433194,1.948915072678718e-89,2.1023921346521674e-87,2.119716,False,Kupffer
C1RL-AS1,-0.0240226145652551,5.06498809881742e-06,3.279542298617372e-05,2.687201,False,Kupffer
FAM66C,-0.03150826545461595,2.173461565969978e-09,1.9139768688082563e-08,3.3709307,False,Kupffer
LINC00937,-0.05883949755057165,4.986968493215107e-29,1.4345846032148792e-27,2.1568403,False,Kupffer
A2ML1-AS2,,1.0,1.0,0.0,False,Kupffer
A2M-AS1,-0.048127225281099924,6.034759230842564e-20,1.1836357309584393e-18,2.1524243,False,Kupffer
LINC00987,-0.04138817105430291,3.7755363878274736e-15,4.936799852568348e-14,4.0375295,False,Kupffer
LOH12CR2,-0.02745929302812214,1.8385689996165946e-07,1.367831936783725e-06,2.2185493,False,Kupffer
RASSF8-AS1,-0.042435489107991095,7.549269968544185e-16,1.0680360627628903e-14,4.480377,False,Kupffer
OVCH1-AS1,0.048666927220449754,2.3225517508443282e-20,4.661307351113151e-19,13.263235,False,Kupffer
LINC00941,-0.0013384427897866597,0.7993843640960476,1.0,8.955052,False,Kupffer
DDX11-AS1,-0.01067996245822677,0.042563155864967145,0.1180657722006958,9.437205,False,Kupffer
DENND5B-AS1,-0.0052949067433592295,0.3147018092450502,0.5263326770900743,8.754337,False,Kupffer
LINC00938,-0.005178194403595525,0.3254877027985672,0.5382699632384363,0.60103464,False,Kupffer
BCDIN3D-AS1,-0.004667975928362481,0.3754229470807151,0.589402611991109,10.727234,False,Kupffer
LINC00592,-0.0034307104005668887,0.5147715437839607,0.7428893683704985,9.357109,False,Kupffer
HOXC-AS2,-0.007860017597342126,0.13557205583743837,0.29545122269623564,7.664156,False,Kupffer
AGAP2-AS1,-0.053079579025543534,6.379594515739323e-24,1.6683606263887987e-22,4.7303033,False,Kupffer
IFNG-AS1,-0.004292032021737375,0.41508618476349657,0.6385372147074823,10.102687,False,Kupffer
CLLU1,-0.018727598341185855,0.00037609675512724694,0.0017736147523213885,11.194434,False,Kupffer
TMPO-AS1,0.0089419297297067,0.08952105464480271,0.21762442298159082,1.991137,False,Kupffer
LINC00485,-0.0030893638525504355,0.5574653261807305,0.7925742611103302,7.215663,False,Kupffer
CASC18,,1.0,1.0,0.0,False,Kupffer
USP30-AS1,-0.046875783039977116,5.30599740041276e-19,9.345052564400432e-18,1.6423559,False,Kupffer
FAM222A-AS1,,1.0,1.0,0.0,False,Kupffer
MAPKAPK5-AS1,-0.12050625358631782,1.0319371478967317e-116,2.968539195449598e-114,1.6259043,False,Kupffer
PXN-AS1,-0.020010932753304587,0.00014466053929355826,0.0007300704409961449,1.3025746,False,Kupffer
HNF1A-AS1,-0.005444080421461299,0.30126199399749404,0.5087849331112276,8.746624,False,Kupffer
DNAH10OS,-0.00027561399716687036,0.9582628420951301,1.0,9.205434,False,Kupffer
LINC00939,0.00041842514019967413,0.9366741723869654,1.0,7.835923,False,Kupffer
LINC00943,-0.007812457786968765,0.13795386086236544,0.2991311103623653,8.426135,False,Kupffer
LINC00944,-0.0035455985816145365,0.50079387068694,0.7288113160250071,2.3839035,False,Kupffer
LINC00507,-0.0020713815283887136,0.6940869785496918,0.9187071510558037,8.584156,False,Kupffer
LINC01072,,1.0,1.0,0.0,False,Kupffer
LATS2-AS1,0.0069052012011141285,0.18979804171886297,0.3731109567275142,1.9363012,False,Kupffer
LINC00621,-0.02207395217928776,2.7660631302267464e-05,0.0001583288052374928,10.031513,False,Kupffer
LINC00327,-0.009150217922165185,0.08230216184076533,0.20351508787558875,10.002779,False,Kupffer
SPATA13,0.07404580226657306,5.101046679875565e-45,2.7513770529578828e-43,3.0584345,False,Kupffer
SPATA13-AS1,-0.013016523591435158,0.013447790108249754,0.04429558344816618,2.4586859,False,Kupffer
WASF3-AS1,-0.004451901824204273,0.39792532597697117,0.6157682894761618,7.9001484,False,Kupffer
LINC00412,-0.008422565117642885,0.10975242107043894,0.255300106155765,8.836084,False,Kupffer
LINC00543,-0.005651403108990717,0.2832270295615014,0.49157586064967834,9.798489,False,Kupffer
PAN3-AS1,-0.018105076557661373,0.0005858593680097441,0.0026610349189074164,1.9389596,False,Kupffer
MTUS2-AS1,-0.006572389666724012,0.21203826848246562,0.3978022297834084,9.7556715,False,Kupffer
LINC00544,0.001961953145044786,0.70949346822908,0.9376613523456294,8.180698,False,Kupffer
LINC00384,,1.0,1.0,0.0,False,Kupffer
LINC00427,,1.0,1.0,0.0,False,Kupffer
LINC00426,-0.02173270746163129,3.673686209984642e-05,0.00020323020507799657,11.825596,False,Kupffer
LINC01058,,1.0,1.0,0.0,False,Kupffer
LINC00398,-0.008199007735109698,0.1195047725612961,0.26857452791770453,8.028786,False,Kupffer
TEX26-AS1,-0.0010036592699354686,0.8488585027620991,1.0,8.375411,False,Kupffer
LINC00545,-0.013614647563401437,0.009730215907252157,0.03319042026861111,9.464379,False,Kupffer
FRY-AS1,-0.008160299311628191,0.12126030591429436,0.2707873439673964,3.0015259,False,Kupffer
LINC01048,,1.0,1.0,0.0,False,Kupffer
LINC00571,-0.005138022506182868,0.32925513441141196,0.539372644652529,9.770364,False,Kupffer
LINC00332,-0.007456771120027567,0.15680095954606457,0.33085385840648834,7.8670444,False,Kupffer
LINC00598,,1.0,1.0,0.0,False,Kupffer
LINC01050,-0.004689772482995557,0.37319749381754697,0.587717951030188,9.009445,False,Kupffer
SMIM2-AS1,-0.01110976794107953,0.03489365725334011,0.10037742069877505,10.442597,False,Kupffer
LINC00407,,1.0,1.0,0.0,False,Kupffer
LINC00330,-0.007136823703550209,0.1753669202920477,0.3511407243898774,9.561961,False,Kupffer
TPT1-AS1,-0.0267017833995819,3.956377479374651e-07,2.8452948039169364e-06,1.233901,False,Kupffer
SLC25A30-AS1,-0.007795627097903927,0.1388044283934668,0.29953775684420453,10.2663555,False,Kupffer
CPB2-AS1,-0.006038145639532026,0.2515738929250347,0.4476459166892885,10.235312,False,Kupffer
LINC00563,0.012064594307485937,0.021968546990632457,0.06964698009079162,9.554374,False,Kupffer
LINC00562,-0.02156962950557497,4.201274839229425e-05,0.00022947469533259453,2.6517463,False,Kupffer
SUCLA2-AS1,-0.003716919104510175,0.4803300150314283,0.7049741547144942,8.927384,False,Kupffer
MED4-AS1,-0.004997069042178621,0.3426966433400593,0.5517671701538641,8.394885,False,Kupffer
LINC00462,0.0013330249855775759,0.8001791955248116,1.0,9.278174,False,Kupffer
DLEU1,-0.030324358494966824,8.445326147220855e-09,7.076035402962715e-08,1.9648886,False,Kupffer
RNASEH2B-AS1,-0.0114767855557052,0.02931039939370371,0.08813545183542265,2.4986649,False,Kupffer
INTS6-AS1,-0.03677551224092461,2.8423721411643194e-12,3.2275883655589574e-11,1.4123521,False,Kupffer
LINC00355,-0.0026447815164289483,0.6155320557260462,0.8472155727138403,9.697074,False,Kupffer
PCDH9-AS1,,1.0,1.0,0.0,False,Kupffer
LINC00393,,1.0,1.0,0.0,False,Kupffer
LINC00402,-0.008227284619962643,0.1182349707989771,0.26851784157767694,8.492812,False,Kupffer
LINC00381,,1.0,1.0,0.0,False,Kupffer
MYCBP2-AS1,-6.172482322477633e-05,0.9906487490355472,1.0,9.826721,False,Kupffer
EDNRB-AS1,-0.006647503496500109,0.20686121379774675,0.39149391997249006,8.949007,False,Kupffer
RBM26-AS1,-0.017792563814972413,0.0007282322218414282,0.0031740626638846092,1.7279735,False,Kupffer
LINC01068,,1.0,1.0,0.0,False,Kupffer
LINC00333,,1.0,1.0,0.0,False,Kupffer
MIR4500HG,,1.0,1.0,0.0,False,Kupffer
LINC00379,-0.01953637576807709,0.00020732027327781172,0.0010282608956250086,11.392044,False,Kupffer
LINC00359,0.0023784984178528957,0.6515352266772726,0.8826921516836519,9.250641,False,Kupffer
FARP1-AS1,-0.0073048213486363815,0.16542358122716466,0.3415324177010601,9.959008,False,Kupffer
STK24-AS1,-0.009066743065422735,0.085136456359292,0.20872943703996874,11.414853,False,Kupffer
DOCK9-AS1,-0.0058611063191979776,0.26574375723983307,0.4689915388506665,11.704401,False,Kupffer
UBAC2-AS1,-0.009523882496112331,0.07053836368000296,0.17747699083336022,1.8996949,False,Kupffer
LINC00449,-0.016876841333717904,0.0013515323188848208,0.005450338276624301,11.60805,False,Kupffer
CLYBL-AS1,,1.0,1.0,0.0,False,Kupffer
PCCA-AS1,-0.0022702220121837216,0.6664168749844469,0.8958220609214606,8.776387,False,Kupffer
NALCN-AS1,-0.004658602898683208,0.3763824593634829,0.5895064653914442,8.91838,False,Kupffer
FGF14-AS2,-0.009984631604182148,0.05796912231279487,0.15159803804830901,11.356708,False,Kupffer
LINC00551,,1.0,1.0,0.0,False,Kupffer
LINC00399,-0.00039459300790671906,0.9402740573666986,1.0,9.919718,False,Kupffer
COL4A2-AS2,-0.003826474688981887,0.46748663189958967,0.6920085134294097,10.3502655,False,Kupffer
COL4A2-AS1,-0.010600284473514276,0.04413136425653977,0.1212909788324644,11.8411875,False,Kupffer
ATP11A-AS1,-0.014590635432005098,0.005594957472278935,0.019391358628822172,11.693233,False,Kupffer
MCF2L-AS1,-0.01124412544666548,0.03275247004454862,0.09581485304557782,9.795399,False,Kupffer
GAS6-AS1,-0.0021377124927008523,0.6848088817264418,0.912130314619651,9.736878,False,Kupffer
LINC01054,,1.0,1.0,0.0,False,Kupffer
PRMT5-AS1,-0.006835793226976913,0.19428832383617306,0.3781931779190242,11.110197,False,Kupffer
DHRS4-AS1,0.003382818001662662,0.520657587720233,0.7488791636709351,7.635645,False,Kupffer
ARHGAP5-AS1,-0.018692117541020112,0.00038585562306474704,0.0018097467538308516,2.582467,False,Kupffer
PTCSC3,-0.009828997917346,0.061988580127999175,0.16016809775587812,8.591005,False,Kupffer
SFTA3,-0.007662216381379668,0.1456901010222591,0.31198649424865904,8.456186,False,Kupffer
SLC25A21-AS1,0.007253882992796528,0.16839261226555932,0.34355277632429715,8.790396,False,Kupffer
LINC00639,-0.008537911074320143,0.10497260350298496,0.24684293412282293,10.563831,False,Kupffer
LINC00871,,1.0,1.0,0.0,False,Kupffer
LINC00648,-0.04153907069153578,3.001262412089788e-15,4.0470147838023236e-14,12.371115,False,Kupffer
LINC00640,-0.009108646759204732,0.08370395165301026,0.2063900293615653,8.911973,False,Kupffer
KTN1-AS1,-0.013369085051500359,0.011128480143173422,0.037401995581087505,3.4016886,False,Kupffer
OTX2-AS1,,1.0,1.0,0.0,False,Kupffer
HIF1A-AS1,-0.009209802393583152,0.0803262125831617,0.2003512180903715,9.253369,False,Kupffer
ADAM20P1,-0.01944282488149262,0.00022236017274084746,0.0010965533090020077,10.744789,False,Kupffer
C14orf178,-0.006480950941756713,0.2184660137073837,0.40234132112780757,9.6084,False,Kupffer
DIO2-AS1,-0.00041791918477017035,0.9367505846483579,1.0,7.779827,False,Kupffer
FOXN3-AS1,0.0010364190981172743,0.8439875376600551,1.0,1.5302668,False,Kupffer
FOXN3-AS2,-0.010190996945672463,0.052975689255485015,0.14110499946754188,9.574345,False,Kupffer
LINC00642,-0.007792725525218116,0.138951471620076,0.29953775684420453,7.584511,False,Kupffer
ITPK1-AS1,-0.03130433727967202,2.755610191739837e-09,2.402112722698464e-08,4.8461814,False,Kupffer
DICER1-AS1,-0.0332771702590953,2.6084166159682627e-10,2.5874293558397824e-09,2.1505895,False,Kupffer
SNHG10,-0.008175570694450424,0.12056531254623759,0.27025419409715074,0.8599396,False,Kupffer
MEG3,0.017115356602569656,0.0011536207778540953,0.004786416977346559,4.746852,False,Kupffer
MEG8,0.0001681588178213515,0.9745278468111364,1.0,8.454929,False,Kupffer
MEG9,0.0039016114731360058,0.458789436746602,0.6873876456811068,8.611592,False,Kupffer
DIO3OS,-0.012610998545092948,0.016635127417326003,0.05417491279668805,8.676713,False,Kupffer
LINC00677,7.0920577894391e-05,0.9892556798535302,1.0,10.255177,False,Kupffer
LINC00638,-0.029886615845460207,1.3776386770640837e-08,1.1322877888631469e-07,3.7229805,False,Kupffer
LINC00226,,1.0,1.0,0.0,False,Kupffer
LINC00221,-0.011952661318418259,0.023228518084190217,0.07236899316482368,9.541876,False,Kupffer
PWRN1,-0.0005676819919033065,0.9141610116326389,1.0,8.373482,False,Kupffer
LINC00929,,1.0,1.0,0.0,False,Kupffer
GOLGA8M,-0.006465926263499877,0.21953543476567713,0.4031044259633604,11.035001,False,Kupffer
LINC00926,-0.02776579468191965,1.3407123514366284e-07,1.023924565743195e-06,2.58524,False,Kupffer
USP3-AS1,-0.005743211468016732,0.27547918176998115,0.48277257776738564,11.305059,False,Kupffer
IQCH-AS1,-0.02742464132698214,1.9049996334147987e-07,1.4051407552452745e-06,1.0609779,False,Kupffer
HEXA-AS1,-0.003025359573363341,0.5656584064275169,0.8001273049219105,1.5448732,False,Kupffer
ADPGK-AS1,-0.01180610590191476,0.024972738348608376,0.07674544343273497,1.160109,False,Kupffer
LOXL1-AS1,-0.009836506030858378,0.061789512219803326,0.1601331803173882,10.64254,False,Kupffer
DNM1P35,-0.025716471257062914,1.0403054169048e-06,7.2990534535678235e-06,11.511841,False,Kupffer
ST20,-0.010239547536094755,0.05185463746302107,0.13897686997076764,2.2561297,False,Kupffer
PRC1-AS1,-0.01737092524424393,0.0009715301360270738,0.004192152536956823,9.861225,False,Kupffer
LINC00924,0.002300388144168908,0.6622572713708426,0.8930125393641205,10.663885,False,Kupffer
NR2F2-AS1,-0.002898618655627489,0.5820508638597883,0.8167640577414591,7.6278687,False,Kupffer
SPATA8,-0.004834849806578966,0.3585938748918755,0.5699199153438095,8.883512,False,Kupffer
LINC00923,-0.026962419850341302,3.046277577375039e-07,2.2091912178778643e-06,11.776023,False,Kupffer
SPATA41,-0.02405994774675937,4.896602734385807e-06,3.201339514981024e-05,2.6259632,False,Kupffer
WASIR2,-0.007480551025214248,0.15548294535294213,0.329684967664838,6.9798145,False,Kupffer
SNHG9,-0.023726947531847637,6.608834242954161e-06,4.163083176401052e-05,0.574888,False,Kupffer
SRRM2-AS1,-0.004980553496580857,0.34429423214968985,0.5533071179612333,2.2304134,False,Kupffer
BCAR4,,1.0,1.0,0.0,False,Kupffer
IL21R-AS1,-0.005997381156677656,0.25478894882520464,0.4524338741484601,8.892462,False,Kupffer
FBXL19-AS1,-0.0016346869569117118,0.7562606451890561,0.9755649279494102,2.4302883,False,Kupffer
CRNDE,0.002693549081298732,0.6090341469693493,0.8409543501352775,2.3707924,False,Kupffer
LINC00920,-0.023406386775898645,8.788413810421225e-06,5.456403682297494e-05,1.2524185,False,Kupffer
VAC14-AS1,-0.008638944746850744,0.10092298472958335,0.23927619731217148,9.446696,False,Kupffer
LINC00311,-0.006850477261617544,0.1933319111928022,0.37747836959137626,9.7040415,False,Kupffer
FENDRR,-0.0005428901758576184,0.9178962110076052,1.0,7.472314,False,Kupffer
SNAI3-AS1,-0.022689038244197667,1.641766240430247e-05,9.83919628813405e-05,1.8857365,False,Kupffer
LINC00304,-0.002498757291788827,0.6351681095750558,0.8659558903053287,8.966971,False,Kupffer
VPS9D1-AS1,-0.014668607780394005,0.005345704527705774,0.018602189546008396,9.40997,False,Kupffer
PITPNA-AS1,-0.04295073139317682,3.3708453427046855e-16,5.1947134477752566e-15,0.9070835,False,Kupffer
MIR22HG,0.04005536897766766,2.767041146278552e-14,3.316606262831098e-13,1.8752527,False,Kupffer
MIR497HG,-0.016574144604228503,0.0016477538234305961,0.006463688861911838,2.460023,False,Kupffer
LINC00324,-0.04061427874103525,1.209523893441304e-14,1.4911701714854932e-13,0.87479424,False,Kupffer
MPRIP-AS1,-0.0260538018717635,7.500240017350729e-07,5.314263036033117e-06,2.804843,False,Kupffer
SMCR2,-0.009817917630860365,0.06228332882446609,0.1604492918672067,8.664312,False,Kupffer
RAI1-AS1,,1.0,1.0,0.0,False,Kupffer
SMCR5,-0.005669587853129607,0.28168078392074897,0.4910919525729421,1.1264024,False,Kupffer
FAM106A,-0.023897115663003805,5.672628890300512e-06,3.599616714948046e-05,12.3649435,False,Kupffer
ZNF286B,-0.022178013089009668,2.534738592627134e-05,0.00014681069835149107,11.687679,False,Kupffer
TRIM16L,-0.03416895464833847,8.589124037850693e-11,8.720487111370762e-10,1.5766063,False,Kupffer
EPN2-AS1,5.033142386765336e-05,0.9923747795128517,1.0,11.014314,False,Kupffer
CCDC144NL,-0.0423287970265225,8.910445065643155e-16,1.2205895383571497e-14,13.190907,False,Kupffer
UBBP4,0.0011182854114505775,0.8318415164713702,1.0,1.8833337,False,Kupffer
RAMP2-AS1,-0.019317608480593076,0.00024409782208388204,0.0011901492681264984,3.4353032,False,Kupffer
LINC00671,0.010582539643906382,0.04448717801212484,0.12149504627994852,12.736993,False,Kupffer
LINC00910,-0.0506694721933964,6.131070067457966e-22,1.430030667085466e-20,1.5063648,False,Kupffer
FAM215A,-0.007050994865565489,0.18061588383310154,0.35832530516773936,8.29482,False,Kupffer
ASB16-AS1,-0.056280073542719265,1.07477805682855e-26,2.898542072009496e-25,1.9291859,False,Kupffer
MAP3K14-AS1,-0.0031454024793929206,0.5503396742448381,0.7837345525961968,9.635948,False,Kupffer
KANSL1-AS1,0.01809696848159046,0.0005892000235656296,0.0026621969651159077,1.0634117,False,Kupffer
HOXB-AS1,-0.1176614902391689,2.5401518193448643e-111,5.480377550236544e-109,4.025543,False,Kupffer
HOXB-AS3,-0.005330838367320784,0.3114290598391557,0.5235530454212961,9.521847,False,Kupffer
HOXB-AS2,,1.0,1.0,0.0,False,Kupffer
TBC1D3P1-DHX40P1,,1.0,1.0,0.0,False,Kupffer
KCNJ2-AS1,-0.02038834943250092,0.00010805817346574834,0.0005584084053948552,2.0984445,False,Kupffer
LINC01152,-0.0022717398784722334,0.666207330002628,0.8958220609214606,7.17511,False,Kupffer
LINC00511,-0.010402473200329151,0.048236677080998616,0.13049608878025645,2.866064,False,Kupffer
LINC00469,,1.0,1.0,0.0,False,Kupffer
RNF157-AS1,,1.0,1.0,0.0,False,Kupffer
LINC00868,,1.0,1.0,0.0,False,Kupffer
DNAH17-AS1,-0.0003526596401551909,0.9466110839074601,1.0,3.194808,False,Kupffer
C1QTNF1-AS1,0.00048071751209244286,0.927271098696426,1.0,9.077613,False,Kupffer
LINC00482,-0.0007028711674387982,0.893828527270289,1.0,3.903328,False,Kupffer
TMEM105,-0.024734312614679035,2.636548295959715e-06,1.759552509837229e-05,3.5022726,False,Kupffer
MAFG-AS1,-0.01572148293034031,0.002832232698980196,0.010535417324223745,10.81274,False,Kupffer
LINC00470,0.028625013446352134,5.435626629976986e-08,4.3434683163612403e-07,12.513477,False,Kupffer
DLGAP1-AS1,-0.031030722238388778,3.7800930668966054e-09,3.22992110567502e-08,0.8405328,False,Kupffer
DLGAP1-AS2,0.04261735421547935,5.685614806755806e-16,8.459802721086656e-15,2.2768807,False,Kupffer
DLGAP1-AS3,0.005739493271017756,0.2757901284349028,0.48277257776738564,9.078393,False,Kupffer
DLGAP1-AS5,,1.0,1.0,0.0,False,Kupffer
LINC00667,-0.0499808985107809,2.1744032340056996e-21,4.811564079351074e-20,0.64907527,False,Kupffer
LINC00526,-0.01688998523295125,0.0013398581064181464,0.005428626975769298,0.761703,False,Kupffer
LDLRAD4-AS1,0.002824778298571207,0.5917024392401272,0.826391745900595,9.840674,False,Kupffer
CYP4F35P,-0.00232413099811631,0.658990676803778,0.8913933449555805,8.776508,False,Kupffer
GATA6-AS1,0.008675759983735402,0.09947867744560292,0.2371549686065064,8.721473,False,Kupffer
AQP4-AS1,-0.0038294533555145727,0.46714011622726065,0.6920085134294097,9.089958,False,Kupffer
LINC00907,-0.00040166437474512174,0.9392057844496153,1.0,9.614297,False,Kupffer
LINC-ROR,0.007387361076458119,0.16069649534350489,0.33506863031318596,8.032562,False,Kupffer
LINC00305,,1.0,1.0,0.0,False,Kupffer
GTSCR1,0.0035776108420216396,0.49693529982808554,0.7256432550789134,8.446902,False,Kupffer
LINC00683,0.006230327412317406,0.23679826704991022,0.4266323684009865,10.575552,False,Kupffer
SDCBP2-AS1,-0.021535393332681913,4.3208128540958155e-05,0.0002345195907600433,2.2046652,False,Kupffer
UBOX5-AS1,0.0017437466300890036,0.7405664931388494,0.9625133788837756,9.168381,False,Kupffer
LINC00654,-0.011893874216120011,0.023915040475085893,0.0742398558633062,4.4738746,False,Kupffer
CASC20,,1.0,1.0,0.0,False,Kupffer
SNAP25-AS1,-0.00565000428126936,0.28334620935056437,0.49157586064967834,7.692073,False,Kupffer
LINC00687,-0.0007144907180605049,0.8920840022911336,1.0,8.378698,False,Kupffer
ISM1-AS1,,1.0,1.0,0.0,False,Kupffer
LINC00237,-0.01803991743401988,0.0006132120216584748,0.002756260284850332,10.696915,False,Kupffer
LINC00261,-0.0181717111263538,0.0005590653195726779,0.0025663477169745796,10.731834,False,Kupffer
LINC00656,0.016613233260984323,0.0016063999768331572,0.006330242831082258,2.973279,False,Kupffer
ZNF337-AS1,-0.016839395849008943,0.0013853072049578514,0.005534815360549193,1.5682578,False,Kupffer
FAM182B,-0.0009542375242859906,0.8562177548260808,1.0,8.689932,False,Kupffer
HM13-AS1,0.007122293188564201,0.17624745746667317,0.35208693470772906,10.25976,False,Kupffer
ITCH-AS1,-0.0030438839344807604,0.5632811961177319,0.798212926518231,3.9212093,False,Kupffer
FAM83C-AS1,0.007261407070674183,0.1679515578726227,0.34346491574424975,8.958658,False,Kupffer
HNF4A-AS1,,1.0,1.0,0.0,False,Kupffer
LINC00494,-0.001622093106989305,0.75807958738514,0.9760988825855316,8.152331,False,Kupffer
ZFAS1,0.09891196929708562,4.4855628207733565e-79,3.8710407143274065e-77,0.4343663,False,Kupffer
TRERNA1,0.011207691287965726,0.03332168316057474,0.0971507181337027,11.4956665,False,Kupffer
GNAS-AS1,-0.007570611091665931,0.1505674722299633,0.32083883588755147,7.922739,False,Kupffer
LINC00686,0.01060823954265041,0.04397263322484656,0.12124083857202103,8.997576,False,Kupffer
LINC00659,-0.000839573157702727,0.8733392679796329,1.0,9.883936,False,Kupffer
OGFR-AS1,-0.008540039249448763,0.10488599195827376,0.24684293412282293,10.873973,False,Kupffer
HAR1B,-0.016511073744271375,0.0017165497415998095,0.006703087904980251,10.430148,False,Kupffer
HAR1A,-0.022295316908800586,2.2960563839897705e-05,0.00013388490941778188,10.932297,False,Kupffer
CIRBP-AS1,-0.0026547630533263035,0.6141996128210717,0.846732054096781,9.03699,False,Kupffer
CSNK1G2-AS1,-0.007167033732065493,0.17354672942571786,0.3499318399401741,8.559301,False,Kupffer
CACTIN-AS1,-0.010139925876574156,0.05417672238507836,0.14341874668197124,8.531995,False,Kupffer
RAB11B-AS1,-0.023046509497569357,1.2051302607061632e-05,7.376080957371765e-05,0.82890415,False,Kupffer
LINC00663,-0.021997753956536126,2.9480331695945005e-05,0.0001673784621947404,11.8615885,False,Kupffer
LINC00664,0.004859403750668639,0.35615828705233216,0.567172729948592,12.475946,False,Kupffer
LINC00662,-0.04730822901511645,2.5193181033735656e-19,4.8314922738030824e-18,1.6350837,False,Kupffer
SCGB1B2P,-0.008789506922490746,0.09512019579069819,0.22879200066273325,9.520573,False,Kupffer
UPK1A-AS1,,1.0,1.0,0.0,False,Kupffer
LINC00665,-0.027489422727851324,1.7826322213170404e-07,1.3377492234753096e-06,3.2391949,False,Kupffer
ZNF571-AS1,-0.0023030790838519445,0.661886721392553,0.8930125393641205,10.280459,False,Kupffer
ZNF781,-0.02447430414349802,3.353598065027419e-06,2.209278725281422e-05,12.046852,False,Kupffer
LIPE-AS1,0.04083208140204417,8.734701804550546e-15,1.108536420195165e-13,1.7854118,False,Kupffer
DACT3-AS1,-0.006317466365645411,0.23030486555000876,0.4209124118988496,9.174687,False,Kupffer
NAPA-AS1,-0.017472331267523365,0.0009069582988346577,0.003933191014544269,0.77962685,False,Kupffer
NUCB1-AS1,,1.0,1.0,0.0,False,Kupffer
PTOV1-AS1,-0.005304631398817926,0.3138138381251768,0.525866684081607,2.4695024,False,Kupffer
SIGLEC5,-0.08348178544679814,8.820841739703635e-57,5.855681862587874e-55,2.181263,False,Kupffer
LENG8-AS1,-0.028503860417578002,6.183248034035898e-08,4.895544085663284e-07,2.4393873,False,Kupffer
ZNF667-AS1,-0.01723846686384825,0.0010622920679396954,0.004493912032509593,3.9709458,False,Kupffer
MIMT1,,1.0,1.0,0.0,False,Kupffer
A1BG-AS1,-0.04255500252587769,6.266846069046792e-16,9.16659009760573e-15,1.9670162,False,Kupffer
ZFY-AS1,0.004053164094110638,0.44152600656975693,0.6673151377753068,2.9832964,False,Kupffer
LINC00278,0.003169941829286723,0.547233527372016,0.7818916127848508,1.430635,False,Kupffer
FAM224B,-0.008300198821010466,0.11500949474228729,0.26257458720262944,7.8984413,False,Kupffer
TTTY14,-0.004101426748960921,0.43610748828892065,0.6626436499324216,1.3969622,False,Kupffer
TTTY10,-0.007343122751168935,0.16321719096611378,0.338597201451337,9.065579,False,Kupffer
TPTEP1,0.006759155290898948,0.19933636066233604,0.383134252230726,2.2487943,False,Kupffer
LINC00528,-0.006234214549496641,0.2365058764550752,0.4266323684009865,1.3001714,False,Kupffer
DGCR5,-0.007913745179169185,0.1329197130538176,0.29262681725878725,7.5664415,False,Kupffer
LINC00896,-0.015212188342494791,0.003868860642186913,0.014028683757173553,11.36053,False,Kupffer
FAM230A,-0.031619299122508895,1.9088300547178394e-09,1.6982683888881396e-08,3.1497254,False,Kupffer
THAP7-AS1,-0.04246375166282482,7.224439323711859e-16,1.039115189393889e-14,2.3272033,False,Kupffer
FAM230C,-0.02296378075982685,1.2950317565341719e-05,7.870509900626692e-05,11.999243,False,Kupffer
LL22NC03-63E9.3,0.001355178208019794,0.796930471666647,1.0,7.535575,False,Kupffer
ADORA2A-AS1,0.0065464947192314426,0.21384454096503963,0.4003206916547271,3.1120458,False,Kupffer
MIAT,-0.03174184043461938,1.653177161310144e-09,1.4861373856360982e-08,3.799344,False,Kupffer
ZNRF3-AS1,-0.01630009101243774,0.0019663343237902764,0.007575654113531289,4.3635902,False,Kupffer
RFPL1S,-0.02954024401570101,2.01938316832413e-08,1.6440827115695513e-07,3.0142846,False,Kupffer
MORC2-AS1,-0.018833552255221417,0.00034831010926784895,0.0016516023313085364,1.5069265,False,Kupffer
RNF185-AS1,,1.0,1.0,0.0,False,Kupffer
RFPL3S,-0.000676284905674016,0.8978220290621144,1.0,10.976671,False,Kupffer
ELFN2,-0.0058888152439951725,0.26349044026360774,0.46596772530224073,8.604785,False,Kupffer
APOBEC3B-AS1,-0.0047105333404917245,0.3710853987348372,0.5876086222168155,10.003463,False,Kupffer
SAMSN1-AS1,0.011392624934449336,0.030517775800110458,0.0908166914327425,10.396344,False,Kupffer
C21orf91-OT1,-0.00260544684009635,0.6207951888274447,0.8511109066160885,8.661624,False,Kupffer
LINC00158,0.00805069193127918,0.12634082411170852,0.2795695672010371,11.3802,False,Kupffer
MIR155HG,-0.03965405757437647,4.97840813305755e-14,5.805900295714413e-13,1.8536754,False,Kupffer
LINC00161,,1.0,1.0,0.0,False,Kupffer
BACH1-IT2,-0.005823881854394244,0.2687917192954631,0.4734025586775197,1.723989,False,Kupffer
GRIK1-AS1,-0.014047486927946884,0.007642435100321237,0.02627657964771804,10.105654,False,Kupffer
LINC00159,0.0007381889716460999,0.8885276437371228,1.0,8.853633,False,Kupffer
MIS18A-AS1,0.0010233091082395564,0.8459361195044394,1.0,9.549008,False,Kupffer
PAXBP1-AS1,-0.04910467850386241,1.0623565500098913e-20,2.236130982093991e-19,1.6345763,False,Kupffer
LINC00649,-0.019062030267818445,0.00029479496022027826,0.001413378059278334,2.5462856,False,Kupffer
LINC00310,-0.006731140439759755,0.20120537591186424,0.3858671986931974,8.977292,False,Kupffer
TTC3-AS1,,1.0,1.0,0.0,False,Kupffer
DSCR9,-0.015894931304129868,0.002541771644631182,0.00960367968198666,10.385396,False,Kupffer
LINC00114,-0.0073995282333284085,0.16000839637772202,0.33506863031318596,9.75259,False,Kupffer
BRWD1-AS1,-0.005108136952331393,0.332076139508981,0.5397018990513195,8.499463,False,Kupffer
DSCAM-AS1,-0.000622535043506505,0.9059035597867382,1.0,8.228533,False,Kupffer
LINC00323,-0.005973859984351121,0.2566569879595769,0.454815155254856,8.238351,False,Kupffer
LINC00479,,1.0,1.0,0.0,False,Kupffer
ZNF295-AS1,0.0013144541053858286,0.8029052450981683,1.0,9.465579,False,Kupffer
LINC00322,,1.0,1.0,0.0,False,Kupffer
LINC00319,0.001246889284702523,0.8128432093229749,1.0,8.000682,False,Kupffer
LINC00313,-0.003492983124740753,0.5071701677993673,0.7343755953202248,9.310795,False,Kupffer
TSPEAR-AS1,-0.0017627209525899648,0.7378467905624804,0.9604250079267278,8.890385,False,Kupffer
ITGB2-AS1,-0.003484503608860525,0.508201748541232,0.7346366984775263,1.4377265,False,Kupffer
LINC00334,,1.0,1.0,0.0,False,Kupffer
LINC00205,-0.010299627504708786,0.0504949107077591,0.1361784623149878,1.0645833,False,Kupffer
LINC00315,,1.0,1.0,0.0,False,Kupffer
MCM3AP-AS1,-0.01471203418598154,0.005211273561994046,0.018207810056683652,11.796314,False,Kupffer
FAM87B,,1.0,1.0,0.0,False,LSEC
LINC00115,0.05312699192710216,0.06682818072221999,0.41491165441205646,15.474218,False,LSEC
FAM41C,0.0855488717459784,0.0031298975815074867,0.041555409428322476,14.883184,False,LSEC
TTLL10-AS1,,1.0,1.0,0.0,False,LSEC
TP73-AS1,0.02542519969621209,0.3806680445389812,0.9440129955090252,3.7520516,False,LSEC
LINC01134,-0.051428482228322366,0.07603801352944231,0.4433838221345183,13.522178,False,LSEC
ENO1-AS1,0.003930085418397201,0.8922254478460934,1.0,14.097763,False,LSEC
PINK1-AS,0.026213589091560983,0.36607012108937775,0.9291721014709794,13.523512,False,LSEC
LINC00339,0.01538015661313931,0.5959340545053655,1.0,2.8748293,False,LSEC
MDS2,-0.0020235632130473484,0.9443833603234975,1.0,12.970978,False,LSEC
SNHG12,0.05531268938629995,0.05634657018419921,0.386046474417225,3.3166401,False,LSEC
MATN1-AS1,0.05764986648274492,0.04668881588710427,0.3443798983809485,13.855402,False,LSEC
ZMYM4-AS1,0.0014333572759085385,0.9605889833482485,1.0,13.959446,False,LSEC
NFYC-AS1,0.018456209628838795,0.5245644876494889,1.0,14.623405,False,LSEC
SZT2-AS1,,1.0,1.0,0.0,False,LSEC
HYI-AS1,0.016537527712170017,0.568566378061696,1.0,13.2235985,False,LSEC
KDM4A-AS1,-0.013829169929620964,0.6335199901786901,1.0,15.05887,False,LSEC
MKNK1-AS1,,1.0,1.0,0.0,False,LSEC
EFCAB14-AS1,,1.0,1.0,0.0,False,LSEC
CYP4A22-AS1,0.009388930396856933,0.7461749878385504,1.0,13.465244,False,LSEC
LINC00853,0.045754988097862104,0.11451671978282404,0.5249366029497761,15.344969,False,LSEC
FOXD2-AS1,,1.0,1.0,0.0,False,LSEC
SSBP3-AS1,,1.0,1.0,0.0,False,LSEC
DAB1-AS1,,1.0,1.0,0.0,False,LSEC
LINC01135,0.03397081496578798,0.2414101572199609,0.763139068427935,13.319246,False,LSEC
DLEU2L,-0.04324671118363116,0.13580083186063505,0.574553691981657,15.622598,False,LSEC
GNG12-AS1,-0.08341920290130336,0.003965810269063957,0.05033079797356169,15.817199,False,LSEC
ZRANB2-AS1,0.03473783515731282,0.23094210677403057,0.7409034875315553,12.55946,False,LSEC
NEXN-AS1,0.0045455749304147315,0.8754751215161299,1.0,13.301317,False,LSEC
LINC01140,,1.0,1.0,0.0,False,LSEC
DPYD-AS1,,1.0,1.0,0.0,False,LSEC
DPYD-AS2,,1.0,1.0,0.0,False,LSEC
VAV3-AS1,,1.0,1.0,0.0,False,LSEC
LAMTOR5-AS1,-0.004619505735249166,0.8734667123685059,1.0,13.542675,False,LSEC
LINC01160,,1.0,1.0,0.0,False,LSEC
SLC16A1-AS1,0.040585110901435954,0.16159317177170476,0.6338859419953692,3.0024102,False,LSEC
AP4B1-AS1,-0.04938002699277258,0.08849373297509287,0.4743483947671127,14.194626,False,LSEC
WARS2-IT1,-0.024788649359830016,0.392711245380614,0.9546755063759715,13.387787,False,LSEC
LINC00623,0.03313584761365033,0.2531798415510489,0.7916456639802724,12.423171,False,LSEC
LINC01138,,1.0,1.0,0.0,False,LSEC
LINC00869,,1.0,1.0,0.0,False,LSEC
ADAMTSL4-AS1,0.021603009494566814,0.4563668318539145,1.0,14.672903,False,LSEC
FLG-AS1,0.028161254714908934,0.33152765606433315,0.8766474945777349,12.387608,False,LSEC
RUSC1-AS1,-0.013229269825464482,0.6483222847159757,1.0,15.021311,False,LSEC
LINC01133,0.11083300220526049,0.0001267237082468432,0.003124644577629305,16.174835,False,LSEC
LINC00970,,1.0,1.0,0.0,False,LSEC
DNM3OS,-0.1151442748246028,6.81052519453545e-05,0.0019591610809613644,18.08405,False,LSEC
GAS5-AS1,-0.05629742184588874,0.0520919186778754,0.3654904538130607,14.580381,False,LSEC
RASAL2-AS1,-0.03805974218893102,0.18932751700654096,0.6668965190883464,15.205776,False,LSEC
C1orf220,0.04426368868225064,0.1268300097367733,0.5556055756489104,13.734082,False,LSEC
GS1-279B7.1,,1.0,1.0,0.0,False,LSEC
LINC01036,,1.0,1.0,0.0,False,LSEC
LINC01031,-0.035671525314484774,0.21863939128372178,0.7179578590671296,14.167317,False,LSEC
MIR181A1HG,0.0035997866401541595,0.9012347409752024,1.0,3.0234995,False,LSEC
LINC00862,0.04592853614391648,0.11314700753421113,0.5249366029497761,13.747984,False,LSEC
IPO9-AS1,0.04044111920866963,0.16308725737389662,0.6338966104395872,13.543883,False,LSEC
PCAT6,0.01605516105672649,0.5798995779672041,1.0,14.653948,False,LSEC
LEMD1-AS1,-0.08786504668760425,0.0024054657667938214,0.03295106280544552,14.984343,False,LSEC
SRGAP2-AS1,-0.0070824712456657194,0.8071002160644444,1.0,13.7202635,False,LSEC
SERTAD4-AS1,0.1004454633669566,0.0005173604329346979,0.010147319400514642,14.83983,False,LSEC
PROX1-AS1,0.0702258341901484,0.0153504890075237,0.14399426101622775,14.539563,False,LSEC
RNU6ATAC35P,0.025510767547901155,0.37906659877046034,0.9427506476625569,13.638124,False,LSEC
ITPKB-AS1,-0.06115775011383503,0.034826805675700366,0.27664925529832196,14.6585865,False,LSEC
TMEM78,,1.0,1.0,0.0,False,LSEC
LINC00582,,1.0,1.0,0.0,False,LSEC
LINC00184,,1.0,1.0,0.0,False,LSEC
LINC01132,,1.0,1.0,0.0,False,LSEC
LGALS8-AS1,-0.038700646449530536,0.18197767370048196,0.65986022018284,12.564443,False,LSEC
LINC01115,,1.0,1.0,0.0,False,LSEC
TRAPPC12-AS1,0.05313860168208741,0.06676853620791197,0.41491165441205646,12.782934,False,LSEC
LINC00487,-0.00965144785546758,0.7393321818153205,1.0,13.485245,False,LSEC
LINC00298,,1.0,1.0,0.0,False,LSEC
LINC00299,0.004637332363233507,0.8729825543373285,1.0,13.601772,False,LSEC
RN7SL832P,-0.09986107588191291,0.0005578854225581577,0.010699002659282001,3.8231165,False,LSEC
LINC00570,0.0629876637862535,0.02973255832377003,0.2540514636971637,13.405693,False,LSEC
LINC00276,-0.04063989452870091,0.16102744490789084,0.6338859419953692,13.465858,False,LSEC
LINC00954,0.04301872629262989,0.13787750069671423,0.5755108038740357,14.538068,False,LSEC
DNAJC27-AS1,-0.016081506162544505,0.5792778774565749,1.0,15.563635,False,LSEC
AGBL5-AS1,0.01773600401978485,0.5408750576703881,1.0,13.034695,False,LSEC
LINC00486,,1.0,1.0,0.0,False,LSEC
RMDN2-AS1,,1.0,1.0,0.0,False,LSEC
CYP1B1-AS1,-0.024114128288814235,0.4057214134284001,0.9803239272789934,13.488001,False,LSEC
SLC8A1-AS1,-0.027947141901470015,0.3352186248095626,0.8766474945777349,12.78396,False,LSEC
SIX3-AS1,,1.0,1.0,0.0,False,LSEC
LINC01118,-0.018201444168645466,0.5303053021196151,1.0,13.779129,False,LSEC
LINC01119,0.0006336075708397371,0.9825728832678761,1.0,13.710304,False,LSEC
LINC01122,0.03547027061820179,0.22125063058341796,0.7232549022480671,13.549079,False,LSEC
LINC00309,,1.0,1.0,0.0,False,LSEC
MEIS1-AS2,-0.07783809973897907,0.0071985234252634825,0.07964520148721008,15.928816,False,LSEC
PCBP1-AS1,-0.016947845089261244,0.5590099821618133,1.0,1.5079219,False,LSEC
DGUOK-AS1,,1.0,1.0,0.0,False,LSEC
DCTN1-AS1,,1.0,1.0,0.0,False,LSEC
LBX2-AS1,-0.013557052125447203,0.6402167033443097,1.0,15.592886,False,LSEC
LINC00342,-0.035255261836096584,0.22406490891028807,0.7269474300360098,1.9389877,False,LSEC
LINC01104,,1.0,1.0,0.0,False,LSEC
LINC01102,,1.0,1.0,0.0,False,LSEC
LINC01114,,1.0,1.0,0.0,False,LSEC
RGPD4-AS1,-0.015609121824593291,0.590472472958995,1.0,13.459627,False,LSEC
SH3RF3-AS1,-0.0377991031171446,0.19237820688603263,0.6728032758122722,15.1355,False,LSEC
LINC01123,0.08743421177136568,0.0025273522282041106,0.034079765202189805,15.13222,False,LSEC
LINC01106,0.11135459725558915,0.00011768914234757474,0.0029872273484105004,15.946313,False,LSEC
FAM138B,0.029173036321432606,0.31444263936698735,0.8506708394160191,13.874207,False,LSEC
DPP10-AS1,0.09280527192873851,0.0013443072800985289,0.02238569935457812,15.998401,False,LSEC
STEAP3-AS1,,1.0,1.0,0.0,False,LSEC
NIFK-AS1,-0.03206229120247398,0.26889108617499635,0.8038651969286844,4.6679087,False,LSEC
LINC01087,0.016316646940055177,0.5737428377555251,1.0,13.560951,False,LSEC
C2orf27A,-0.036289302769886705,0.21076214471036844,0.7049912049808061,3.3292994,False,LSEC
CCNT2-AS1,-0.012119567994766685,0.6760692464575764,1.0,14.195671,False,LSEC
ZEB2-AS1,0.01357838501762105,0.6396906413200989,1.0,14.624463,False,LSEC
TEX41,0.17188848598409084,2.3684652558526295e-09,1.5722965506160148e-07,16.594786,False,LSEC
CCDC148-AS1,,1.0,1.0,0.0,False,LSEC
CERS6-AS1,0.032629956810388494,0.2605020462863902,0.7985397941379847,12.22282,False,LSEC
LINC01124,-0.04241051234011734,0.14353720901115355,0.58430477064446,12.810971,False,LSEC
HOXD-AS2,0.029173036321432606,0.31444263936698735,0.8506708394160191,13.357077,False,LSEC
LINC01116,-0.010052983403727981,0.7289056415009308,1.0,16.132416,False,LSEC
LINC01117,0.028245569848785904,0.3300814243090087,0.8766474945777349,13.44981,False,LSEC
TTN-AS1,-0.0665727149651433,0.02158348871141156,0.19815479529732102,5.137799,False,LSEC
LINC01090,,1.0,1.0,0.0,False,LSEC
OSGEPL1-AS1,-0.010295689145179402,0.7226274392182925,1.0,14.332144,False,LSEC
CFLAR-AS1,0.029252047615547012,0.3131332315422714,0.8506708394160191,13.147295,False,LSEC
IDH1-AS1,-0.004568186557204937,0.8748607669121224,1.0,13.681543,False,LSEC
LINC00607,0.0468792144355969,0.10587123952612294,0.5191299983582052,12.591525,False,LSEC
DIRC3,-0.02006841304636483,0.4889870729943103,1.0,14.051877,False,LSEC
LINC00608,,1.0,1.0,0.0,False,LSEC
CCDC140,,1.0,1.0,0.0,False,LSEC
BOK-AS1,,1.0,1.0,0.0,False,LSEC
EGOT,0.14034123789472072,1.1603284398759859e-06,5.006817218064879e-05,17.18045,False,LSEC
BHLHE40-AS1,-0.029240560039873416,0.3133233853306424,0.8506708394160191,13.940829,False,LSEC
GRM7-AS1,,1.0,1.0,0.0,False,LSEC
LMCD1-AS1,-0.027224354253436892,0.34787271252656365,0.8961616445087297,13.958221,False,LSEC
PRRT3-AS1,-0.02831396176153005,0.32891131990640743,0.8766474945777349,13.662443,False,LSEC
LINC00852,-0.027285790211578332,0.34678548208858373,0.8961616445087297,13.42216,False,LSEC
GHRLOS,-0.04894630400526607,0.09133106635465736,0.4748115076148753,15.012094,False,LSEC
HDAC11-AS1,0.011635488475022252,0.688315037286104,1.0,12.773354,False,LSEC
TPRXL,,1.0,1.0,0.0,False,LSEC
FGD5-AS1,0.023679732953452458,0.41423451378709814,0.9866935434410576,1.0428017,False,LSEC
SH3BP5-AS1,-0.05483449561710379,0.0585146499802045,0.3914584723481898,16.233871,False,LSEC
EAF1-AS1,-0.03212368052482476,0.2679750350532565,0.8038651969286844,13.294135,False,LSEC
LINC00691,,1.0,1.0,0.0,False,LSEC
LINC00692,,1.0,1.0,0.0,False,LSEC
RBMS3-AS3,-0.061472576536036556,0.03390071373880773,0.27664925529832196,15.484688,False,LSEC
RBMS3-AS2,,1.0,1.0,0.0,False,LSEC
OSBPL10-AS1,-0.1159546618235329,6.04542178169278e-05,0.0017990341371037478,16.39997,False,LSEC
ACVR2B-AS1,,1.0,1.0,0.0,False,LSEC
ENTPD3-AS1,0.0028723103547949845,0.9211207702177315,1.0,4.0802937,False,LSEC
VIPR1-AS1,,1.0,1.0,0.0,False,LSEC
SNRK-AS1,-0.05507525021988845,0.05741459729367107,0.38921279431541805,15.178947,False,LSEC
ZNF197-AS1,,1.0,1.0,0.0,False,LSEC
LIMD1-AS1,-0.015568002770798594,0.5914516024632664,1.0,15.078863,False,LSEC
KIF9-AS1,-0.038742318050287154,0.18150721020677626,0.65986022018284,14.356892,False,LSEC
PRKAR2A-AS1,0.036002562165467406,0.21439248236551334,0.7115392454713572,13.5149975,False,LSEC
ARIH2OS,-0.02639670959053589,0.3627300228388298,0.9236912554254992,16.447414,False,LSEC
BSN-AS1,,1.0,1.0,0.0,False,LSEC
SEMA3B-AS1,0.10536092811811283,0.0002700856718989192,0.00629956580672344,15.703604,False,LSEC
ZMYND10-AS1,,1.0,1.0,0.0,False,LSEC
ITIH4-AS1,,1.0,1.0,0.0,False,LSEC
WNT5A-AS1,0.04763805064048966,0.1003338802036869,0.5005094717675248,13.258026,False,LSEC
FLNB-AS1,,1.0,1.0,0.0,False,LSEC
THOC7-AS1,-0.05654491845045424,0.05106583273666962,0.3620261160121491,13.398872,False,LSEC
PSMD6-AS2,-0.008359140154322013,0.7732064333011096,1.0,15.083736,False,LSEC
PRICKLE2-AS3,0.004147809662091001,0.8862942737885409,1.0,14.529043,False,LSEC
ADAMTS9-AS2,0.014102091414437527,0.6268334837212732,1.0,2.8800938,False,LSEC
FOXP1-AS1,,1.0,1.0,0.0,False,LSEC
LINC00877,-0.011497884081903012,0.691811145784,1.0,13.961277,False,LSEC
LINC00870,0.025716115832476717,0.3752403244029142,0.9386446375643912,13.069267,False,LSEC
LINC00960,0.13134695979697225,5.4195775384225e-06,0.00021259524616630082,16.149345,False,LSEC
LINC00971,,1.0,1.0,0.0,False,LSEC
ST3GAL6-AS1,0.038703127033967666,0.18194964316660464,0.65986022018284,14.354558,False,LSEC
ZBTB11-AS1,-0.01319032964665054,0.649288015194223,1.0,3.2394729,False,LSEC
LINC00882,0.08859433848361808,0.0022113292193541665,0.03180628527171076,14.757011,False,LSEC
LINC00636,0.02967892712469444,0.3061209036450706,0.8506708394160191,12.552341,False,LSEC
PLCXD2-AS1,,1.0,1.0,0.0,False,LSEC
SIDT1-AS1,0.03936639369006006,0.1745690151505659,0.6438164960467451,14.107952,False,LSEC
ZBTB20-AS1,,1.0,1.0,0.0,False,LSEC
ZBTB20-AS2,0.06240241176784545,0.031287338132310716,0.262145367069749,16.210691,False,LSEC
ZBTB20-AS3,0.046539006922333835,0.10843112895641113,0.5227713088792335,13.808975,False,LSEC
ZBTB20-AS4,0.015436347075984604,0.5945915969719702,1.0,13.523512,False,LSEC
ARHGAP31-AS1,,1.0,1.0,0.0,False,LSEC
MYLK-AS1,0.03952756483783322,0.17280974046907324,0.6438164960467451,14.685652,False,LSEC
RUVBL1-AS1,,1.0,1.0,0.0,False,LSEC
NPHP3-AS1,,1.0,1.0,0.0,False,LSEC
BFSP2-AS1,,1.0,1.0,0.0,False,LSEC
IL20RB-AS1,,1.0,1.0,0.0,False,LSEC
ATP1B3-AS1,,1.0,1.0,0.0,False,LSEC
PLS1-AS1,,1.0,1.0,0.0,False,LSEC
SLC9A9-AS2,,1.0,1.0,0.0,False,LSEC
TM4SF1-AS1,0.030536430901403847,0.2923512100893348,0.8326702782412406,14.665661,False,LSEC
WWTR1-AS1,0.014057909161011998,0.6279138814891101,1.0,13.687908,False,LSEC
SIAH2-AS1,,1.0,1.0,0.0,False,LSEC
CLRN1-AS1,,1.0,1.0,0.0,False,LSEC
MBNL1-AS1,0.0342389847102915,0.2377129759904491,0.7542143319108735,13.810568,False,LSEC
TIPARP-AS1,-0.041754920069342394,0.14983529640869944,0.6014319107009657,15.697222,False,LSEC
LINC00886,0.09771868868573413,0.0007330763921260677,0.013753150574017312,15.750893,False,LSEC
LINC00880,-0.024957279627583966,0.3894986012695411,0.9522302914889914,13.668137,False,LSEC
LINC00881,,1.0,1.0,0.0,False,LSEC
IL12A-AS1,,1.0,1.0,0.0,False,LSEC
TERC,-0.016828476578781202,0.5617820561151227,1.0,14.685151,False,LSEC
SEC62-AS1,,1.0,1.0,0.0,False,LSEC
NAALADL2-AS2,,1.0,1.0,0.0,False,LSEC
LINC00501,-0.04991455925516793,0.08509500952853095,0.4647910963488747,13.562231,False,LSEC
LINC00578,,1.0,1.0,0.0,False,LSEC
PEX5L-AS1,,1.0,1.0,0.0,False,LSEC
MCCC1-AS1,-0.00025294540163091854,0.993042375837955,1.0,13.115316,False,LSEC
KLHL6-AS1,-0.04581512059353599,0.11404066155068371,0.5249366029497761,14.480228,False,LSEC
YEATS2-AS1,,1.0,1.0,0.0,False,LSEC
ABCC5-AS1,,1.0,1.0,0.0,False,LSEC
ADIPOQ-AS1,,1.0,1.0,0.0,False,LSEC
LPP-AS2,0.03179685191927482,0.2728766686874496,0.8038651969286844,14.92289,False,LSEC
LPP-AS1,,1.0,1.0,0.0,False,LSEC
TPRG1-AS1,0.07825246018088346,0.006895102844610268,0.07829570730129817,14.810458,False,LSEC
OSTN-AS1,,1.0,1.0,0.0,False,LSEC
OPA1-AS1,,1.0,1.0,0.0,False,LSEC
LINC00887,0.0422297293716212,0.14525333426008283,0.5857646143292126,13.680641,False,LSEC
TMEM44-AS1,0.022171640910833183,0.4445972861368036,1.0,15.512837,False,LSEC
XXYLT1-AS2,0.031026935044510817,0.28466446601389334,0.8161642331228901,15.745682,False,LSEC
TNK2-AS1,,1.0,1.0,0.0,False,LSEC
LINC00885,0.047536493137634646,0.10106131529697031,0.5012408913866976,13.6514015,False,LSEC
TM4SF19-AS1,-0.03634800105483438,0.21002449189038402,0.7049912049808061,13.7386675,False,LSEC
UBXN7-AS1,0.019299271555389515,0.5057964666534972,1.0,13.601772,False,LSEC
LINC01063,-0.055577373418079834,0.05517551644694536,0.3840037959170471,14.722319,False,LSEC
NCBP2-AS1,0.027960262766436823,0.334991684227561,0.8766474945777349,13.317627,False,LSEC
DLG1-AS1,,1.0,1.0,0.0,False,LSEC
LMLN-AS1,,1.0,1.0,0.0,False,LSEC
NOP14-AS1,0.09503595971098024,0.0010243055364456426,0.018040319958216113,15.334276,False,LSEC
STX18-AS1,0.011062031683462852,0.7029278904002147,1.0,14.517067,False,LSEC
AFAP1-AS1,,1.0,1.0,0.0,False,LSEC
LINC01085,,1.0,1.0,0.0,False,LSEC
LINC00504,0.013519240902706208,0.6411495592518599,1.0,15.175089,False,LSEC
TAPT1-AS1,0.007964059934082054,0.7836524779974614,1.0,2.5788486,False,LSEC
UGDH-AS1,-0.018098283336719763,0.5326389308541463,1.0,15.707884,False,LSEC
LINC00682,,1.0,1.0,0.0,False,LSEC
IGFBP7-AS1,-0.0018549329452934025,0.9490114872732317,1.0,13.145068,False,LSEC
LINC01094,-0.06111915944046604,0.034941794701642055,0.27664925529832196,14.92292,False,LSEC
LINC01088,0.04007765538736593,0.16690487589012862,0.6365976428299213,14.564808,False,LSEC
LINC00989,0.029594611990817466,0.30749763995490326,0.8506708394160191,12.624046,False,LSEC
THAP9-AS1,0.03156484568449088,0.2763931499906483,0.8038651969286844,0.81787395,False,LSEC
WDFY3-AS1,,1.0,1.0,0.0,False,LSEC
FAM13A-AS1,0.003847943354757328,0.8944647192372212,1.0,15.981887,False,LSEC
TET2-AS1,,1.0,1.0,0.0,False,LSEC
SEC24B-AS1,0.023957633582625665,0.4087762339273184,0.9826570748726344,14.99684,False,LSEC
SNHG8,0.1577282169938246,4.452175043185296e-08,2.260133566040536e-06,1.6030186,False,LSEC
IL21-AS1,,1.0,1.0,0.0,False,LSEC
LINC01091,0.03301538513034854,0.2549102774684057,0.7941789511019283,14.2815,False,LSEC
LINC00500,,1.0,1.0,0.0,False,LSEC
SMARCA5-AS1,-0.0003354334104872399,0.9907735140534619,1.0,12.889134,False,LSEC
HHIP-AS1,0.011424896570675,0.6936682081040223,1.0,14.809833,False,LSEC
LINC01095,,1.0,1.0,0.0,False,LSEC
FAM218A,0.06454832649050787,0.025907002228378332,0.22583578710192426,14.694008,False,LSEC
HAND2-AS1,0.08047683632956686,0.0054540388461637055,0.06275780698985704,14.54015,False,LSEC
LINC01099,-0.03150216694967123,0.2773484325164307,0.8038651969286844,15.34382,False,LSEC
WWC2-AS2,0.009918620351908467,0.7323891403601043,1.0,13.962711,False,LSEC
LINC01093,,1.0,1.0,0.0,False,LSEC
LINC01018,,1.0,1.0,0.0,False,LSEC
MIR4458HG,0.1022278672761317,0.0004100516412935963,0.008748733847559979,2.6606328,False,LSEC
SNHG18,0.23713339773923456,1.0981674237027622e-16,1.579530811092473e-14,17.199116,False,LSEC
GDNF-AS1,-0.07498210127885507,0.009635998210484244,0.10141300555668174,14.042442,False,LSEC
LIFR-AS1,-0.046198261473337596,0.11104385237643655,0.5249366029497761,16.60787,False,LSEC
LINC00604,,1.0,1.0,0.0,False,LSEC
NNT-AS1,0.04981159195514431,0.08574137989293391,0.46537616885284255,2.5296078,False,LSEC
PART1,0.030276330326501764,0.2964832562383551,0.8389018037170506,13.408585,False,LSEC
C5orf64,-0.04957729871966003,0.0872269109176868,0.4704801507622732,12.721182,False,LSEC
MAST4-AS1,-0.022810748276084983,0.43157787750297144,1.0,13.914436,False,LSEC
ZBED3-AS1,0.022981298460514023,0.42814123399270687,1.0,13.883606,False,LSEC
CKMT2-AS1,-0.012631531147885315,0.6632106174400418,1.0,2.6879396,False,LSEC
VCAN-AS1,,1.0,1.0,0.0,False,LSEC
LINC00461,,1.0,1.0,0.0,False,LSEC
MEF2C-AS1,-0.013731999506823129,0.6359079133782037,1.0,15.504652,False,LSEC
LUCAT1,-0.049131804404356876,0.09010874424233349,0.4748115076148753,13.951967,False,LSEC
RGMB-AS1,0.0017602217324470461,0.9516116391153825,1.0,14.102457,False,LSEC
LINC00491,-0.0010117816065236742,0.9721747864270864,1.0,13.730321,False,LSEC
LINC01023,0.08396210323175218,0.003735393100536276,0.048114093220340395,15.745852,False,LSEC
STARD4-AS1,-0.07113772668219438,0.014066595411543125,0.13794854363820133,3.386318,False,LSEC
EPB41L4A-AS1,0.19030362465123968,3.5618618103511274e-11,3.8423584279162785e-09,1.9068847,False,LSEC
LINC00992,0.09216400671274515,0.0014520538220223526,0.02364381978123189,14.867462,False,LSEC
SMAD5-AS1,-0.006368427154078881,0.8262205486468011,1.0,12.941932,False,LSEC
ARHGAP26-AS1,-0.045016786267635396,0.12048903382181396,0.5387670268819972,12.886213,False,LSEC
GRPEL2-AS1,,1.0,1.0,0.0,False,LSEC
SAP30L-AS1,-0.02558022924355612,0.3777696372160694,0.9422404535186933,14.9867935,False,LSEC
PRR7-AS1,-0.004346912515719979,0.880875932143561,1.0,13.252178,False,LSEC
C5orf60,,1.0,1.0,0.0,False,LSEC
LINC00847,-0.031368780715682054,0.27938883276575316,0.8038651969286844,2.9890578,False,LSEC
CTC-338M12.4,0.042873053326375185,0.13921715337409593,0.5776173238550231,15.9872055,False,LSEC
TRIM52-AS1,0.12134297269942787,2.683593840926301e-05,0.0008577561054516288,2.5642474,False,LSEC
LINC01011,0.017515404388812116,0.5459211612598687,1.0,2.5382276,False,LSEC
LY86-AS1,,1.0,1.0,0.0,False,LSEC
HULC,-0.017542195591223365,0.5453070846197255,1.0,14.274201,False,LSEC
TFAP2A-AS1,,1.0,1.0,0.0,False,LSEC
GFOD1-AS1,,1.0,1.0,0.0,False,LSEC
JARID2-AS1,0.021972166599592755,0.4487061907350079,1.0,14.776253,False,LSEC
CASC15,0.0958544596441051,0.0009257322881387966,0.016643895097162114,16.405231,False,LSEC
HCG11,-0.05037207532976825,0.0822704217577885,0.4610348959543602,3.6690707,False,LSEC
LINC00240,0.021196581912643026,0.4648851826981388,1.0,14.748833,False,LSEC
ZSCAN16-AS1,0.07037452472005978,0.015134357395068332,0.1435269278235601,1.2725074,False,LSEC
HCG14,,1.0,1.0,0.0,False,LSEC
HCG15,,1.0,1.0,0.0,False,LSEC
HCG9,-0.04324506886001856,0.1358157047094531,0.574553691981657,13.54002,False,LSEC
HCG17,,1.0,1.0,0.0,False,LSEC
HCG18,-0.018168838851737066,0.5310423148283867,1.0,2.5230083,False,LSEC
MDC1-AS1,,1.0,1.0,0.0,False,LSEC
HCG20,,1.0,1.0,0.0,False,LSEC
HCG21,,1.0,1.0,0.0,False,LSEC
HCG22,,1.0,1.0,0.0,False,LSEC
HCG27,-0.008323593678314575,0.7741446463769263,1.0,15.384531,False,LSEC
LINC01149,0.0313652298022339,0.2794432897782217,0.8038651969286844,12.550192,False,LSEC
DDX39B-AS1,-0.008937404190959123,0.7579911335734337,1.0,13.753099,False,LSEC
C6orf47-AS1,-0.0076726771828045295,0.7913818757097669,1.0,12.804005,False,LSEC
SAPCD1-AS1,,1.0,1.0,0.0,False,LSEC
HLA-DQB1-AS1,,1.0,1.0,0.0,False,LSEC
HCG24,,1.0,1.0,0.0,False,LSEC
HCG25,-0.009426289806266232,0.7451999384277525,1.0,14.307369,False,LSEC
GGNBP1,,1.0,1.0,0.0,False,LSEC
LINC00336,,1.0,1.0,0.0,False,LSEC
BTBD9-AS1,,1.0,1.0,0.0,False,LSEC
LINC00951,,1.0,1.0,0.0,False,LSEC
TRAM2-AS1,-0.00016273781028353795,0.9955236311350283,1.0,2.5046735,False,LSEC
LINC00472,-0.041555173945150875,0.1517954533263789,0.6036842222150459,17.13639,False,LSEC
KCNQ5-AS1,,1.0,1.0,0.0,False,LSEC
HMGN3-AS1,-0.025901876527499677,0.3717996367889748,0.9381961594996645,16.163662,False,LSEC
LINC00222,0.04271917513819056,0.14064311078923494,0.5807416488569844,13.989943,False,LSEC
TRAF3IP2-AS1,-0.014897019402896972,0.6075332679694709,1.0,16.039364,False,LSEC
LINC01013,,1.0,1.0,0.0,False,LSEC
LINC01010,,1.0,1.0,0.0,False,LSEC
STXBP5-AS1,0.008564194435808692,0.7678007337252809,1.0,15.951671,False,LSEC
EZR-AS1,,1.0,1.0,0.0,False,LSEC
AIRN,-0.015240447464767935,0.5992778389291739,1.0,13.761106,False,LSEC
CAHM,0.049074505162034814,0.09048489593433738,0.4748115076148753,15.877665,False,LSEC
KIF25-AS1,,1.0,1.0,0.0,False,LSEC
LINC00242,0.05863904856286607,0.043042158457832304,0.32300332825312417,12.90314,False,LSEC
LINC00574,0.04783977542098948,0.0989013354572152,0.4991336403484019,13.430645,False,LSEC
PSMG3-AS1,0.032101695258623913,0.2683028525985969,0.8038651969286844,14.700594,False,LSEC
KIAA0087,,1.0,1.0,0.0,False,LSEC
HOTAIRM1,-0.05225240520650753,0.07144888465351582,0.4301433073323384,2.6498103,False,LSEC
HOXA-AS2,-0.07603713444041058,0.008660999376321619,0.09230030002557642,16.563824,False,LSEC
HOXA-AS3,,1.0,1.0,0.0,False,LSEC
HOXA10-AS,,1.0,1.0,0.0,False,LSEC
HOXA11-AS,0.046289008498458094,0.11034323250618848,0.5249366029497761,12.163052,False,LSEC
HOTTIP,,1.0,1.0,0.0,False,LSEC
JAZF1-AS1,,1.0,1.0,0.0,False,LSEC
ELMO1-AS1,,1.0,1.0,0.0,False,LSEC
POU6F2-AS1,0.09063568679490286,0.001741658958766064,0.0254754522273748,14.964111,False,LSEC
LINC00265,-0.030157456772366524,0.29838465237973033,0.8415227287702852,13.338795,False,LSEC
INHBA-AS1,-0.00889490737844088,0.7591062091771738,1.0,13.012067,False,LSEC
LINC00957,-0.017175432006921752,0.5537432247121186,1.0,13.994665,False,LSEC
SNHG15,0.12576278459344775,1.3433711027710412e-05,0.0004637317046765634,1.9423718,False,LSEC
LINC00525,,1.0,1.0,0.0,False,LSEC
LINC00174,0.008349672527588205,0.7734562894039851,1.0,14.958189,False,LSEC
TP53TG1,0.10675693539156171,0.00022341080908346215,0.005355653562195218,2.5426168,False,LSEC
PCOLCE-AS1,0.05719535277941935,0.04844953210817244,0.3543385271979052,12.95944,False,LSEC
NFE4,0.030016187660202337,0.30065482137282973,0.8446464196972546,13.018688,False,LSEC
LINC01004,-0.020945530940017394,0.47019079582609863,1.0,14.278027,False,LSEC
KMT2E-AS1,0.011795881214927102,0.6842483300433598,1.0,1.073178,False,LSEC
SLC26A4-AS1,0.03195543573937271,0.27049069937088677,0.8038651969286844,12.680294,False,LSEC
ST7-AS1,-0.034859781632154314,0.22930795959388908,0.738405854960919,15.203262,False,LSEC
ST7-OT4,-0.01928611844605872,0.50608654292529,1.0,15.796448,False,LSEC
ST7-AS2,-0.009527610128097932,0.7425576180995034,1.0,12.924299,False,LSEC
POT1-AS1,0.07052339163934807,0.01492065526486108,0.14307250548416792,14.767178,False,LSEC
LINC-PINT,-0.10212482692625238,0.0004156408896291531,0.008748733847559979,2.9422674,False,LSEC
NDUFB2-AS1,0.02496107565084355,0.3894264659316958,0.9522302914889914,13.555529,False,LSEC
WEE2-AS1,-0.054145914924374296,0.061757776693347824,0.40684703272029904,13.992891,False,LSEC
TRBV11-2,,1.0,1.0,0.0,False,LSEC
EPHA1-AS1,0.004364250875878287,0.8804043495457722,1.0,14.950008,False,LSEC
OR2A1-AS1,0.013073145080638062,0.6521977828369343,1.0,1.7353191,False,LSEC
ATP6V0E2-AS1,-0.025769882725203627,0.37424243128054857,0.9386446375643912,13.252398,False,LSEC
LINC00996,0.01712583371919116,0.5548889444379279,1.0,13.483641,False,LSEC
PRKAG2-AS1,0.09164712288350102,0.001544627356258127,0.024653232498347506,15.489021,False,LSEC
LINC01003,0.019457417388855508,0.5023156015445478,1.0,2.4785125,False,LSEC
PAXIP1-AS2,-0.11288275567167369,9.458622337141385e-05,0.002593997923909504,4.5935555,False,LSEC
BLACE,,1.0,1.0,0.0,False,LSEC
MNX1-AS2,,1.0,1.0,0.0,False,LSEC
MNX1-AS1,,1.0,1.0,0.0,False,LSEC
LINC00685,-0.07428636744253037,0.010331294965620613,0.10742057295579022,1.9379406,False,LSEC
LINC00106,-0.008630607029050667,0.7660523475075299,1.0,14.490916,False,LSEC
ASMTL-AS1,-0.05313683386448451,0.06677761545267952,0.41491165441205646,14.473948,False,LSEC
LINC00102,,1.0,1.0,0.0,False,LSEC
ARSD-AS1,0.027562935111677102,0.34190774987898065,0.8887541811613262,13.558265,False,LSEC
PRKX-AS1,,1.0,1.0,0.0,False,LSEC
WWC3-AS1,0.014069039248276995,0.6276416399943087,1.0,13.808975,False,LSEC
TLR8-AS1,,1.0,1.0,0.0,False,LSEC
PHKA2-AS1,-0.018465014319057053,0.5243666550799498,1.0,13.710304,False,LSEC
ZFX-AS1,,1.0,1.0,0.0,False,LSEC
GK-AS1,,1.0,1.0,0.0,False,LSEC
TAB3-AS2,,1.0,1.0,0.0,False,LSEC
MID1IP1-AS1,,1.0,1.0,0.0,False,LSEC
CASK-AS1,,1.0,1.0,0.0,False,LSEC
ZNF674-AS1,0.04022269454725189,0.16537350076409307,0.634299249597388,15.912001,False,LSEC
UXT-AS1,,1.0,1.0,0.0,False,LSEC
ZNF630-AS1,0.024788649359830016,0.392711245380614,0.9546755063759715,13.546062,False,LSEC
SYP-AS1,,1.0,1.0,0.0,False,LSEC
SPIN4-AS1,,1.0,1.0,0.0,False,LSEC
IGBP1-AS2,,1.0,1.0,0.0,False,LSEC
IGBP1-AS1,-0.006913840977911774,0.8116057995028467,1.0,13.874207,False,LSEC
DLG3-AS1,,1.0,1.0,0.0,False,LSEC
TSIX,-0.025140425692175106,0.3860275582250545,0.9491218881715728,3.6613703,False,LSEC
XIST,-0.24790369657031158,3.879619809072788e-18,6.696223790459631e-16,3.2633357,False,LSEC
JPX,0.009685065183276073,0.7384573831062702,1.0,2.1016998,False,LSEC
FTX,-0.028100207405232388,0.332577331626772,0.8766474945777349,1.6880195,False,LSEC
DIAPH2-AS1,,1.0,1.0,0.0,False,LSEC
ARMCX3-AS1,,1.0,1.0,0.0,False,LSEC
NXF5,,1.0,1.0,0.0,False,LSEC
LINC00630,-0.017636414682485276,0.5431502277766784,1.0,16.81306,False,LSEC
TCEAL3-AS1,,1.0,1.0,0.0,False,LSEC
MORF4L2-AS1,0.014210425916806492,0.6241877427112149,1.0,14.810133,False,LSEC
ALG13-AS1,-0.016694396507640624,0.564903666124974,1.0,13.415891,False,LSEC
XIAP-AS1,-0.016778711641517598,0.5629396954274458,1.0,13.096426,False,LSEC
RAP2C-AS1,0.007783583261987516,0.788437452482628,1.0,2.6336327,False,LSEC
MIR503HG,-0.262535051458416,3.175095292636115e-20,6.850268093862418e-18,19.774696,False,LSEC
LINC00629,,1.0,1.0,0.0,False,LSEC
FGF13-AS1,0.0204885775321044,0.4799330323079721,1.0,13.913768,False,LSEC
LINC00632,0.030461047239961427,0.29354478508911774,0.8333195708286468,14.838609,False,LSEC
HCFC1-AS1,,1.0,1.0,0.0,False,LSEC
TMLHE-AS1,-0.0006832748213794957,0.9812070490395776,1.0,14.208769,False,LSEC
WASIR1,,1.0,1.0,0.0,False,LSEC
FAM87A,,1.0,1.0,0.0,False,LSEC
KBTBD11-OT1,-0.060847107981174424,0.03576165118415293,0.2805664088356725,13.522178,False,LSEC
GS1-24F4.2,0.05195261571207266,0.07309171254167744,0.4320421090648468,14.242981,False,LSEC
FAM66B,0.02363947977196471,0.4150286862909663,0.9866935434410576,13.782685,False,LSEC
FAM66E,-0.0016863026775394568,0.9536413329251654,1.0,12.892761,False,LSEC
FAM85B,-0.010866210631835984,0.7079433576482368,1.0,14.784264,False,LSEC
FAM66D,0.031533860069987846,0.2768651193391973,0.8038651969286844,12.462812,False,LSEC
EXTL3-AS1,,1.0,1.0,0.0,False,LSEC
RBPMS-AS1,0.03835866093755599,0.18587279238012316,0.662379158375652,15.045794,False,LSEC
LINC00968,0.050167504656798846,0.08352386109036912,0.4620582828268497,12.48625,False,LSEC
C8orf44,0.039289450341349286,0.17541359016272962,0.6441784183422794,2.2762263,False,LSEC
STAU2-AS1,-0.003119659953447996,0.9143531497673332,1.0,13.353601,False,LSEC
LINC01111,,1.0,1.0,0.0,False,LSEC
LINC00534,,1.0,1.0,0.0,False,LSEC
LINC01030,,1.0,1.0,0.0,False,LSEC
RAD21-AS1,-0.04895244480202943,0.09129039069049001,0.4748115076148753,13.012067,False,LSEC
HAS2-AS1,0.091056950201315,0.0016569469513665184,0.02508675822858431,14.44646,False,LSEC
LINC01151,-0.013153160884807764,0.6502103633975459,1.0,13.780039,False,LSEC
FAM83A-AS1,-0.03187112060549574,0.27175747660698857,0.8038651969286844,13.702126,False,LSEC
LINC00964,-0.01735740335644881,0.5495496261845412,1.0,14.239147,False,LSEC
LINC00861,-0.0229308472147001,0.4291561832519443,1.0,13.342024,False,LSEC
PCAT1,-0.06550673092696759,0.02377481618591769,0.21406490835084796,3.8455293,False,LSEC
CASC19,,1.0,1.0,0.0,False,LSEC
CASC8,,1.0,1.0,0.0,False,LSEC
CASC11,0.02925735145530958,0.31304546271700434,0.8506708394160191,12.373133,False,LSEC
CCDC26,,1.0,1.0,0.0,False,LSEC
ZFAT-AS1,,1.0,1.0,0.0,False,LSEC
RHPN1-AS1,,1.0,1.0,0.0,False,LSEC
ZNF252P-AS1,-0.030729065752256247,0.2893159641744445,0.8267538976243232,13.42216,False,LSEC
CDKN2B-AS1,0.01662123129397924,0.5666105818795855,1.0,13.408799,False,LSEC
FAM201A,0.11924091982763947,3.699085815272144e-05,0.0011401110923499502,15.928284,False,LSEC
FAM74A6,0.0012092229217116892,0.9667477966086891,1.0,13.100874,False,LSEC
FAM74A4,-0.04033008503647258,0.16424645578848984,0.6338966104395872,15.27417,False,LSEC
FAM27E3,-0.08819240645017183,0.0023164726320282535,0.03277239149902267,15.966691,False,LSEC
PGM5-AS1,-0.03565923016174995,0.21879828150017971,0.7179578590671296,13.887867,False,LSEC
MAMDC2-AS1,0.05793637493254433,0.045606803427750066,0.33929889101851984,14.086109,False,LSEC
PCA3,-0.08787408876302012,0.0024029662706802897,0.03295106280544552,15.2589655,False,LSEC
VPS13A-AS1,,1.0,1.0,0.0,False,LSEC
LINC00484,,1.0,1.0,0.0,False,LSEC
PCAT7,-0.04728584725015137,0.10287460215755173,0.507318752354098,14.371887,False,LSEC
LINC00092,0.02870034290052182,0.32235130661850003,0.8693411800367672,16.006056,False,LSEC
FAM225B,0.06537405866181903,0.02406059804175232,0.21406490835084796,14.016021,False,LSEC
FAM225A,0.06346041556215669,0.028525544031158992,0.2461754449889021,14.192728,False,LSEC
PAPPA-AS1,,1.0,1.0,0.0,False,LSEC
GSN-AS1,-0.04654195390008901,0.108408746274002,0.5227713088792335,12.779612,False,LSEC
MIR181A2HG,0.04121033319741829,0.15522526941432319,0.6144926949750501,13.137222,False,LSEC
ODF2-AS1,-0.03768886484300686,0.19367931168910268,0.6728032758122722,12.753023,False,LSEC
HMGA1P4,-0.0028681324602259743,0.9212351301056732,1.0,13.502348,False,LSEC
DBH-AS1,0.0015176724097855112,0.9582727415865642,1.0,12.826752,False,LSEC
PPP1R26-AS1,0.032781015660926185,0.2583004767967587,0.7985397941379847,14.228712,False,LSEC
C9orf163,0.0036630249890532507,0.8995088193824031,1.0,12.842635,False,LSEC
SNHG7,-0.017404381646549633,0.5484695389111152,1.0,0.7258889,False,LSEC
CCDC183-AS1,-0.003456920488955887,0.9051355951749948,1.0,13.070072,False,LSEC
IDI2-AS1,-0.013257188973206654,0.6476302431339955,1.0,14.809934,False,LSEC
LINC00200,,1.0,1.0,0.0,False,LSEC
LINC00702,0.03936966625281369,0.17453316093684276,0.6438164960467451,14.24765,False,LSEC
PRKCQ-AS1,0.03995199983210979,0.1682401765367043,0.6365976428299213,15.5505905,False,LSEC
LINC00707,0.03752023457525292,0.1956820651551336,0.6728032758122722,13.289862,False,LSEC
GATA3-AS1,,1.0,1.0,0.0,False,LSEC
SFTA1P,0.0620277372989111,0.03231885721391048,0.2681843632269687,13.358589,False,LSEC
CELF2-AS1,,1.0,1.0,0.0,False,LSEC
PROSER2-AS1,,1.0,1.0,0.0,False,LSEC
VIM-AS1,0.08123745766324036,0.0050274616918036,0.0594342389044727,15.339359,False,LSEC
ST8SIA6-AS1,-0.033729937777221365,0.24476536803211146,0.7681182276789534,12.721182,False,LSEC
NEBL-AS1,0.07603465901848473,0.008663179956050626,0.09230030002557642,14.868843,False,LSEC
GPR158-AS1,,1.0,1.0,0.0,False,LSEC
WAC-AS1,0.0932387478448287,0.0012757001684793358,0.022018584907953335,2.714343,False,LSEC
LINC00838,,1.0,1.0,0.0,False,LSEC
LINC00839,0.09277730324039328,0.0013488486285493189,0.02238569935457812,15.05456,False,LSEC
ZNF32-AS1,,1.0,1.0,0.0,False,LSEC
ZNF32-AS2,-0.045445857159688366,0.11698875309567525,0.5285931618930249,12.541132,False,LSEC
TMEM72-AS1,0.037098658905868054,0.2007551933267696,0.6820934324448904,13.589842,False,LSEC
LINC00842,0.17224406246160734,2.1930946709529193e-09,1.5722965506160148e-07,17.170788,False,LSEC
PRKG1-AS1,,1.0,1.0,0.0,False,LSEC
LINC00844,0.011510038703078406,0.6915020682659607,1.0,15.143118,False,LSEC
JMJD1C-AS1,0.01386441961438931,0.6326546834900308,1.0,14.682832,False,LSEC
UNC5B-AS1,,1.0,1.0,0.0,False,LSEC
DNAJC9-AS1,,1.0,1.0,0.0,False,LSEC
C10orf55,0.04443407555316469,0.12537313808703238,0.552025602903617,12.6333885,False,LSEC
ZNF503-AS1,0.03677555556733793,0.20470773136168752,0.6927951849613189,14.323439,False,LSEC
DLG5-AS1,0.05038802768423713,0.08217332266346884,0.4610348959543602,12.823836,False,LSEC
LINC00595,,1.0,1.0,0.0,False,LSEC
ZMIZ1-AS1,0.006671103976891026,0.8181023381016591,1.0,13.712931,False,LSEC
TMEM254-AS1,-0.023878622295186374,0.4103237373168538,0.9836371814012356,13.78857,False,LSEC
NUTM2A-AS1,-0.02406547294644198,0.4066697172258165,0.9803239272789934,2.3169186,False,LSEC
LINC00863,0.000793345835203986,0.9781803316069557,1.0,2.9837837,False,LSEC
ACTA2-AS1,0.03861633131565356,0.1829323357398305,0.6605464675459152,12.921438,False,LSEC
LINC00865,0.019985897809580776,0.4907759123147807,1.0,14.559053,False,LSEC
ENTPD1-AS1,-0.021268062436632467,0.463380646007507,1.0,2.1556952,False,LSEC
DNMBP-AS1,,1.0,1.0,0.0,False,LSEC
KCNIP2-AS1,-0.004590302004096925,0.8742599663029523,1.0,13.923508,False,LSEC
PDCD4-AS1,-0.00537752825304259,0.8529234363669902,1.0,16.119497,False,LSEC
CASC2,0.08268967793799621,0.004295728640755819,0.05296019738531816,14.556406,False,LSEC
LINC00867,,1.0,1.0,0.0,False,LSEC
FAM53B-AS1,-0.02996689106188358,0.3014497071457177,0.8446464196972546,14.514536,False,LSEC
EDRF1-AS1,,1.0,1.0,0.0,False,LSEC
LINC00601,0.031533860069987846,0.2768651193391973,0.8038651969286844,12.462812,False,LSEC
LINC01166,-0.008085165790413747,0.7804461637082295,1.0,14.8475895,False,LSEC
MIR202HG,,1.0,1.0,0.0,False,LSEC
LINC01001,-0.007699861426227101,0.7906598898491776,1.0,14.626774,False,LSEC
MIR210HG,0.16108626345297372,2.271569857490876e-08,1.2252279918841412e-06,16.425327,False,LSEC
KRTAP5-AS1,0.05398334500369069,0.06254476414443536,0.40891008679278573,12.918157,False,LSEC
FAM99B,0.022195996356478283,0.44409706933784615,1.0,13.808039,False,LSEC
LINC01150,,1.0,1.0,0.0,False,LSEC
MRPL23-AS1,0.04030263399319302,0.16453399853820108,0.6338966104395872,13.537611,False,LSEC
KCNQ1OT1,0.16882853507223117,4.561385508818107e-09,2.811768352935733e-07,1.6589408,False,LSEC
KCNQ1-AS1,,1.0,1.0,0.0,False,LSEC
SLC22A18AS,-0.04351043990498438,0.13342876699543021,0.5700446827577043,14.741716,False,LSEC
RRM1-AS1,-0.027149473108385256,0.349200805842378,0.8969056411963459,13.457165,False,LSEC
TMEM9B-AS1,-0.016073015189242812,0.5794782161217087,1.0,14.914543,False,LSEC
SBF2-AS1,0.05530885625387493,0.05636367992650099,0.386046474417225,15.777433,False,LSEC
ZBED5-AS1,0.0906853207291593,0.0017314753498011682,0.0254754522273748,16.782711,False,LSEC
LINC00958,0.0263906369034925,0.36284048156343485,0.9236912554254992,12.942764,False,LSEC
NAV2-AS3,-0.031702490337741786,0.2743031869773263,0.8038651969286844,13.185968,False,LSEC
NAV2-AS2,,1.0,1.0,0.0,False,LSEC
BDNF-AS,0.05262009850711344,0.06947534306626926,0.42826586475850265,15.155407,False,LSEC
LINC00678,,1.0,1.0,0.0,False,LSEC
WT1-AS,0.11185528762157418,0.00010959019210443949,0.0028659495692767057,16.053782,False,LSEC
ALKBH3-AS1,0.018893322917406502,0.5147893075411539,1.0,13.632854,False,LSEC
LRP4-AS1,0.050167504656798846,0.08352386109036912,0.4620582828268497,12.48625,False,LSEC
NEAT1,-0.320829877725514,6.450525252424209e-30,1.855601097614031e-27,0.98303765,False,LSEC
MALAT1,-0.18787744586079144,6.348842749481407e-11,6.087834769780505e-09,0.22651362,False,LSEC
SHANK2-AS1,0.03936854342997027,0.17454546197062107,0.6438164960467451,14.311476,False,LSEC
SHANK2-AS3,0.014586518160716303,0.6150405097878797,1.0,13.100874,False,LSEC
ARAP1-AS1,,1.0,1.0,0.0,False,LSEC
ARAP1-AS2,,1.0,1.0,0.0,False,LSEC
KCTD21-AS1,-0.01144963802666711,0.693038490752595,1.0,14.783831,False,LSEC
SCARNA9,,1.0,1.0,0.0,False,LSEC
COLCA1,0.1855920940560061,1.0866939543940549e-10,9.378168826420694e-09,17.501516,False,LSEC
NCAM1-AS1,,1.0,1.0,0.0,False,LSEC
LINC00900,,1.0,1.0,0.0,False,LSEC
APOA1-AS,,1.0,1.0,0.0,False,LSEC
USP2-AS1,0.0708309391692689,0.014487555556379945,0.14048045443995386,13.539629,False,LSEC
SENCR,0.00506569346418911,0.8613632801382711,1.0,15.082308,False,LSEC
LINC00940,,1.0,1.0,0.0,False,LSEC
CACNA1C-AS2,-0.037773179976883835,0.19268359027530843,0.6728032758122722,12.932632,False,LSEC
CACNA1C-AS1,-0.020572892665981373,0.478127205258614,1.0,13.203804,False,LSEC
CCND2-AS1,0.08450148909538145,0.003518569783866835,0.046007965507228465,14.50893,False,LSEC
CD27-AS1,0.04854515096701836,0.09401991702166539,0.47728934346880725,1.292824,False,LSEC
C1RL-AS1,0.08196441930331179,0.0046481621146857765,0.05649808316864542,15.521719,False,LSEC
FAM66C,0.05373851140448835,0.06374559973869263,0.41362746296610337,15.974878,False,LSEC
LINC00937,0.06540698786376489,0.02398939094857981,0.21406490835084796,15.095866,False,LSEC
A2ML1-AS2,,1.0,1.0,0.0,False,LSEC
A2M-AS1,-0.02811269969055279,0.33236235925605523,0.8766474945777349,15.969253,False,LSEC
LINC00987,0.0159936705608443,0.5813518654987583,1.0,3.334371,False,LSEC
LOH12CR2,-0.008906021461612896,0.7588145378769431,1.0,1.4596457,False,LSEC
RASSF8-AS1,0.09592483737519795,0.0009176801334643139,0.016643895097162114,1.8747523,False,LSEC
OVCH1-AS1,-0.03257968575020019,0.2612375765549548,0.7985397941379847,14.321436,False,LSEC
LINC00941,0.021653647786026332,0.45531167448353443,1.0,13.357691,False,LSEC
DDX11-AS1,,1.0,1.0,0.0,False,LSEC
DENND5B-AS1,-0.012667143453066953,0.6623197884202296,1.0,13.209207,False,LSEC
LINC00938,0.05230735035841462,0.07115109076590316,0.4301433073323384,3.1132429,False,LSEC
BCDIN3D-AS1,0.029326417085387187,0.3119040301766746,0.8506708394160191,14.683744,False,LSEC
LINC00592,,1.0,1.0,0.0,False,LSEC
HOXC-AS2,,1.0,1.0,0.0,False,LSEC
AGAP2-AS1,0.03594173459420913,0.21516835779207577,0.7115392454713572,3.338528,False,LSEC
IFNG-AS1,,1.0,1.0,0.0,False,LSEC
CLLU1,0.04443407555316469,0.12537313808703238,0.552025602903617,12.6333885,False,LSEC
TMPO-AS1,0.008988707885342874,0.7566456437199476,1.0,14.690701,False,LSEC
LINC00485,,1.0,1.0,0.0,False,LSEC
CASC18,0.0007736302366686893,0.9787224465873452,1.0,13.378778,False,LSEC
USP30-AS1,-0.031369067043334545,0.2793844419424292,0.8038651969286844,14.6616535,False,LSEC
FAM222A-AS1,,1.0,1.0,0.0,False,LSEC
MAPKAPK5-AS1,-0.1306916887977954,6.0404621500953074e-06,0.00022664864502314132,2.5552356,False,LSEC
PXN-AS1,0.056517500903159094,0.051178662982018765,0.3620261160121491,3.3787262,False,LSEC
HNF1A-AS1,0.16475802602385742,1.0709097759327023e-08,6.161300910866146e-07,17.108912,False,LSEC
DNAH10OS,,1.0,1.0,0.0,False,LSEC
LINC00939,0.04241051234011734,0.14353720901115355,0.58430477064446,12.791038,False,LSEC
LINC00943,,1.0,1.0,0.0,False,LSEC
LINC00944,,1.0,1.0,0.0,False,LSEC
LINC00507,,1.0,1.0,0.0,False,LSEC
LINC01072,,1.0,1.0,0.0,False,LSEC
LATS2-AS1,-0.061162676414668035,0.03481214998155439,0.27664925529832196,15.302668,False,LSEC
LINC00621,,1.0,1.0,0.0,False,LSEC
LINC00327,0.03490646542506676,0.22868455251821945,0.738405854960919,12.469366,False,LSEC
SPATA13,0.0011193912556324243,0.9692167878032748,1.0,1.8057075,False,LSEC
SPATA13-AS1,,1.0,1.0,0.0,False,LSEC
WASF3-AS1,-0.0018647880710884093,0.9487409605008323,1.0,13.397501,False,LSEC
LINC00412,,1.0,1.0,0.0,False,LSEC
LINC00543,0.13754089335475977,1.894813573916084e-06,7.78678149661705e-05,16.696934,False,LSEC
PAN3-AS1,-0.003286016773011597,0.9098049911864183,1.0,15.326241,False,LSEC
MTUS2-AS1,,1.0,1.0,0.0,False,LSEC
LINC00544,,1.0,1.0,0.0,False,LSEC
LINC00384,,1.0,1.0,0.0,False,LSEC
LINC00427,0.015261039231732085,0.598784464538797,1.0,13.550192,False,LSEC
LINC00426,,1.0,1.0,0.0,False,LSEC
LINC01058,,1.0,1.0,0.0,False,LSEC
LINC00398,,1.0,1.0,0.0,False,LSEC
TEX26-AS1,0.12333625458783828,1.9698812521790356e-05,0.0006538490463963491,15.550144,False,LSEC
LINC00545,,1.0,1.0,0.0,False,LSEC
FRY-AS1,0.1006178822036631,0.0005059379777606224,0.010147319400514642,15.539938,False,LSEC
LINC01048,0.08083422664117886,0.005249698581363597,0.06122283615833492,14.038183,False,LSEC
LINC00571,-0.025907652109472695,0.3716929747363291,0.9381961594996645,13.734372,False,LSEC
LINC00332,,1.0,1.0,0.0,False,LSEC
LINC00598,0.019392480791703755,0.5037433539924266,1.0,13.128581,False,LSEC
LINC01050,0.04603606309682717,0.11230485048365411,0.5249366029497761,12.803484,False,LSEC
SMIM2-AS1,0.0120698659479459,0.6773226945744539,1.0,13.459627,False,LSEC
LINC00407,0.01730842407670631,0.5506768326213318,1.0,13.782773,False,LSEC
LINC00330,,1.0,1.0,0.0,False,LSEC
TPT1-AS1,-0.017482998509599126,0.5466643882815858,1.0,1.1433434,False,LSEC
SLC25A30-AS1,-0.0035733930847597272,0.9019552209027144,1.0,13.882778,False,LSEC
CPB2-AS1,0.026840332494257844,0.35471770982841383,0.9083720581065908,13.621027,False,LSEC
LINC00563,-0.014755148428470246,0.6109583352570609,1.0,12.423855,False,LSEC
LINC00562,-0.045987420202957444,0.11268521084487525,0.5249366029497761,15.532162,False,LSEC
SUCLA2-AS1,,1.0,1.0,0.0,False,LSEC
MED4-AS1,0.045698802561319286,0.11496294085458596,0.5249366029497761,12.230934,False,LSEC
LINC00462,0.047722365774366636,0.09973312109886687,0.5004051366762913,12.3970585,False,LSEC
DLEU1,0.09111051834397904,0.0016464506025255594,0.02508675822858431,15.573738,False,LSEC
RNASEH2B-AS1,,1.0,1.0,0.0,False,LSEC
INTS6-AS1,-0.01224159161056446,0.6729957095610122,1.0,2.2200375,False,LSEC
LINC00355,,1.0,1.0,0.0,False,LSEC
PCDH9-AS1,,1.0,1.0,0.0,False,LSEC
LINC00393,,1.0,1.0,0.0,False,LSEC
LINC00402,,1.0,1.0,0.0,False,LSEC
LINC00381,,1.0,1.0,0.0,False,LSEC
MYCBP2-AS1,0.029173036321432606,0.31444263936698735,0.8506708394160191,13.357077,False,LSEC
EDNRB-AS1,,1.0,1.0,0.0,False,LSEC
RBM26-AS1,-0.07798755379607103,0.007087730694973738,0.07943781285405631,15.325791,False,LSEC
LINC01068,,1.0,1.0,0.0,False,LSEC
LINC00333,,1.0,1.0,0.0,False,LSEC
MIR4500HG,,1.0,1.0,0.0,False,LSEC
LINC00379,,1.0,1.0,0.0,False,LSEC
LINC00359,,1.0,1.0,0.0,False,LSEC
FARP1-AS1,0.0344848897556819,0.234358019265014,0.7490776689841004,13.106497,False,LSEC
STK24-AS1,-0.0111489212849181,0.7007065444906023,1.0,14.694946,False,LSEC
DOCK9-AS1,,1.0,1.0,0.0,False,LSEC
UBAC2-AS1,0.03951756653442612,0.17291849096670858,0.6438164960467451,14.491314,False,LSEC
LINC00449,,1.0,1.0,0.0,False,LSEC
CLYBL-AS1,,1.0,1.0,0.0,False,LSEC
PCCA-AS1,0.044096815017656804,0.1282695652073347,0.5566246971528267,13.201112,False,LSEC
NALCN-AS1,-0.007841307450558475,0.7869061353478446,1.0,13.006551,False,LSEC
FGF14-AS2,0.05330770732322455,0.0659047168358622,0.41491165441205646,15.891737,False,LSEC
LINC00551,0.0039299494557443505,0.8922291536143442,1.0,12.632704,False,LSEC
LINC00399,,1.0,1.0,0.0,False,LSEC
COL4A2-AS2,,1.0,1.0,0.0,False,LSEC
COL4A2-AS1,0.015513984633363002,0.5927390169244917,1.0,12.842635,False,LSEC
ATP11A-AS1,-0.0510428028916309,0.07826724948475555,0.44639151346766087,13.988966,False,LSEC
MCF2L-AS1,0.02073367094902759,0.47469402677447275,1.0,13.955431,False,LSEC
GAS6-AS1,,1.0,1.0,0.0,False,LSEC
LINC01054,,1.0,1.0,0.0,False,LSEC
PRMT5-AS1,0.04861100183506884,0.09357423248884972,0.47728934346880725,13.451376,False,LSEC
DHRS4-AS1,,1.0,1.0,0.0,False,LSEC
ARHGAP5-AS1,0.045468567486294784,0.1168057323108929,0.5285931618930249,2.6026287,False,LSEC
PTCSC3,,1.0,1.0,0.0,False,LSEC
SFTA3,,1.0,1.0,0.0,False,LSEC
SLC25A21-AS1,0.10072136626821017,0.0004991955500866432,0.010147319400514642,16.32668,False,LSEC
LINC00639,0.04162839800941404,0.15107463589563233,0.6035991239719014,13.112648,False,LSEC
LINC00871,,1.0,1.0,0.0,False,LSEC
LINC00648,,1.0,1.0,0.0,False,LSEC
LINC00640,-0.049155723050275164,0.0899520980752668,0.4748115076148753,13.027166,False,LSEC
KTN1-AS1,-0.001060014346494131,0.9708489041491147,1.0,14.031229,False,LSEC
OTX2-AS1,,1.0,1.0,0.0,False,LSEC
HIF1A-AS1,0.019440013757801994,0.5026980430991755,1.0,14.349265,False,LSEC
ADAM20P1,-0.023684150682938193,0.41414740919218096,0.9866935434410576,15.125357,False,LSEC
C14orf178,-0.05212879587601624,0.07212255720037566,0.4301433073323384,14.23359,False,LSEC
DIO2-AS1,,1.0,1.0,0.0,False,LSEC
FOXN3-AS1,-0.0004620608244743825,0.9872907337119372,1.0,14.470583,False,LSEC
FOXN3-AS2,,1.0,1.0,0.0,False,LSEC
LINC00642,-0.0015356500721418612,0.957778917646379,1.0,13.884956,False,LSEC
ITPK1-AS1,0.05654430678667333,0.051068347619522426,0.3620261160121491,13.844601,False,LSEC
DICER1-AS1,0.06463154571811214,0.02571553165508024,0.22583578710192426,3.7560828,False,LSEC
SNHG10,0.10453521804857327,0.0003018377854277738,0.006854894969057074,16.173597,False,LSEC
MEG3,-0.34439345306744146,1.6900647006564937e-34,1.4585258366665541e-31,3.968244,True,LSEC
MEG8,-0.10252855537359049,0.0003941395744451115,0.008721601352464903,16.723143,False,LSEC
MEG9,-0.018045410372060162,0.5338369929269612,1.0,15.534175,False,LSEC
DIO3OS,0.062412775857356,0.03125921036786896,0.262145367069749,14.389992,False,LSEC
LINC00677,,1.0,1.0,0.0,False,LSEC
LINC00638,0.011112364858073124,0.7016408049791455,1.0,14.128218,False,LSEC
LINC00226,,1.0,1.0,0.0,False,LSEC
LINC00221,,1.0,1.0,0.0,False,LSEC
PWRN1,,1.0,1.0,0.0,False,LSEC
LINC00929,,1.0,1.0,0.0,False,LSEC
GOLGA8M,,1.0,1.0,0.0,False,LSEC
LINC00926,-0.015905836966643612,0.5834292681935023,1.0,14.586767,False,LSEC
USP3-AS1,-0.03988799928595459,0.16892336061187946,0.6365976428299213,13.209207,False,LSEC
IQCH-AS1,-0.0008536097722392032,0.9765233323658508,1.0,15.565277,False,LSEC
HEXA-AS1,-0.012949187523916727,0.6552814924255342,1.0,13.560213,False,LSEC
ADPGK-AS1,0.01604461435036173,0.5801485501837766,1.0,14.782692,False,LSEC
LOXL1-AS1,0.0687514664083098,0.017644762121964582,0.16373580334683263,14.433582,False,LSEC
DNM1P35,0.03830321986547383,0.1865100063560642,0.662379158375652,13.579291,False,LSEC
ST20,0.07723042282481879,0.0076651642034469385,0.08373464186803427,15.843443,False,LSEC
PRC1-AS1,,1.0,1.0,0.0,False,LSEC
LINC00924,-0.05924894322850253,0.04091587119434799,0.31248138797099395,16.30479,False,LSEC
NR2F2-AS1,-0.03228606995759811,0.26556219526517866,0.8038651969286844,2.9309878,False,LSEC
SPATA8,,1.0,1.0,0.0,False,LSEC
LINC00923,-0.01779049324804127,0.539632239384533,1.0,12.926593,False,LSEC
SPATA41,0.05116660288386556,0.07754596387841489,0.44639151346766087,14.8318,False,LSEC
WASIR2,-0.0725066549272662,0.012316816287713334,0.12359781925926287,13.902021,False,LSEC
SNHG9,0.011113578252687498,0.7016097874170749,1.0,0.9345076,False,LSEC
SRRM2-AS1,0.0015124966906599144,0.9584149151025207,1.0,13.6996,False,LSEC
BCAR4,,1.0,1.0,0.0,False,LSEC
IL21R-AS1,-0.028031381708442243,0.3337633202193873,0.8766474945777349,14.330629,False,LSEC
FBXL19-AS1,-0.025257493253407627,0.3838187716933788,0.9465175827280524,14.534189,False,LSEC
CRNDE,-0.019384547530829743,0.503917928093983,1.0,2.4665837,False,LSEC
LINC00920,-0.028343218945005265,0.32841158531526327,0.8766474945777349,2.8025615,False,LSEC
VAC14-AS1,-0.04991455925516793,0.08509500952853095,0.4647910963488747,13.562231,False,LSEC
LINC00311,-0.022208365571085905,0.4438431509569684,1.0,15.161562,False,LSEC
FENDRR,0.04308503341113312,0.1372710168687751,0.5755108038740357,12.244736,False,LSEC
SNAI3-AS1,-0.04246151312476095,0.14305589196424887,0.58430477064446,15.41898,False,LSEC
LINC00304,,1.0,1.0,0.0,False,LSEC
VPS9D1-AS1,0.04300071827725615,0.13804256825252073,0.5755108038740357,12.5954075,False,LSEC
PITPNA-AS1,0.11276619968520633,9.618532278691092e-05,0.002593997923909504,4.5051584,False,LSEC
MIR22HG,-0.04657364272281774,0.1081682961843463,0.5227713088792335,1.4195244,False,LSEC
MIR497HG,0.08164805196292466,0.0048099303689997635,0.05765235983953883,15.418617,False,LSEC
LINC00324,-0.007609993517383135,0.79304737056384,1.0,16.049349,False,LSEC
MPRIP-AS1,-0.004479821821319596,0.8772620485107764,1.0,16.276987,False,LSEC
SMCR2,,1.0,1.0,0.0,False,LSEC
RAI1-AS1,,1.0,1.0,0.0,False,LSEC
SMCR5,-0.04000561917387954,0.16766940484074974,0.6365976428299213,16.822504,False,LSEC
FAM106A,-0.014054631748887596,0.6279940565008169,1.0,14.957933,False,LSEC
ZNF286B,0.022648331482847433,0.4348654257221906,1.0,14.07609,False,LSEC
TRIM16L,0.05335257981645042,0.06567705149316605,0.41491165441205646,14.851795,False,LSEC
EPN2-AS1,,1.0,1.0,0.0,False,LSEC
CCDC144NL,0.002889793567315127,0.9206422267194327,1.0,16.569435,False,LSEC
UBBP4,-0.019911687733718875,0.4923877000243415,1.0,14.767592,False,LSEC
RAMP2-AS1,-0.044830956773137,0.1220301765773974,0.5428455793107936,15.699092,False,LSEC
LINC00671,0.1837227708858468,1.678211931804345e-10,1.3166335428610452e-08,5.55079,False,LSEC
LINC00910,0.03156773789362286,0.2763491241630282,0.8038651969286844,2.7686908,False,LSEC
FAM215A,,1.0,1.0,0.0,False,LSEC
ASB16-AS1,-0.03293271253780166,0.2561026068479911,0.7950235601072528,2.7989712,False,LSEC
MAP3K14-AS1,0.038447701047899616,0.1848527727646921,0.662379158375652,12.526249,False,LSEC
KANSL1-AS1,0.042300096796294054,0.14458349861478026,0.5857646143292126,1.7242885,False,LSEC
HOXB-AS1,0.014524480807974574,0.6165453095282313,1.0,2.705825,False,LSEC
HOXB-AS3,-0.003836228391566304,0.8947841492411648,1.0,15.512629,False,LSEC
HOXB-AS2,-0.04598712931953159,0.11268748843809996,0.5249366029497761,14.357811,False,LSEC
TBC1D3P1-DHX40P1,-0.03271427194426547,0.25927162275994436,0.7985397941379847,13.54002,False,LSEC
KCNJ2-AS1,0.00653802947090085,0.8216692356309302,1.0,14.408891,False,LSEC
LINC01152,0.04371912270649097,0.13157460074164765,0.5649198031842881,13.721384,False,LSEC
LINC00511,0.05210149411876878,0.07227205047878224,0.4301433073323384,14.999452,False,LSEC
LINC00469,,1.0,1.0,0.0,False,LSEC
RNF157-AS1,0.037267289173622,0.19871455770028554,0.6778287086772585,13.252398,False,LSEC
LINC00868,,1.0,1.0,0.0,False,LSEC
DNAH17-AS1,,1.0,1.0,0.0,False,LSEC
C1QTNF1-AS1,-0.07295894432585268,0.01178258763754367,0.1210520610857165,16.17867,False,LSEC
LINC00482,0.05112675097837988,0.07777755716414259,0.44639151346766087,14.1537,False,LSEC
TMEM105,0.06009638779517108,0.03810949131075389,0.2936472410819697,14.194661,False,LSEC
MAFG-AS1,0.13024627785451717,6.5007065273609495e-06,0.0002337545722130208,16.301105,False,LSEC
LINC00470,,1.0,1.0,0.0,False,LSEC
DLGAP1-AS1,-0.00732960105198687,0.8005087980486427,1.0,2.8587232,False,LSEC
DLGAP1-AS2,-0.09150412954156542,0.00157117935968611,0.024653232498347506,16.935932,False,LSEC
DLGAP1-AS3,0.038194755646268695,0.18776130312572867,0.6640901827766551,12.931192,False,LSEC
DLGAP1-AS5,,1.0,1.0,0.0,False,LSEC
LINC00667,0.056818699473313965,0.0499505216885282,0.3620261160121491,1.7764629,False,LSEC
LINC00526,0.007353338989955055,0.7998764006475478,1.0,15.244462,False,LSEC
LDLRAD4-AS1,0.025716115832476717,0.3752403244029142,0.9386446375643912,13.069267,False,LSEC
CYP4F35P,-0.02224575550046003,0.44307610463372904,1.0,14.091061,False,LSEC
GATA6-AS1,0.07272738605824584,0.012053476108644611,0.12237823390306235,1.6201532,False,LSEC
AQP4-AS1,-0.0005128154857254908,0.9858948337008906,1.0,12.636366,False,LSEC
LINC00907,0.0001686302677539457,0.9953615512746248,1.0,13.164041,False,LSEC
LINC-ROR,,1.0,1.0,0.0,False,LSEC
LINC00305,-0.04856551711313636,0.09388189591774096,0.47728934346880725,12.635111,False,LSEC
GTSCR1,,1.0,1.0,0.0,False,LSEC
LINC00683,0.0457576269338347,0.11449579587298186,0.5249366029497761,13.846663,False,LSEC
SDCBP2-AS1,-0.032537096523927785,0.26186183284015024,0.7985397941379847,2.14851,False,LSEC
UBOX5-AS1,,1.0,1.0,0.0,False,LSEC
LINC00654,0.0019006028206493633,0.9477578825756686,1.0,14.310589,False,LSEC
CASC20,,1.0,1.0,0.0,False,LSEC
SNAP25-AS1,0.0613841958964968,0.03415854619872664,0.27664925529832196,13.425633,False,LSEC
LINC00687,,1.0,1.0,0.0,False,LSEC
ISM1-AS1,,1.0,1.0,0.0,False,LSEC
LINC00237,,1.0,1.0,0.0,False,LSEC
LINC00261,0.21699706338004324,3.695521128407548e-14,4.5560496197367345e-12,17.983706,False,LSEC
LINC00656,,1.0,1.0,0.0,False,LSEC
ZNF337-AS1,0.0550062791252441,0.05772796949290094,0.38921279431541805,14.080774,False,LSEC
FAM182B,-0.008456890185222068,0.7706281305371084,1.0,14.353551,False,LSEC
HM13-AS1,-0.04521019382680257,0.11890124672783547,0.5344363329485522,14.64682,False,LSEC
ITCH-AS1,-0.0015502313945862012,0.9573783987999722,1.0,13.712572,False,LSEC
FAM83C-AS1,,1.0,1.0,0.0,False,LSEC
HNF4A-AS1,,1.0,1.0,0.0,False,LSEC
LINC00494,,1.0,1.0,0.0,False,LSEC
ZFAS1,0.33426644754600787,1.7625147800165752e-32,7.605251275771522e-30,2.5382144,True,LSEC
TRERNA1,,1.0,1.0,0.0,False,LSEC
GNAS-AS1,-0.02782399417940104,0.3373534261321131,0.8795649750816121,13.209207,False,LSEC
LINC00686,,1.0,1.0,0.0,False,LSEC
LINC00659,,1.0,1.0,0.0,False,LSEC
OGFR-AS1,,1.0,1.0,0.0,False,LSEC
HAR1B,,1.0,1.0,0.0,False,LSEC
HAR1A,,1.0,1.0,0.0,False,LSEC
CIRBP-AS1,0.022512140745151753,0.4376332174904953,1.0,13.808039,False,LSEC
CSNK1G2-AS1,,1.0,1.0,0.0,False,LSEC
CACTIN-AS1,,1.0,1.0,0.0,False,LSEC
RAB11B-AS1,-0.02929989697368473,0.3123419977966515,0.8506708394160191,2.0278282,False,LSEC
LINC00663,0.04408723126054423,0.1283526242565614,0.5566246971528267,15.257069,False,LSEC
LINC00664,0.02723378824226223,0.3477056189521957,0.8961616445087297,13.883268,False,LSEC
LINC00662,-0.0019766558714739715,0.9456705700626881,1.0,1.1203039,False,LSEC
SCGB1B2P,-0.032205762240820855,0.2667535618203946,0.8038651969286844,15.172094,False,LSEC
UPK1A-AS1,,1.0,1.0,0.0,False,LSEC
LINC00665,-0.05098211130969397,0.07862283898851037,0.44639151346766087,2.5380194,False,LSEC
ZNF571-AS1,0.0046657922314686144,0.8722097039038459,1.0,14.412763,False,LSEC
ZNF781,-0.0014097803536636802,0.9612367310619436,1.0,15.556963,False,LSEC
LIPE-AS1,0.037366444510039724,0.1975217481463575,0.6764336057551846,2.5001652,False,LSEC
DACT3-AS1,-0.005844794466701369,0.8403085309294529,1.0,14.251442,False,LSEC
NAPA-AS1,0.02525469077808227,0.3838715573056991,0.9465175827280524,14.5503025,False,LSEC
NUCB1-AS1,,1.0,1.0,0.0,False,LSEC
PTOV1-AS1,-0.01770871916995849,0.5414979208642606,1.0,14.268833,False,LSEC
SIGLEC5,,1.0,1.0,0.0,False,LSEC
LENG8-AS1,-0.029547437730254873,0.30826970615764276,0.8506708394160191,16.112644,False,LSEC
ZNF667-AS1,0.08311546464061986,0.004100274514667254,0.05128314356750493,2.1341176,False,LSEC
MIMT1,-0.03389468381854308,0.2424670849373751,0.763682825915893,13.480326,False,LSEC
A1BG-AS1,0.038420541240191536,0.18516346881336299,0.662379158375652,13.774457,False,LSEC
ZFY-AS1,-0.036424137834852266,0.2090704750101751,0.7047961716163325,13.794709,False,LSEC
LINC00278,0.019392480791703755,0.5037433539924266,1.0,13.965317,False,LSEC
FAM224B,,1.0,1.0,0.0,False,LSEC
TTTY14,0.05147411529940998,0.0757777102678706,0.4433838221345183,14.445324,False,LSEC
TTTY10,-0.03752023457525292,0.1956820651551336,0.6728032758122722,13.575174,False,LSEC
TPTEP1,-0.014930552452406069,0.6067249607191951,1.0,2.710753,False,LSEC
LINC00528,-0.06041486181079834,0.03709795635579632,0.28842825527074073,15.23727,False,LSEC
DGCR5,,1.0,1.0,0.0,False,LSEC
LINC00896,-0.008416213261653344,0.7717007393436592,1.0,13.310722,False,LSEC
FAM230A,-0.011856413042340244,0.6827159305222867,1.0,13.808039,False,LSEC
THAP7-AS1,0.05317234073783342,0.0665954519880833,0.41491165441205646,15.443972,False,LSEC
FAM230C,0.020440471049271883,0.48096501924506285,1.0,14.566344,False,LSEC
LL22NC03-63E9.3,0.022765086146782666,0.43250068753418647,1.0,13.808975,False,LSEC
ADORA2A-AS1,-0.035290716581884485,0.22359908547557905,0.7269474300360098,14.295215,False,LSEC
MIAT,-0.1419131771088454,8.774115442629003e-07,3.985295593152016e-05,4.8607283,False,LSEC
ZNRF3-AS1,-0.0013808805948865943,0.9620307521560761,1.0,15.647349,False,LSEC
RFPL1S,-0.1447056051861939,5.300869356002646e-07,2.5414723634612685e-05,17.07673,False,LSEC
MORC2-AS1,-0.03433259050028518,0.236431912229284,0.7529178607153951,2.8937721,False,LSEC
RNF185-AS1,,1.0,1.0,0.0,False,LSEC
RFPL3S,-0.021163098603120187,0.46559087837681024,1.0,13.012067,False,LSEC
ELFN2,,1.0,1.0,0.0,False,LSEC
APOBEC3B-AS1,,1.0,1.0,0.0,False,LSEC
SAMSN1-AS1,,1.0,1.0,0.0,False,LSEC
C21orf91-OT1,,1.0,1.0,0.0,False,LSEC
LINC00158,,1.0,1.0,0.0,False,LSEC
MIR155HG,0.07181290198807223,0.01317792811966785,0.1307189881295788,13.875948,False,LSEC
LINC00161,,1.0,1.0,0.0,False,LSEC
BACH1-IT2,0.03593978856913969,0.21519321328855645,0.7115392454713572,14.425772,False,LSEC
GRIK1-AS1,-0.024083083719791336,0.4063263267772134,0.9803239272789934,13.910597,False,LSEC
LINC00159,-0.03752023457525292,0.1956820651551336,0.6728032758122722,12.992109,False,LSEC
MIS18A-AS1,0.004023452277452982,0.8896812205330299,1.0,13.147123,False,LSEC
PAXBP1-AS1,-0.04037134423876009,0.16381498745323783,0.6338966104395872,14.373463,False,LSEC
LINC00649,0.04877309871975305,0.09248435599274117,0.47728934346880725,15.3626175,False,LSEC
LINC00310,,1.0,1.0,0.0,False,LSEC
TTC3-AS1,,1.0,1.0,0.0,False,LSEC
DSCR9,,1.0,1.0,0.0,False,LSEC
LINC00114,,1.0,1.0,0.0,False,LSEC
BRWD1-AS1,,1.0,1.0,0.0,False,LSEC
DSCAM-AS1,,1.0,1.0,0.0,False,LSEC
LINC00323,0.04375052328999771,0.13129733851063577,0.5649198031842881,12.961208,False,LSEC
LINC00479,0.052371026281546544,0.07080724953911507,0.4301433073323384,13.774211,False,LSEC
ZNF295-AS1,,1.0,1.0,0.0,False,LSEC
LINC00322,,1.0,1.0,0.0,False,LSEC
LINC00319,,1.0,1.0,0.0,False,LSEC
LINC00313,-0.010649991810924254,0.7134959909488662,1.0,15.877077,False,LSEC
TSPEAR-AS1,,1.0,1.0,0.0,False,LSEC
ITGB2-AS1,0.0039405189859595775,0.8919410798335555,1.0,13.768576,False,LSEC
LINC00334,,1.0,1.0,0.0,False,LSEC
LINC00205,-0.05869555606567721,0.04284131146660122,0.32300332825312417,3.842612,False,LSEC
LINC00315,-0.028414200116539848,0.3272012188057781,0.8766474945777349,12.711594,False,LSEC
MCM3AP-AS1,0.05468041389392146,0.059227811142289706,0.393181546275354,14.634847,False,LSEC
FAM87B,-0.012126089350308494,0.2799404220686935,0.658954504925255,10.92915,False,Cholangiocyte
LINC00115,0.011424771716583236,0.30869672569083245,0.7010665112399694,1.7020588,False,Cholangiocyte
FAM41C,-0.04862834889011761,1.4558396202934371e-05,0.00022435528434164935,3.7944503,False,Cholangiocyte
TTLL10-AS1,-0.013661858632454978,0.22348832812698063,0.5639486174666207,11.125784,False,Cholangiocyte
TP73-AS1,-0.03024460953874858,0.007031290229304591,0.04973773334335952,14.73241,False,Cholangiocyte
LINC01134,0.02147336491627655,0.05568918077434252,0.24646032311926971,12.098485,False,Cholangiocyte
ENO1-AS1,0.00818909659950531,0.46560629422200744,0.971252386202179,14.189831,False,Cholangiocyte
PINK1-AS,-0.02710569407668744,0.01571301966754511,0.09482752428735267,12.535389,False,Cholangiocyte
LINC00339,-0.03927320195726268,0.00046434375014292156,0.005072514637637231,3.0467706,False,Cholangiocyte
MDS2,,1.0,1.0,0.0,False,Cholangiocyte
SNHG12,0.02870076253338757,0.010536244441226918,0.06941052635709032,1.6033278,False,Cholangiocyte
MATN1-AS1,-0.002448497014054792,0.8273066690173627,1.0,2.4776573,False,Cholangiocyte
ZMYM4-AS1,,1.0,1.0,0.0,False,Cholangiocyte
NFYC-AS1,-0.01180717578592188,0.2927832666243693,0.6774047160772942,2.5960116,False,Cholangiocyte
SZT2-AS1,,1.0,1.0,0.0,False,Cholangiocyte
HYI-AS1,-0.0033160401066211175,0.7676469213133842,1.0,11.643342,False,Cholangiocyte
KDM4A-AS1,-0.01772244546680385,0.11429865763831047,0.3559111712563789,13.339561,False,Cholangiocyte
MKNK1-AS1,,1.0,1.0,0.0,False,Cholangiocyte
EFCAB14-AS1,,1.0,1.0,0.0,False,Cholangiocyte
CYP4A22-AS1,0.0029491493414289444,0.7927319854588905,1.0,10.194119,False,Cholangiocyte
LINC00853,0.0585440286743885,1.7829722757795612e-07,4.049223878941478e-06,13.435899,False,Cholangiocyte
FOXD2-AS1,-0.003374985352899547,0.7636385555897967,1.0,12.497725,False,Cholangiocyte
SSBP3-AS1,,1.0,1.0,0.0,False,Cholangiocyte
DAB1-AS1,,1.0,1.0,0.0,False,Cholangiocyte
LINC01135,0.021906489924527338,0.05093056200144155,0.23133197372233713,10.556176,False,Cholangiocyte
DLEU2L,-0.0201272387107138,0.0728956278104778,0.2967402207568035,4.100571,False,Cholangiocyte
GNG12-AS1,,1.0,1.0,0.0,False,Cholangiocyte
ZRANB2-AS1,,1.0,1.0,0.0,False,Cholangiocyte
NEXN-AS1,-0.015796440634849643,0.15927230478946092,0.45214473366218677,11.975344,False,Cholangiocyte
LINC01140,-0.013970352214478154,0.21320718027852786,0.5459875269447168,10.932311,False,Cholangiocyte
DPYD-AS1,,1.0,1.0,0.0,False,Cholangiocyte
DPYD-AS2,,1.0,1.0,0.0,False,Cholangiocyte
VAV3-AS1,-0.015150971128025981,0.17701513232869626,0.4880640868998878,11.696016,False,Cholangiocyte
LAMTOR5-AS1,0.0048544156220119185,0.6653616769347597,1.0,12.984205,False,Cholangiocyte
LINC01160,0.0031730768436669626,0.7773942905448544,1.0,11.035191,False,Cholangiocyte
SLC16A1-AS1,0.022163705241945678,0.048269264342085304,0.22395900606032051,14.42916,False,Cholangiocyte
AP4B1-AS1,-0.021712657542644693,0.05301630588351221,0.23829724988266165,12.120991,False,Cholangiocyte
WARS2-IT1,,1.0,1.0,0.0,False,Cholangiocyte
LINC00623,0.008800938318118717,0.43294419121560473,0.918011884567732,11.592202,False,Cholangiocyte
LINC01138,0.0011850070928509334,0.915913921407651,1.0,10.604432,False,Cholangiocyte
LINC00869,0.00025218126149513666,0.9820739103068498,1.0,10.586995,False,Cholangiocyte
ADAMTSL4-AS1,0.023273693191807693,0.03808614044442695,0.18926089555952297,13.127256,False,Cholangiocyte
FLG-AS1,0.0018928853885891545,0.8660696317888367,1.0,10.529633,False,Cholangiocyte
RUSC1-AS1,-0.005523554604246416,0.6226183546152578,1.0,12.989115,False,Cholangiocyte
LINC01133,,1.0,1.0,0.0,False,Cholangiocyte
LINC00970,,1.0,1.0,0.0,False,Cholangiocyte
DNM3OS,,1.0,1.0,0.0,False,Cholangiocyte
GAS5-AS1,0.014175817086436532,0.2065517694302047,0.5352978288836837,11.29725,False,Cholangiocyte
RASAL2-AS1,-0.0037579730491973202,0.7377532957742873,1.0,10.738876,False,Cholangiocyte
C1orf220,,1.0,1.0,0.0,False,Cholangiocyte
GS1-279B7.1,,1.0,1.0,0.0,False,Cholangiocyte
LINC01036,,1.0,1.0,0.0,False,Cholangiocyte
LINC01031,-0.018979700379711643,0.09079658509688877,0.34217228357473806,10.526223,False,Cholangiocyte
MIR181A1HG,0.15721428735676665,4.061924359019769e-45,3.8949341353711784e-43,1.8625555,False,Cholangiocyte
LINC00862,,1.0,1.0,0.0,False,Cholangiocyte
IPO9-AS1,0.0025402199778718493,0.8209451199049111,1.0,12.985528,False,Cholangiocyte
PCAT6,-0.03696586813031791,0.0009851960118696904,0.00969091326565225,13.008385,False,Cholangiocyte
LEMD1-AS1,,1.0,1.0,0.0,False,Cholangiocyte
SRGAP2-AS1,,1.0,1.0,0.0,False,Cholangiocyte
SERTAD4-AS1,0.0003231837525957091,0.9770280001894486,1.0,10.944539,False,Cholangiocyte
PROX1-AS1,,1.0,1.0,0.0,False,Cholangiocyte
RNU6ATAC35P,,1.0,1.0,0.0,False,Cholangiocyte
ITPKB-AS1,0.02154375600097287,0.0548915111989278,0.24544753453199322,12.662873,False,Cholangiocyte
TMEM78,,1.0,1.0,0.0,False,Cholangiocyte
LINC00582,0.02951492946760903,0.008530908269417927,0.058429951083394216,12.371236,False,Cholangiocyte
LINC00184,,1.0,1.0,0.0,False,Cholangiocyte
LINC01132,0.0014309036150374924,0.8985517261842758,1.0,10.435234,False,Cholangiocyte
LGALS8-AS1,0.0014824079891785885,0.8949209788649506,1.0,11.020843,False,Cholangiocyte
LINC01115,,1.0,1.0,0.0,False,Cholangiocyte
TRAPPC12-AS1,-0.005251494307107504,0.6398545061406182,1.0,1.9393396,False,Cholangiocyte
LINC00487,-0.018089178310611864,0.10699541385558772,0.3513919340423661,11.920322,False,Cholangiocyte
LINC00298,,1.0,1.0,0.0,False,Cholangiocyte
LINC00299,0.020643242416846844,0.06584564771904501,0.2718889664188318,12.001803,False,Cholangiocyte
RN7SL832P,-0.0033463795956453924,0.7655830066382161,1.0,2.8802652,False,Cholangiocyte
LINC00570,,1.0,1.0,0.0,False,Cholangiocyte
LINC00276,,1.0,1.0,0.0,False,Cholangiocyte
LINC00954,-0.015183140274734962,0.17609736906899964,0.48734958900973463,3.4360385,False,Cholangiocyte
DNAJC27-AS1,-0.019911669451166493,0.07601833563908372,0.30513406351874073,3.8629904,False,Cholangiocyte
AGBL5-AS1,-0.023930025480958014,0.032971597203430555,0.16640051688047117,12.1201515,False,Cholangiocyte
LINC00486,,1.0,1.0,0.0,False,Cholangiocyte
RMDN2-AS1,,1.0,1.0,0.0,False,Cholangiocyte
CYP1B1-AS1,-0.016376655647757754,0.14450198541084447,0.42416739254951963,12.831997,False,Cholangiocyte
SLC8A1-AS1,-0.174354289568423,3.0851103870231e-55,3.8035003771441935e-53,17.275667,False,Cholangiocyte
SIX3-AS1,,1.0,1.0,0.0,False,Cholangiocyte
LINC01118,-0.007565080781313459,0.5002825890464272,1.0,10.521562,False,Cholangiocyte
LINC01119,0.013677159983785405,0.22297016797796423,0.5639486174666207,11.0915575,False,Cholangiocyte
LINC01122,-0.121547939230705,1.6014299826842423e-27,9.213560500376674e-26,16.217884,False,Cholangiocyte
LINC00309,0.022169983849604374,0.04820579102367118,0.22395900606032051,4.1374545,False,Cholangiocyte
MEIS1-AS2,-0.017123842164048407,0.12705559220245766,0.3860879439109893,10.434359,False,Cholangiocyte
PCBP1-AS1,-0.049988481410862894,8.324145411680522e-06,0.0001330321757459313,2.3127246,False,Cholangiocyte
DGUOK-AS1,-0.008224415320540189,0.4636843922077012,0.971252386202179,11.09988,False,Cholangiocyte
DCTN1-AS1,,1.0,1.0,0.0,False,Cholangiocyte
LBX2-AS1,0.028312304130291215,0.011633101009418029,0.0749206430681176,3.8287916,False,Cholangiocyte
LINC00342,-0.04698145365258473,2.8107850905154233e-05,0.00041113687001945935,15.493463,False,Cholangiocyte
LINC01104,0.011926570974117322,0.2879295804139223,0.6732450449069923,10.457548,False,Cholangiocyte
LINC01102,-0.0005486427646962614,0.9610124413679064,1.0,10.028441,False,Cholangiocyte
LINC01114,,1.0,1.0,0.0,False,Cholangiocyte
RGPD4-AS1,-0.014063389961437522,0.21017457627840808,0.543055866252294,9.965324,False,Cholangiocyte
SH3RF3-AS1,-0.05200567019670934,3.539259716767042e-06,6.23343088891828e-05,13.414907,False,Cholangiocyte
LINC01123,,1.0,1.0,0.0,False,Cholangiocyte
LINC01106,0.02537138200589196,0.023764836025430617,0.12980413601232038,10.263995,False,Cholangiocyte
FAM138B,,1.0,1.0,0.0,False,Cholangiocyte
DPP10-AS1,,1.0,1.0,0.0,False,Cholangiocyte
STEAP3-AS1,0.017939146630823945,0.10993722154280283,0.3513919340423661,9.462741,False,Cholangiocyte
NIFK-AS1,-0.06113058632293686,4.988279057039982e-08,1.1958013406181956e-06,3.0766594,False,Cholangiocyte
LINC01087,,1.0,1.0,0.0,False,Cholangiocyte
C2orf27A,-0.004190814649897769,0.7088537847219746,1.0,11.1694565,False,Cholangiocyte
CCNT2-AS1,-0.031288855994193954,0.005295841805750151,0.03939923688243431,12.549261,False,Cholangiocyte
ZEB2-AS1,-0.017727272431739605,0.11420004648767172,0.3559111712563789,4.473795,False,Cholangiocyte
TEX41,0.015806623536044683,0.159003591158177,0.45214473366218677,10.485317,False,Cholangiocyte
CCDC148-AS1,,1.0,1.0,0.0,False,Cholangiocyte
CERS6-AS1,-0.013761353616692229,0.22013443578677214,0.5604012332860895,11.89109,False,Cholangiocyte
LINC01124,,1.0,1.0,0.0,False,Cholangiocyte
HOXD-AS2,,1.0,1.0,0.0,False,Cholangiocyte
LINC01116,0.0011956408164969946,0.9151622073635757,1.0,2.0011125,False,Cholangiocyte
LINC01117,,1.0,1.0,0.0,False,Cholangiocyte
TTN-AS1,0.0011109384176920584,0.9211519972857973,1.0,2.505278,False,Cholangiocyte
LINC01090,,1.0,1.0,0.0,False,Cholangiocyte
OSGEPL1-AS1,0.020977129669643168,0.06159062392066229,0.2618360021848845,11.836126,False,Cholangiocyte
CFLAR-AS1,0.030521087342768687,0.006528005752133202,0.046947241367424605,14.550684,False,Cholangiocyte
IDH1-AS1,0.030782514131688983,0.006082165808555341,0.04448228044731575,13.320143,False,Cholangiocyte
LINC00607,0.006605680034115328,0.556155788483715,1.0,11.278872,False,Cholangiocyte
DIRC3,-0.004975668128919903,0.6575298663897094,1.0,10.49613,False,Cholangiocyte
LINC00608,,1.0,1.0,0.0,False,Cholangiocyte
CCDC140,,1.0,1.0,0.0,False,Cholangiocyte
BOK-AS1,0.01616898107683381,0.14966316368808172,0.4334205042376326,11.115109,False,Cholangiocyte
EGOT,-0.02029157571095747,0.07058623183146148,0.29007580033595837,12.336475,False,Cholangiocyte
BHLHE40-AS1,-0.005686735814028473,0.6123777060489881,1.0,12.40213,False,Cholangiocyte
GRM7-AS1,0.017939146630823945,0.10993722154280283,0.3513919340423661,9.621447,False,Cholangiocyte
LMCD1-AS1,-0.0015155359307329086,0.8925868167142083,1.0,10.401142,False,Cholangiocyte
PRRT3-AS1,-0.02224009829886134,0.047501722521146594,0.22279340508559517,11.605503,False,Cholangiocyte
LINC00852,0.0022421463798695364,0.8416592188178654,1.0,12.4545765,False,Cholangiocyte
GHRLOS,0.008821531784333852,0.43186840779882535,0.918011884567732,13.114084,False,Cholangiocyte
HDAC11-AS1,,1.0,1.0,0.0,False,Cholangiocyte
TPRXL,,1.0,1.0,0.0,False,Cholangiocyte
FGD5-AS1,-0.0004686333648824272,0.966694470954416,1.0,0.58509064,False,Cholangiocyte
SH3BP5-AS1,-0.027386009465080987,0.014666803847881344,0.09094621225803479,13.664643,False,Cholangiocyte
EAF1-AS1,-0.028515988542688837,0.011045952627309697,0.07221709937400203,13.501705,False,Cholangiocyte
LINC00691,,1.0,1.0,0.0,False,Cholangiocyte
LINC00692,-0.01645788776476028,0.14252070155474006,0.4197794042380228,9.745948,False,Cholangiocyte
RBMS3-AS3,,1.0,1.0,0.0,False,Cholangiocyte
RBMS3-AS2,,1.0,1.0,0.0,False,Cholangiocyte
OSBPL10-AS1,,1.0,1.0,0.0,False,Cholangiocyte
ACVR2B-AS1,0.017939146630823945,0.10993722154280283,0.3513919340423661,9.824259,False,Cholangiocyte
ENTPD3-AS1,0.020076502627205266,0.07362097576943254,0.2982859253005647,1.1448338,False,Cholangiocyte
VIPR1-AS1,-0.00856293300531886,0.445489385784143,0.94229740179342,11.459727,False,Cholangiocyte
SNRK-AS1,-0.018431267345003773,0.10052093848539943,0.3513919340423661,10.091736,False,Cholangiocyte
ZNF197-AS1,,1.0,1.0,0.0,False,Cholangiocyte
LIMD1-AS1,-0.00035895922339226026,0.9744858923705527,1.0,10.66039,False,Cholangiocyte
KIF9-AS1,-0.011676583461470495,0.29815468736757617,0.6825132498626478,12.446297,False,Cholangiocyte
PRKAR2A-AS1,0.01002276697327312,0.3718392165270719,0.822813445802213,11.904788,False,Cholangiocyte
ARIH2OS,-0.012795010841631144,0.2542613585184097,0.6211382827561539,2.8126273,False,Cholangiocyte
BSN-AS1,,1.0,1.0,0.0,False,Cholangiocyte
SEMA3B-AS1,,1.0,1.0,0.0,False,Cholangiocyte
ZMYND10-AS1,,1.0,1.0,0.0,False,Cholangiocyte
ITIH4-AS1,-0.00818732173242463,0.4657029919560505,0.971252386202179,10.420952,False,Cholangiocyte
WNT5A-AS1,0.017939146630823945,0.10993722154280283,0.3513919340423661,9.011171,False,Cholangiocyte
FLNB-AS1,-0.016257122100269004,0.14745574254489752,0.4288201107580592,10.232599,False,Cholangiocyte
THOC7-AS1,0.017939146630823945,0.10993722154280283,0.3513919340423661,9.351941,False,Cholangiocyte
PSMD6-AS2,0.0063058576561297415,0.5742205846177784,1.0,13.336118,False,Cholangiocyte
PRICKLE2-AS3,,1.0,1.0,0.0,False,Cholangiocyte
ADAMTS9-AS2,,1.0,1.0,0.0,False,Cholangiocyte
FOXP1-AS1,,1.0,1.0,0.0,False,Cholangiocyte
LINC00877,0.05877263986731268,1.5964766053133047e-07,3.7236738118523837e-06,1.4420648,False,Cholangiocyte
LINC00870,,1.0,1.0,0.0,False,Cholangiocyte
LINC00960,-0.022663975523557298,0.04342695295059567,0.21054753031665205,12.177805,False,Cholangiocyte
LINC00971,0.016527196992185564,0.14084676420738415,0.4162697175033305,10.988233,False,Cholangiocyte
ST3GAL6-AS1,0.022100074032589602,0.04891651093671197,0.22454760073607674,11.96549,False,Cholangiocyte
ZBTB11-AS1,-0.0023961082860517215,0.83094526659473,1.0,1.4429269,False,Cholangiocyte
LINC00882,0.13444030909624277,2.381678617844089e-33,1.5810681901534222e-31,15.888861,False,Cholangiocyte
LINC00636,0.017939146630823945,0.10993722154280283,0.3513919340423661,9.465805,False,Cholangiocyte
PLCXD2-AS1,,1.0,1.0,0.0,False,Cholangiocyte
SIDT1-AS1,-0.05298061701099827,2.314798622198578e-06,4.16181502282786e-05,13.498753,False,Cholangiocyte
ZBTB20-AS1,,1.0,1.0,0.0,False,Cholangiocyte
ZBTB20-AS2,-0.020695862928209713,0.0651594056130693,0.2716182546303034,14.296692,False,Cholangiocyte
ZBTB20-AS3,,1.0,1.0,0.0,False,Cholangiocyte
ZBTB20-AS4,-0.0066977794446558695,0.5506628260433276,1.0,10.493353,False,Cholangiocyte
ARHGAP31-AS1,-0.000521960025297698,0.9629071644022659,1.0,10.848046,False,Cholangiocyte
MYLK-AS1,0.0026649250778781894,0.8123149879251605,1.0,3.5272217,False,Cholangiocyte
RUVBL1-AS1,,1.0,1.0,0.0,False,Cholangiocyte
NPHP3-AS1,0.014420850778702476,0.19881341670664557,0.5246971823175386,10.107989,False,Cholangiocyte
BFSP2-AS1,,1.0,1.0,0.0,False,Cholangiocyte
IL20RB-AS1,,1.0,1.0,0.0,False,Cholangiocyte
ATP1B3-AS1,0.01608211391786998,0.15186325662859582,0.4383210383628033,11.683056,False,Cholangiocyte
PLS1-AS1,-0.0076878559329585355,0.49335356837669797,1.0,10.886947,False,Cholangiocyte
SLC9A9-AS2,,1.0,1.0,0.0,False,Cholangiocyte
TM4SF1-AS1,,1.0,1.0,0.0,False,Cholangiocyte
WWTR1-AS1,,1.0,1.0,0.0,False,Cholangiocyte
SIAH2-AS1,,1.0,1.0,0.0,False,Cholangiocyte
CLRN1-AS1,,1.0,1.0,0.0,False,Cholangiocyte
MBNL1-AS1,0.017264172296719442,0.12396981621752239,0.37938280636780786,2.2140336,False,Cholangiocyte
TIPARP-AS1,0.005259056970390254,0.6393726870945625,1.0,1.1128678,False,Cholangiocyte
LINC00886,0.011635189843298695,0.29987090723266113,0.6841013043440737,12.5395155,False,Cholangiocyte
LINC00880,,1.0,1.0,0.0,False,Cholangiocyte
LINC00881,,1.0,1.0,0.0,False,Cholangiocyte
IL12A-AS1,-0.018088496698311356,0.10700863641655503,0.3513919340423661,10.692268,False,Cholangiocyte
TERC,0.004353854748106946,0.698073222033526,1.0,10.721127,False,Cholangiocyte
SEC62-AS1,-0.015179842924949975,0.1761912766755935,0.48734958900973463,10.420951,False,Cholangiocyte
NAALADL2-AS2,,1.0,1.0,0.0,False,Cholangiocyte
LINC00501,-0.004034900183922187,0.7192180480429836,1.0,10.321001,False,Cholangiocyte
LINC00578,-0.02241427594201731,0.045790008814127606,0.21832473815796752,10.38294,False,Cholangiocyte
PEX5L-AS1,,1.0,1.0,0.0,False,Cholangiocyte
MCCC1-AS1,,1.0,1.0,0.0,False,Cholangiocyte
KLHL6-AS1,0.04257790517259505,0.00014744224718406113,0.001817752275997782,12.512884,False,Cholangiocyte
YEATS2-AS1,0.005991496256651279,0.5934545303719275,1.0,11.220679,False,Cholangiocyte
ABCC5-AS1,,1.0,1.0,0.0,False,Cholangiocyte
ADIPOQ-AS1,-0.007364672180362826,0.5117029257755537,1.0,10.799401,False,Cholangiocyte
LPP-AS2,0.03746589446940437,0.0008398425436104152,0.008427722269020794,3.2998114,False,Cholangiocyte
LPP-AS1,,1.0,1.0,0.0,False,Cholangiocyte
TPRG1-AS1,0.010065847842622324,0.369787088285767,0.8203759824951592,13.64518,False,Cholangiocyte
OSTN-AS1,-0.018254985298133387,0.10381719882538389,0.3513919340423661,10.133628,False,Cholangiocyte
OPA1-AS1,,1.0,1.0,0.0,False,Cholangiocyte
LINC00887,0.02537138200589196,0.023764836025430617,0.12980413601232038,11.440705,False,Cholangiocyte
TMEM44-AS1,-0.0033565139676793795,0.7648939620200962,1.0,2.0383635,False,Cholangiocyte
XXYLT1-AS2,-0.0019054464239454316,0.865189356873306,1.0,13.712435,False,Cholangiocyte
TNK2-AS1,-0.007066783917287772,0.5289262102127783,1.0,2.1356468,False,Cholangiocyte
LINC00885,-0.010270349706697449,0.3601420613784365,0.8051880802321003,13.003389,False,Cholangiocyte
TM4SF19-AS1,-0.006409266159073809,0.5679587479501561,1.0,12.354494,False,Cholangiocyte
UBXN7-AS1,-0.027725662059808476,0.013481752334055437,0.0855496490021312,13.030043,False,Cholangiocyte
LINC01063,0.039933261425464536,0.00037169763004933707,0.004112500701699717,13.230633,False,Cholangiocyte
NCBP2-AS1,0.003972496462713549,0.7233809107357699,1.0,11.794543,False,Cholangiocyte
DLG1-AS1,-0.013696135697124216,0.2223287750922674,0.5639486174666207,10.941898,False,Cholangiocyte
LMLN-AS1,,1.0,1.0,0.0,False,Cholangiocyte
NOP14-AS1,-0.0030831398510478207,0.7835443875020459,1.0,2.3582401,False,Cholangiocyte
STX18-AS1,0.006698442766510926,0.5506233614468544,1.0,12.388336,False,Cholangiocyte
AFAP1-AS1,,1.0,1.0,0.0,False,Cholangiocyte
LINC01085,0.017939146630823945,0.10993722154280283,0.3513919340423661,9.605275,False,Cholangiocyte
LINC00504,0.01885301079017967,0.09297292888193995,0.3484689819329924,12.412319,False,Cholangiocyte
TAPT1-AS1,-0.006626817215386065,0.5548927720731597,1.0,4.411462,False,Cholangiocyte
UGDH-AS1,-0.0193696946296472,0.08435316880144371,0.3249856458734193,12.599989,False,Cholangiocyte
LINC00682,0.006003383040641505,0.592721909049995,1.0,10.46432,False,Cholangiocyte
IGFBP7-AS1,,1.0,1.0,0.0,False,Cholangiocyte
LINC01094,-0.006762857933557872,0.546797599183422,1.0,12.715072,False,Cholangiocyte
LINC01088,,1.0,1.0,0.0,False,Cholangiocyte
LINC00989,,1.0,1.0,0.0,False,Cholangiocyte
THAP9-AS1,0.06805990506505567,1.2706928403327068e-09,3.537444907119761e-08,1.1001079,False,Cholangiocyte
WDFY3-AS1,,1.0,1.0,0.0,False,Cholangiocyte
FAM13A-AS1,0.008810578368172235,0.4324404111226281,0.918011884567732,1.4535613,False,Cholangiocyte
TET2-AS1,,1.0,1.0,0.0,False,Cholangiocyte
SEC24B-AS1,-0.0033842896367081475,0.7630064255798612,1.0,13.121166,False,Cholangiocyte
SNHG8,-0.042381844779282335,0.00015819063539445813,0.0019227960330340473,0.99891376,False,Cholangiocyte
IL21-AS1,-0.017182602846338532,0.12575628393303326,0.383490010721582,10.491557,False,Cholangiocyte
LINC01091,,1.0,1.0,0.0,False,Cholangiocyte
LINC00500,-0.014211949840186734,0.20539712374921498,0.5339087885408811,11.294699,False,Cholangiocyte
SMARCA5-AS1,0.0043635258797946755,0.6974356299146729,1.0,11.012619,False,Cholangiocyte
HHIP-AS1,-0.22407826077658885,6.185974372953134e-91,2.6692479419292773e-88,17.599808,False,Cholangiocyte
LINC01095,0.04569014915609962,4.640348360769662e-05,0.0006356540691022569,13.392675,False,Cholangiocyte
FAM218A,0.03243905695298749,0.003839883824480006,0.03012563400478405,11.770326,False,Cholangiocyte
HAND2-AS1,-0.016252225376744825,0.14757772062009686,0.4288201107580592,10.453419,False,Cholangiocyte
LINC01099,,1.0,1.0,0.0,False,Cholangiocyte
WWC2-AS2,,1.0,1.0,0.0,False,Cholangiocyte
LINC01093,-0.00023014600563633832,0.983640037664143,1.0,10.944264,False,Cholangiocyte
LINC01018,-0.04573423617015122,4.5625576460841035e-05,0.000635078588479126,12.838109,False,Cholangiocyte
MIR4458HG,0.024474606565343282,0.029185521964742226,0.15357991131446672,2.5776033,False,Cholangiocyte
SNHG18,-0.02960665807984262,0.008327859303132472,0.057495540628826586,12.116154,False,Cholangiocyte
GDNF-AS1,,1.0,1.0,0.0,False,Cholangiocyte
LIFR-AS1,,1.0,1.0,0.0,False,Cholangiocyte
LINC00604,,1.0,1.0,0.0,False,Cholangiocyte
NNT-AS1,-0.014951787735858375,0.18277715064181135,0.494472354244148,2.5410972,False,Cholangiocyte
PART1,0.0010180399165407982,0.9277265135603258,1.0,11.039719,False,Cholangiocyte
C5orf64,-0.092460841509136,1.5090172903573553e-16,6.201342483706656e-15,15.827289,False,Cholangiocyte
MAST4-AS1,,1.0,1.0,0.0,False,Cholangiocyte
ZBED3-AS1,0.05477510688163119,1.0393745953578814e-06,1.9932895017641145e-05,13.74287,False,Cholangiocyte
CKMT2-AS1,-0.02906619804944949,0.009589373831052303,0.06465335637654795,14.675952,False,Cholangiocyte
VCAN-AS1,,1.0,1.0,0.0,False,Cholangiocyte
LINC00461,,1.0,1.0,0.0,False,Cholangiocyte
MEF2C-AS1,-0.03070146086770468,0.0062173700153493,0.04508899431299534,3.3112888,False,Cholangiocyte
LUCAT1,0.017761116426350632,0.113510519330713,0.3559111712563789,3.387895,False,Cholangiocyte
RGMB-AS1,,1.0,1.0,0.0,False,Cholangiocyte
LINC00491,,1.0,1.0,0.0,False,Cholangiocyte
LINC01023,-0.04769526465996087,2.1188416012710667e-05,0.00031526901756843626,15.076649,False,Cholangiocyte
STARD4-AS1,-0.11144189661409654,2.273360830735647e-23,1.0325844194341386e-21,16.83138,False,Cholangiocyte
EPB41L4A-AS1,-0.031289528877694775,0.0052948609726996285,0.03939923688243431,0.8620331,False,Cholangiocyte
LINC00992,-0.01398683191124302,0.21266772879694487,0.5459875269447168,12.031645,False,Cholangiocyte
SMAD5-AS1,0.002804539166486668,0.8026801097984284,1.0,11.078965,False,Cholangiocyte
ARHGAP26-AS1,0.017939146630823945,0.10993722154280283,0.3513919340423661,9.581511,False,Cholangiocyte
GRPEL2-AS1,,1.0,1.0,0.0,False,Cholangiocyte
SAP30L-AS1,0.017939146630823945,0.10993722154280283,0.3513919340423661,9.45754,False,Cholangiocyte
PRR7-AS1,-0.019599115975993085,0.08073888773581317,0.3181628315799395,14.754757,False,Cholangiocyte
C5orf60,,1.0,1.0,0.0,False,Cholangiocyte
LINC00847,0.04167484990265201,0.00020338827048087623,0.0023719469922296784,1.8920496,False,Cholangiocyte
CTC-338M12.4,-0.00899065723493284,0.42309221759742116,0.9082800591705832,13.591916,False,Cholangiocyte
TRIM52-AS1,-0.03480389775279685,0.0019227872298484743,0.017285056034992013,1.5152423,False,Cholangiocyte
LINC01011,0.0193841862554417,0.08412106060249476,0.3249856458734193,2.6249604,False,Cholangiocyte
LY86-AS1,0.013490473309108767,0.22935097590896264,0.5737098324911152,10.42745,False,Cholangiocyte
HULC,-0.005056532681183563,0.6523275016517653,1.0,10.774871,False,Cholangiocyte
TFAP2A-AS1,,1.0,1.0,0.0,False,Cholangiocyte
GFOD1-AS1,,1.0,1.0,0.0,False,Cholangiocyte
JARID2-AS1,0.012580224359168297,0.26232172150732747,0.6323565521252056,12.346548,False,Cholangiocyte
CASC15,-0.011020367904375779,0.3261365892628588,0.7367954883085004,13.675367,False,Cholangiocyte
HCG11,0.022787119758735576,0.04230001773257028,0.20741429149550086,1.2630115,False,Cholangiocyte
LINC00240,-0.01601718264758431,0.15352379449402678,0.44089105520226224,10.8963995,False,Cholangiocyte
ZSCAN16-AS1,0.020224214213918124,0.07152548868838468,0.29254263856908047,0.9804349,False,Cholangiocyte
HCG14,0.02114480995507804,0.059541116046426264,0.2579231694359475,10.894122,False,Cholangiocyte
HCG15,0.024247586423280447,0.030715782637585065,0.1579679416842488,11.355881,False,Cholangiocyte
HCG9,,1.0,1.0,0.0,False,Cholangiocyte
HCG17,-0.01869079369178518,0.09582048400595716,0.3513919340423661,10.102148,False,Cholangiocyte
HCG18,-0.011621647120375668,0.3004338289066094,0.6841013043440737,2.6065857,False,Cholangiocyte
MDC1-AS1,-0.016580305852864713,0.13957435244165994,0.415516103536721,10.354577,False,Cholangiocyte
HCG20,0.0034861984112325565,0.7560932025563526,1.0,11.878015,False,Cholangiocyte
HCG21,,1.0,1.0,0.0,False,Cholangiocyte
HCG22,,1.0,1.0,0.0,False,Cholangiocyte
HCG27,0.004563925503747392,0.6842724576946906,1.0,13.200972,False,Cholangiocyte
LINC01149,,1.0,1.0,0.0,False,Cholangiocyte
DDX39B-AS1,-0.005707244028075829,0.6110959692216924,1.0,11.116926,False,Cholangiocyte
C6orf47-AS1,0.0013590397673816292,0.9036212268631183,1.0,11.647734,False,Cholangiocyte
SAPCD1-AS1,,1.0,1.0,0.0,False,Cholangiocyte
HLA-DQB1-AS1,0.021291947208662735,0.05778960529743908,0.2544511702637241,11.062007,False,Cholangiocyte
HCG24,0.017939146630823945,0.10993722154280283,0.3513919340423661,9.45047,False,Cholangiocyte
HCG25,-0.025800163227678138,0.021497425323028188,0.12468279905805979,12.83411,False,Cholangiocyte
GGNBP1,,1.0,1.0,0.0,False,Cholangiocyte
LINC00336,,1.0,1.0,0.0,False,Cholangiocyte
BTBD9-AS1,0.017939146630823945,0.10993722154280283,0.3513919340423661,10.349036,False,Cholangiocyte
LINC00951,,1.0,1.0,0.0,False,Cholangiocyte
TRAM2-AS1,-0.038030379616921045,0.0006997761588627292,0.00736471737925043,3.736987,False,Cholangiocyte
LINC00472,0.017939146630823945,0.10993722154280283,0.3513919340423661,9.875982,False,Cholangiocyte
KCNQ5-AS1,,1.0,1.0,0.0,False,Cholangiocyte
HMGN3-AS1,0.00706791902690701,0.5288600250538694,1.0,12.418424,False,Cholangiocyte
LINC00222,,1.0,1.0,0.0,False,Cholangiocyte
TRAF3IP2-AS1,-0.0028219387928673815,0.801481414467309,1.0,2.7490664,False,Cholangiocyte
LINC01013,-0.0019106512013738926,0.8648246560181789,1.0,10.534194,False,Cholangiocyte
LINC01010,0.05734293304598146,3.164730994498149e-07,7.0029816621843655e-06,13.265738,False,Cholangiocyte
STXBP5-AS1,0.004789947076538243,0.6695407404179157,1.0,13.018665,False,Cholangiocyte
EZR-AS1,,1.0,1.0,0.0,False,Cholangiocyte
AIRN,-0.03382869268249609,0.002570296489013701,0.02218165870018824,12.500912,False,Cholangiocyte
CAHM,0.0023455757770829053,0.8344583800587372,1.0,1.5079188,False,Cholangiocyte
KIF25-AS1,-0.0142200851142112,0.20513780390250685,0.5339087885408811,11.17274,False,Cholangiocyte
LINC00242,0.0209125628607076,0.06239522184677774,0.26395625712631954,11.181426,False,Cholangiocyte
LINC00574,0.00572144638737088,0.610209037485099,1.0,10.604432,False,Cholangiocyte
PSMG3-AS1,-0.03625119916158613,0.0012336626928380059,0.01169946048262856,2.3119159,False,Cholangiocyte
KIAA0087,0.017939146630823945,0.10993722154280283,0.3513919340423661,9.730311,False,Cholangiocyte
HOTAIRM1,0.06615854819671413,3.6113613844716377e-09,9.739390233746947e-08,3.1209602,False,Cholangiocyte
HOXA-AS2,0.004553323520027464,0.6849664903899306,1.0,12.295891,False,Cholangiocyte
HOXA-AS3,0.017939146630823945,0.10993722154280283,0.3513919340423661,9.585669,False,Cholangiocyte
HOXA10-AS,-0.06154641204733576,4.044857658441103e-08,9.973463312099062e-07,14.9622555,False,Cholangiocyte
HOXA11-AS,,1.0,1.0,0.0,False,Cholangiocyte
HOTTIP,,1.0,1.0,0.0,False,Cholangiocyte
JAZF1-AS1,-0.008236789480380022,0.463012087025241,0.971252386202179,10.664433,False,Cholangiocyte
ELMO1-AS1,,1.0,1.0,0.0,False,Cholangiocyte
POU6F2-AS1,,1.0,1.0,0.0,False,Cholangiocyte
LINC00265,-0.0006143756352944508,0.9563457566562796,1.0,10.491719,False,Cholangiocyte
INHBA-AS1,0.0038946977617141994,0.7285822198306218,1.0,12.395223,False,Cholangiocyte
LINC00957,-0.027362059165789227,0.014753730841396142,0.09094621225803479,14.810453,False,Cholangiocyte
SNHG15,0.03316795426038903,0.003116365930970877,0.025859844215652565,0.77756786,False,Cholangiocyte
LINC00525,,1.0,1.0,0.0,False,Cholangiocyte
LINC00174,0.03351503099695546,0.0028175734362487687,0.02407490965824443,13.444437,False,Cholangiocyte
TP53TG1,0.06835704343428226,1.0765489385003013e-09,3.0968724464192e-08,0.8956661,False,Cholangiocyte
PCOLCE-AS1,0.014513888525661845,0.19593140837851547,0.5218790291069717,10.851823,False,Cholangiocyte
NFE4,0.017939146630823945,0.10993722154280283,0.3513919340423661,10.253124,False,Cholangiocyte
LINC01004,-0.005500981305676347,0.6240407974309875,1.0,12.944572,False,Cholangiocyte
KMT2E-AS1,0.017705253918713023,0.1146504120617304,0.3559111712563789,1.0406578,False,Cholangiocyte
SLC26A4-AS1,-0.00487179720176494,0.6642367155036139,1.0,11.854769,False,Cholangiocyte
ST7-AS1,0.05384456105994948,1.5792299870039837e-06,2.8997350612434848e-05,12.956135,False,Cholangiocyte
ST7-OT4,0.05662445452145643,4.436836351021689e-07,9.572474427329293e-06,14.038685,False,Cholangiocyte
ST7-AS2,,1.0,1.0,0.0,False,Cholangiocyte
POT1-AS1,-0.005455101121628875,0.6269362276421616,1.0,11.593941,False,Cholangiocyte
LINC-PINT,-0.06302257076516568,1.9008711247890163e-08,4.824858178508591e-07,1.8191195,False,Cholangiocyte
NDUFB2-AS1,-0.005635212976954791,0.6156030467189585,1.0,13.2323,False,Cholangiocyte
WEE2-AS1,0.016559479124925235,0.1400722724866995,0.415516103536721,10.63596,False,Cholangiocyte
TRBV11-2,,1.0,1.0,0.0,False,Cholangiocyte
EPHA1-AS1,0.02882239924938168,0.010212226279689646,0.06779347137978588,1.7379413,False,Cholangiocyte
OR2A1-AS1,0.0010846905104689554,0.923009060622713,1.0,11.362174,False,Cholangiocyte
ATP6V0E2-AS1,-0.016615400507071266,0.1387384013467395,0.415516103536721,12.094085,False,Cholangiocyte
LINC00996,-0.35267247741082225,2.6948319707142655e-231,2.325639990726411e-228,19.668776,True,Cholangiocyte
PRKAG2-AS1,0.04028892373676869,0.0003292460778437288,0.0036901216257030907,4.351654,False,Cholangiocyte
LINC01003,0.027691372362896826,0.013597424719696178,0.08565385060655328,0.9403708,False,Cholangiocyte
PAXIP1-AS2,0.002711504804398534,0.8090972473490349,1.0,1.7925177,False,Cholangiocyte
BLACE,,1.0,1.0,0.0,False,Cholangiocyte
MNX1-AS2,,1.0,1.0,0.0,False,Cholangiocyte
MNX1-AS1,,1.0,1.0,0.0,False,Cholangiocyte
LINC00685,-0.07074213705304179,2.774019093714197e-10,8.549923135269114e-09,4.078829,False,Cholangiocyte
LINC00106,0.005921886163449934,0.5977531248829507,1.0,13.112221,False,Cholangiocyte
ASMTL-AS1,-0.014555913605410404,0.19463969055709943,0.5200435075875443,2.679082,False,Cholangiocyte
LINC00102,-0.030056085800970415,0.007394167931538348,0.05187940589363898,11.959388,False,Cholangiocyte
ARSD-AS1,,1.0,1.0,0.0,False,Cholangiocyte
PRKX-AS1,,1.0,1.0,0.0,False,Cholangiocyte
WWC3-AS1,0.0042341415083686105,0.7059831193725876,1.0,11.104392,False,Cholangiocyte
TLR8-AS1,,1.0,1.0,0.0,False,Cholangiocyte
PHKA2-AS1,,1.0,1.0,0.0,False,Cholangiocyte
ZFX-AS1,,1.0,1.0,0.0,False,Cholangiocyte
GK-AS1,0.025561259594398464,0.02273635582924354,0.12824493516756325,12.812592,False,Cholangiocyte
TAB3-AS2,,1.0,1.0,0.0,False,Cholangiocyte
MID1IP1-AS1,-0.003245254964134585,0.7724686330203989,1.0,11.111198,False,Cholangiocyte
CASK-AS1,,1.0,1.0,0.0,False,Cholangiocyte
ZNF674-AS1,-0.011948036414608084,0.28706274922365055,0.6731933494022022,1.9799309,False,Cholangiocyte
UXT-AS1,,1.0,1.0,0.0,False,Cholangiocyte
ZNF630-AS1,,1.0,1.0,0.0,False,Cholangiocyte
SYP-AS1,,1.0,1.0,0.0,False,Cholangiocyte
SPIN4-AS1,,1.0,1.0,0.0,False,Cholangiocyte
IGBP1-AS2,,1.0,1.0,0.0,False,Cholangiocyte
IGBP1-AS1,0.017939146630823945,0.10993722154280283,0.3513919340423661,9.67502,False,Cholangiocyte
DLG3-AS1,,1.0,1.0,0.0,False,Cholangiocyte
TSIX,0.003908695716967242,0.7276454423352933,1.0,13.286193,False,Cholangiocyte
XIST,-0.14983261437798598,4.2766111902923795e-41,3.3551958702021125e-39,19.534864,False,Cholangiocyte
JPX,-0.0150584920585027,0.17967333355634907,0.4921200312839885,1.7004657,False,Cholangiocyte
FTX,-0.019914981239703776,0.07596954913692047,0.30513406351874073,2.2256021,False,Cholangiocyte
DIAPH2-AS1,-0.01915225695399703,0.08789841631855848,0.3356474924022831,11.439738,False,Cholangiocyte
ARMCX3-AS1,,1.0,1.0,0.0,False,Cholangiocyte
NXF5,,1.0,1.0,0.0,False,Cholangiocyte
LINC00630,-0.014996729988921723,0.1814650599641294,0.49316721481617287,12.487721,False,Cholangiocyte
TCEAL3-AS1,,1.0,1.0,0.0,False,Cholangiocyte
MORF4L2-AS1,0.016272314431018075,0.1470777897892545,0.4288201107580592,11.588047,False,Cholangiocyte
ALG13-AS1,0.000523949417086983,0.9627658916968723,1.0,10.420517,False,Cholangiocyte
XIAP-AS1,-0.012606741452481555,0.2613171657594142,0.6316994791327016,10.8061495,False,Cholangiocyte
RAP2C-AS1,-0.022472783199574357,0.04522681834171271,0.21804885044077132,2.9528713,False,Cholangiocyte
MIR503HG,-0.005899251900913163,0.5991538871662778,1.0,12.476706,False,Cholangiocyte
LINC00629,,1.0,1.0,0.0,False,Cholangiocyte
FGF13-AS1,,1.0,1.0,0.0,False,Cholangiocyte
LINC00632,-0.026867259343436062,0.016654018551720072,0.09980845840371126,11.253105,False,Cholangiocyte
HCFC1-AS1,-0.037673978757498436,0.0007854328205640211,0.007995295643762139,13.324955,False,Cholangiocyte
TMLHE-AS1,0.028882867234016014,0.010054475162543083,0.06726365942073396,12.749805,False,Cholangiocyte
WASIR1,-0.013906694808663845,0.21530023547575017,0.5497162817028769,10.959662,False,Cholangiocyte
FAM87A,,1.0,1.0,0.0,False,Cholangiocyte
KBTBD11-OT1,-0.016557891007253987,0.14011029678932307,0.415516103536721,10.69906,False,Cholangiocyte
GS1-24F4.2,,1.0,1.0,0.0,False,Cholangiocyte
FAM66B,0.017939146630823945,0.10993722154280283,0.3513919340423661,9.87632,False,Cholangiocyte
FAM66E,,1.0,1.0,0.0,False,Cholangiocyte
FAM85B,-0.019836930787403697,0.0771261354665031,0.3053204353559274,11.576144,False,Cholangiocyte
FAM66D,0.008131951794669133,0.4687252349909882,0.9747225971017418,10.737986,False,Cholangiocyte
EXTL3-AS1,0.003233277919081706,0.7732853554045929,1.0,12.461908,False,Cholangiocyte
RBPMS-AS1,,1.0,1.0,0.0,False,Cholangiocyte
LINC00968,0.014488737638072534,0.19670746522867485,0.5223339768995274,14.309104,False,Cholangiocyte
C8orf44,-0.025794336998000433,0.021526925909213103,0.12468279905805979,3.4559393,False,Cholangiocyte
STAU2-AS1,-0.022101674175046857,0.04890014570366618,0.22454760073607674,11.715028,False,Cholangiocyte
LINC01111,-0.017760416222191468,0.11352475178504015,0.3559111712563789,10.723951,False,Cholangiocyte
LINC00534,,1.0,1.0,0.0,False,Cholangiocyte
LINC01030,-0.0018613654825626461,0.868279269813786,1.0,10.3704195,False,Cholangiocyte
RAD21-AS1,-0.012300569492733657,0.27307842263593596,0.6492195006468671,11.115911,False,Cholangiocyte
HAS2-AS1,,1.0,1.0,0.0,False,Cholangiocyte
LINC01151,,1.0,1.0,0.0,False,Cholangiocyte
FAM83A-AS1,,1.0,1.0,0.0,False,Cholangiocyte
LINC00964,0.014450231119847539,0.19789998098997322,0.5238885999826591,11.021437,False,Cholangiocyte
LINC00861,-0.04359855007959318,0.00010174060934376427,0.0012724948675893995,13.153082,False,Cholangiocyte
PCAT1,0.0013473693327259349,0.9044448722896007,1.0,10.731851,False,Cholangiocyte
CASC19,,1.0,1.0,0.0,False,Cholangiocyte
CASC8,,1.0,1.0,0.0,False,Cholangiocyte
CASC11,0.02559054148344024,0.02258124068704993,0.12824493516756325,12.537491,False,Cholangiocyte
CCDC26,0.150497419970354,1.8925839857341943e-41,1.6332999796886096e-39,16.43921,False,Cholangiocyte
ZFAT-AS1,-0.02909011966673988,0.009530122404012539,0.06465335637654795,12.23436,False,Cholangiocyte
RHPN1-AS1,-0.005453376529124532,0.6270451766216498,1.0,12.294639,False,Cholangiocyte
ZNF252P-AS1,0.034262362342975215,0.002261032743870625,0.019889803328722724,13.090246,False,Cholangiocyte
CDKN2B-AS1,-0.006403678962511425,0.5682962407069968,1.0,10.955058,False,Cholangiocyte
FAM201A,,1.0,1.0,0.0,False,Cholangiocyte
FAM74A6,,1.0,1.0,0.0,False,Cholangiocyte
FAM74A4,,1.0,1.0,0.0,False,Cholangiocyte
FAM27E3,0.011727652840404898,0.2960463567873815,0.6794893774135911,11.038508,False,Cholangiocyte
PGM5-AS1,,1.0,1.0,0.0,False,Cholangiocyte
MAMDC2-AS1,-0.016593155352062797,0.13926783002707796,0.415516103536721,11.331865,False,Cholangiocyte
PCA3,,1.0,1.0,0.0,False,Cholangiocyte
VPS13A-AS1,,1.0,1.0,0.0,False,Cholangiocyte
LINC00484,-0.051261082818589404,4.8707771687973725e-06,8.406961393344264e-05,13.63756,False,Cholangiocyte
PCAT7,0.000778118355231678,0.9447277407172275,1.0,11.100319,False,Cholangiocyte
LINC00092,,1.0,1.0,0.0,False,Cholangiocyte
FAM225B,-0.008405000708570592,0.45392702304173754,0.9577971170782873,10.887721,False,Cholangiocyte
FAM225A,-0.004795709374580078,0.6691667902505931,1.0,11.750849,False,Cholangiocyte
PAPPA-AS1,,1.0,1.0,0.0,False,Cholangiocyte
GSN-AS1,0.003979075289996598,0.7229416580339786,1.0,12.387617,False,Cholangiocyte
MIR181A2HG,-0.05015366710335467,7.770249725672238e-06,0.00012895625987029117,13.541798,False,Cholangiocyte
ODF2-AS1,,1.0,1.0,0.0,False,Cholangiocyte
HMGA1P4,0.004464773045816349,0.6907735670095563,1.0,1.7678828,False,Cholangiocyte
DBH-AS1,0.0026344372560074473,0.8144228159103037,1.0,10.035583,False,Cholangiocyte
PPP1R26-AS1,0.00566692327763786,0.6136170912694865,1.0,11.818543,False,Cholangiocyte
C9orf163,0.003067797287897148,0.7845949100616835,1.0,10.988138,False,Cholangiocyte
SNHG7,-0.1795735196616647,1.545565959899205e-58,2.667646846786028e-56,2.8896563,False,Cholangiocyte
CCDC183-AS1,-0.024689106682937084,0.02780038337834315,0.14718853285589042,11.458212,False,Cholangiocyte
IDI2-AS1,-0.011774659985463932,0.2941145685189238,0.6776395921925981,12.099531,False,Cholangiocyte
LINC00200,,1.0,1.0,0.0,False,Cholangiocyte
LINC00702,-0.002938034114506447,0.7934954588281187,1.0,10.458618,False,Cholangiocyte
PRKCQ-AS1,0.04990561629010954,8.616025692451252e-06,0.00013519327586518966,15.16712,False,Cholangiocyte
LINC00707,,1.0,1.0,0.0,False,Cholangiocyte
GATA3-AS1,,1.0,1.0,0.0,False,Cholangiocyte
SFTA1P,,1.0,1.0,0.0,False,Cholangiocyte
CELF2-AS1,-0.00988844689258853,0.3782826637625679,0.8306817781859952,11.292411,False,Cholangiocyte
PROSER2-AS1,-0.01737847178730563,0.12149990869264451,0.3758222982141657,9.871023,False,Cholangiocyte
VIM-AS1,0.00911130230345444,0.4168960520350282,0.9017075010181187,2.5334604,False,Cholangiocyte
ST8SIA6-AS1,-0.019003510649059738,0.09039216882660418,0.34217228357473806,11.752978,False,Cholangiocyte
NEBL-AS1,,1.0,1.0,0.0,False,Cholangiocyte
GPR158-AS1,,1.0,1.0,0.0,False,Cholangiocyte
WAC-AS1,0.041701380606297536,0.0002014929230335137,0.0023719469922296784,1.1182803,False,Cholangiocyte
LINC00838,,1.0,1.0,0.0,False,Cholangiocyte
LINC00839,,1.0,1.0,0.0,False,Cholangiocyte
ZNF32-AS1,,1.0,1.0,0.0,False,Cholangiocyte
ZNF32-AS2,,1.0,1.0,0.0,False,Cholangiocyte
TMEM72-AS1,,1.0,1.0,0.0,False,Cholangiocyte
LINC00842,,1.0,1.0,0.0,False,Cholangiocyte
PRKG1-AS1,,1.0,1.0,0.0,False,Cholangiocyte
LINC00844,0.0022896115873651465,0.8383529699366488,1.0,10.840284,False,Cholangiocyte
JMJD1C-AS1,0.05640295079837823,4.919950431942708e-07,1.0355895665284286e-05,13.3103695,False,Cholangiocyte
UNC5B-AS1,-0.01019497837733737,0.3636783108378831,0.8109932357961062,10.953265,False,Cholangiocyte
DNAJC9-AS1,-0.021122195926713806,0.059814176251517026,0.2579231694359475,12.006487,False,Cholangiocyte
C10orf55,,1.0,1.0,0.0,False,Cholangiocyte
ZNF503-AS1,,1.0,1.0,0.0,False,Cholangiocyte
DLG5-AS1,0.016007389200535956,0.15377544335559784,0.44089105520226224,10.841283,False,Cholangiocyte
LINC00595,0.03766588839286445,0.0007874856659557146,0.007995295643762139,12.535755,False,Cholangiocyte
ZMIZ1-AS1,-0.005475088291139899,0.6256741571380026,1.0,10.583057,False,Cholangiocyte
TMEM254-AS1,-0.005947262362413643,0.5961844441516152,1.0,11.64078,False,Cholangiocyte
NUTM2A-AS1,0.002503513284435487,0.8234895657545608,1.0,1.201783,False,Cholangiocyte
LINC00863,-0.011908886855124819,0.28864503663451585,0.6732450449069923,2.4000578,False,Cholangiocyte
ACTA2-AS1,-0.016590099299913067,0.1393406845779575,0.415516103536721,9.920061,False,Cholangiocyte
LINC00865,-0.14091404899353543,1.6760182284672527e-36,1.2053364426393658e-34,17.117588,False,Cholangiocyte
ENTPD1-AS1,0.0075956758786537406,0.49855108962291045,1.0,2.7212758,False,Cholangiocyte
DNMBP-AS1,0.007987264492016697,0.4766736564684551,0.9817884618908753,11.00465,False,Cholangiocyte
KCNIP2-AS1,,1.0,1.0,0.0,False,Cholangiocyte
PDCD4-AS1,0.013538424863665462,0.227699762563417,0.5712351601518282,1.8123591,False,Cholangiocyte
CASC2,,1.0,1.0,0.0,False,Cholangiocyte
LINC00867,0.017939146630823945,0.10993722154280283,0.3513919340423661,9.872164,False,Cholangiocyte
FAM53B-AS1,0.0110633343955392,0.3242538366754862,0.7344647271678335,10.804941,False,Cholangiocyte
EDRF1-AS1,-0.008826293312229937,0.43161989062997413,0.918011884567732,11.169184,False,Cholangiocyte
LINC00601,,1.0,1.0,0.0,False,Cholangiocyte
LINC01166,,1.0,1.0,0.0,False,Cholangiocyte
MIR202HG,-0.04813465460170194,1.7770911074115115e-05,0.0002690578290694973,14.743546,False,Cholangiocyte
LINC01001,-0.005907885045765368,0.5986194339295206,1.0,13.282063,False,Cholangiocyte
MIR210HG,-0.07946863099100297,1.3244176951782695e-12,4.571889883755386e-11,14.924473,False,Cholangiocyte
KRTAP5-AS1,0.003983484586918324,0.7226473108006088,1.0,10.647087,False,Cholangiocyte
FAM99B,,1.0,1.0,0.0,False,Cholangiocyte
LINC01150,,1.0,1.0,0.0,False,Cholangiocyte
MRPL23-AS1,,1.0,1.0,0.0,False,Cholangiocyte
KCNQ1OT1,0.0056528706681379095,0.6144968307606382,1.0,1.571171,False,Cholangiocyte
KCNQ1-AS1,,1.0,1.0,0.0,False,Cholangiocyte
SLC22A18AS,0.025862802647388966,0.021182472839827347,0.12435696639980273,14.202003,False,Cholangiocyte
RRM1-AS1,0.017939146630823945,0.10993722154280283,0.3513919340423661,9.122283,False,Cholangiocyte
TMEM9B-AS1,-0.022439475682143654,0.04554671617549334,0.21832473815796752,12.615919,False,Cholangiocyte
SBF2-AS1,-0.02601103638794241,0.02045311270802201,0.1208975086782397,13.814211,False,Cholangiocyte
ZBED5-AS1,0.03679759795610257,0.0010391286490040068,0.010076045214499528,1.5257959,False,Cholangiocyte
LINC00958,-0.0014256737020893503,0.8989205235321668,1.0,10.830762,False,Cholangiocyte
NAV2-AS3,,1.0,1.0,0.0,False,Cholangiocyte
NAV2-AS2,-0.007062076283392741,0.5292007445352387,1.0,10.544907,False,Cholangiocyte
BDNF-AS,-0.032453366635456234,0.0038243220138791524,0.03012563400478405,13.090866,False,Cholangiocyte
LINC00678,,1.0,1.0,0.0,False,Cholangiocyte
WT1-AS,-0.014381676990509054,0.2000361189727501,0.5247148044786727,10.4956045,False,Cholangiocyte
ALKBH3-AS1,-0.015449162718779729,0.16864347753379896,0.47561869644336113,10.597982,False,Cholangiocyte
LRP4-AS1,,1.0,1.0,0.0,False,Cholangiocyte
NEAT1,0.1782177046571039,1.1383608115746385e-57,1.6373423006481886e-55,0.95041233,False,Cholangiocyte
MALAT1,-0.19911001863792926,8.223046839875192e-72,1.7741223557030726e-69,0.12643814,False,Cholangiocyte
SHANK2-AS1,,1.0,1.0,0.0,False,Cholangiocyte
SHANK2-AS3,,1.0,1.0,0.0,False,Cholangiocyte
ARAP1-AS1,0.0002151284011282756,0.984707431002011,1.0,11.905626,False,Cholangiocyte
ARAP1-AS2,-0.0030506587555625265,0.7857688687090278,1.0,10.412935,False,Cholangiocyte
KCTD21-AS1,-0.011873597421068525,0.2900763389582077,0.6747597857707096,13.405758,False,Cholangiocyte
SCARNA9,,1.0,1.0,0.0,False,Cholangiocyte
COLCA1,,1.0,1.0,0.0,False,Cholangiocyte
NCAM1-AS1,,1.0,1.0,0.0,False,Cholangiocyte
LINC00900,-0.012855837404241998,0.25201034199236816,0.6178549009642436,13.80863,False,Cholangiocyte
APOA1-AS,,1.0,1.0,0.0,False,Cholangiocyte
USP2-AS1,0.017939146630823945,0.10993722154280283,0.3513919340423661,9.761104,False,Cholangiocyte
SENCR,0.1144285468236119,1.4703282634800484e-24,7.049407174351565e-23,3.3163903,False,Cholangiocyte
LINC00940,,1.0,1.0,0.0,False,Cholangiocyte
CACNA1C-AS2,-0.020827184650313243,0.06347248838425615,0.2672036950029905,12.789792,False,Cholangiocyte
CACNA1C-AS1,,1.0,1.0,0.0,False,Cholangiocyte
CCND2-AS1,-0.034396057914581696,0.002172802551007355,0.019331222696075744,12.220771,False,Cholangiocyte
CD27-AS1,0.03657576402189025,0.0011144063401995123,0.010685918573246434,2.9149501,False,Cholangiocyte
C1RL-AS1,-0.0003984128221422499,0.9716827282117213,1.0,2.192596,False,Cholangiocyte
FAM66C,0.0062278251719222405,0.5789673235434437,1.0,12.093485,False,Cholangiocyte
LINC00937,0.004818985793016375,0.6676570790762919,1.0,1.986824,False,Cholangiocyte
A2ML1-AS2,,1.0,1.0,0.0,False,Cholangiocyte
A2M-AS1,-0.07114986760066407,2.1902052162565302e-10,7.269796544728406e-09,15.3064995,False,Cholangiocyte
LINC00987,-0.08555114776145782,2.2327323924773297e-14,8.028533561283065e-13,15.534808,False,Cholangiocyte
LOH12CR2,0.028459441551442654,0.011206258363543572,0.07271429299051206,2.196784,False,Cholangiocyte
RASSF8-AS1,0.014859999470086866,0.18547873390357872,0.5002129604962138,13.846775,False,Cholangiocyte
OVCH1-AS1,0.0032013725963283227,0.7754622227500549,1.0,3.843089,False,Cholangiocyte
LINC00941,-0.013603097950164848,0.22548618368953,0.567331126892316,11.004882,False,Cholangiocyte
DDX11-AS1,0.00805755855903393,0.4728028513560696,0.9805797150690518,11.257874,False,Cholangiocyte
DENND5B-AS1,0.017939146630823945,0.10993722154280283,0.3513919340423661,9.029863,False,Cholangiocyte
LINC00938,-0.11798764408533795,5.1144791264295526e-26,2.75862217881794e-24,4.297632,False,Cholangiocyte
BCDIN3D-AS1,0.009323576604868712,0.40612475590642877,0.8828354265673753,11.712333,False,Cholangiocyte
LINC00592,0.00928418780184037,0.40811078567010706,0.8849236382746292,11.155915,False,Cholangiocyte
HOXC-AS2,,1.0,1.0,0.0,False,Cholangiocyte
AGAP2-AS1,0.006210012764624101,0.5800534349934493,1.0,13.435865,False,Cholangiocyte
IFNG-AS1,0.0013976534369298432,0.9008967960756199,1.0,10.784689,False,Cholangiocyte
CLLU1,0.00938916635322166,0.40283047548133233,0.8778856069201763,11.099534,False,Cholangiocyte
TMPO-AS1,0.014987866979131587,0.18172326107942408,0.49316721481617287,2.559207,False,Cholangiocyte
LINC00485,,1.0,1.0,0.0,False,Cholangiocyte
CASC18,,1.0,1.0,0.0,False,Cholangiocyte
USP30-AS1,-0.0058010219003628676,0.6052501861063037,1.0,1.463983,False,Cholangiocyte
FAM222A-AS1,0.017939146630823945,0.10993722154280283,0.3513919340423661,9.105511,False,Cholangiocyte
MAPKAPK5-AS1,-0.03154480461347072,0.0049343782233816,0.03735410883138878,1.5696528,False,Cholangiocyte
PXN-AS1,-0.03695633401468313,0.0009881811904720718,0.00969091326565225,15.044422,False,Cholangiocyte
HNF1A-AS1,,1.0,1.0,0.0,False,Cholangiocyte
DNAH10OS,-0.020672347199265303,0.06546534989930836,0.2716182546303034,11.938295,False,Cholangiocyte
LINC00939,,1.0,1.0,0.0,False,Cholangiocyte
LINC00943,,1.0,1.0,0.0,False,Cholangiocyte
LINC00944,-0.008870139032905651,0.42933536055707894,0.918011884567732,11.833256,False,Cholangiocyte
LINC00507,,1.0,1.0,0.0,False,Cholangiocyte
LINC01072,,1.0,1.0,0.0,False,Cholangiocyte
LATS2-AS1,0.024832099564525985,0.026908811796752072,0.14423791664967103,3.33325,False,Cholangiocyte
LINC00621,,1.0,1.0,0.0,False,Cholangiocyte
LINC00327,-0.03184812827755436,0.004534987436050256,0.03525850592172406,12.571041,False,Cholangiocyte
SPATA13,-0.11543722261867646,5.73601887920262e-25,2.911873113383448e-23,2.5059664,False,Cholangiocyte
SPATA13-AS1,0.022316367428943374,0.04674568661485972,0.22081143564075764,10.64492,False,Cholangiocyte
WASF3-AS1,,1.0,1.0,0.0,False,Cholangiocyte
LINC00412,,1.0,1.0,0.0,False,Cholangiocyte
LINC00543,0.024334429156763922,0.030122459129210917,0.15660049535246398,10.993358,False,Cholangiocyte
PAN3-AS1,-0.019428625804603375,0.0834125061843849,0.32476480960868004,13.832321,False,Cholangiocyte
MTUS2-AS1,,1.0,1.0,0.0,False,Cholangiocyte
LINC00544,0.02537138200589196,0.023764836025430617,0.12980413601232038,10.748389,False,Cholangiocyte
LINC00384,0.017939146630823945,0.10993722154280283,0.3513919340423661,10.139295,False,Cholangiocyte
LINC00427,,1.0,1.0,0.0,False,Cholangiocyte
LINC00426,0.03524488297441493,0.0016823776334949187,0.015283072607432788,14.067703,False,Cholangiocyte
LINC01058,,1.0,1.0,0.0,False,Cholangiocyte
LINC00398,-0.01863203300949505,0.09686902942397423,0.3513919340423661,10.541644,False,Cholangiocyte
TEX26-AS1,-0.018382856930990586,0.10141773587824952,0.3513919340423661,11.538959,False,Cholangiocyte
LINC00545,-0.025076633052337736,0.025441271375133075,0.137223857479624,12.3883,False,Cholangiocyte
FRY-AS1,0.03618590560833736,0.0012590341462824718,0.011810287698280143,2.5113568,False,Cholangiocyte
LINC01048,,1.0,1.0,0.0,False,Cholangiocyte
LINC00571,-0.02424239299069819,0.030751580768196753,0.1579679416842488,11.305889,False,Cholangiocyte
LINC00332,,1.0,1.0,0.0,False,Cholangiocyte
LINC00598,,1.0,1.0,0.0,False,Cholangiocyte
LINC01050,,1.0,1.0,0.0,False,Cholangiocyte
SMIM2-AS1,0.012769335422641694,0.2552157180023137,0.6211382827561539,11.941294,False,Cholangiocyte
LINC00407,,1.0,1.0,0.0,False,Cholangiocyte
LINC00330,-0.01211885443603765,0.28022746617331235,0.658954504925255,10.70016,False,Cholangiocyte
TPT1-AS1,-0.06609510830608571,3.737610554450396e-09,9.77441790451725e-08,2.5610068,False,Cholangiocyte
SLC25A30-AS1,-0.0023984677519048015,0.8307813140996713,1.0,11.256436,False,Cholangiocyte
CPB2-AS1,0.011766355977265353,0.29445521097592614,0.6776395921925981,10.540971,False,Cholangiocyte
LINC00563,0.016857201913903032,0.13308314160284151,0.4029850919412359,10.99498,False,Cholangiocyte
LINC00562,-0.023953725369112493,0.03279847982504824,0.16640051688047117,12.471774,False,Cholangiocyte
SUCLA2-AS1,-0.01832353942747187,0.10252525810904166,0.3513919340423661,10.997882,False,Cholangiocyte
MED4-AS1,-0.004639645539158096,0.6793234116322314,1.0,10.63223,False,Cholangiocyte
LINC00462,0.0025462962325722535,0.8205241051137808,1.0,10.623778,False,Cholangiocyte
DLEU1,-0.0901001030146963,8.686236465121837e-16,3.259226986695715e-14,17.276052,False,Cholangiocyte
RNASEH2B-AS1,0.020802584088126713,0.06378572400523015,0.2672188340607457,11.31918,False,Cholangiocyte
INTS6-AS1,-0.024795627290467914,0.027133841881037204,0.14454633051441423,2.1788602,False,Cholangiocyte
LINC00355,0.017939146630823945,0.10993722154280283,0.3513919340423661,10.564536,False,Cholangiocyte
PCDH9-AS1,,1.0,1.0,0.0,False,Cholangiocyte
LINC00393,,1.0,1.0,0.0,False,Cholangiocyte
LINC00402,-0.014318019584694747,0.2020347038915164,0.5283513619950868,11.385782,False,Cholangiocyte
LINC00381,,1.0,1.0,0.0,False,Cholangiocyte
MYCBP2-AS1,-0.021153848604732337,0.05943226564739903,0.2579231694359475,11.476685,False,Cholangiocyte
EDNRB-AS1,,1.0,1.0,0.0,False,Cholangiocyte
RBM26-AS1,-0.022308491960340102,0.04682328241281419,0.22081143564075764,2.990384,False,Cholangiocyte
LINC01068,,1.0,1.0,0.0,False,Cholangiocyte
LINC00333,,1.0,1.0,0.0,False,Cholangiocyte
MIR4500HG,-0.018029736016021227,0.10815340588106837,0.3513919340423661,10.145914,False,Cholangiocyte
LINC00379,0.027212836347120486,0.015305627283294767,0.0930194108836858,12.238086,False,Cholangiocyte
LINC00359,-0.009034454902107324,0.42083662129587734,0.9057190041290069,10.680494,False,Cholangiocyte
FARP1-AS1,0.00010935773051541101,0.9922258681000584,1.0,10.844349,False,Cholangiocyte
STK24-AS1,0.02537138200589196,0.023764836025430617,0.12980413601232038,11.024144,False,Cholangiocyte
DOCK9-AS1,,1.0,1.0,0.0,False,Cholangiocyte
UBAC2-AS1,0.001925460808736961,0.863787098584461,1.0,2.0526419,False,Cholangiocyte
LINC00449,-0.006559849947957975,0.5588990939808741,1.0,11.839359,False,Cholangiocyte
CLYBL-AS1,,1.0,1.0,0.0,False,Cholangiocyte
PCCA-AS1,,1.0,1.0,0.0,False,Cholangiocyte
NALCN-AS1,,1.0,1.0,0.0,False,Cholangiocyte
FGF14-AS2,-0.012203838019753985,0.276868364022905,0.6564214234938653,12.2058525,False,Cholangiocyte
LINC00551,,1.0,1.0,0.0,False,Cholangiocyte
LINC00399,,1.0,1.0,0.0,False,Cholangiocyte
COL4A2-AS2,-0.006781962080985714,0.5456654961466079,1.0,11.031284,False,Cholangiocyte
COL4A2-AS1,,1.0,1.0,0.0,False,Cholangiocyte
ATP11A-AS1,0.008183136759974566,0.4659310404260743,0.971252386202179,10.658301,False,Cholangiocyte
MCF2L-AS1,0.03299418887361007,0.0032765616579231976,0.026930216293216375,12.103463,False,Cholangiocyte
GAS6-AS1,0.006769720272175269,0.5463908063446989,1.0,10.316482,False,Cholangiocyte
LINC01054,,1.0,1.0,0.0,False,Cholangiocyte
PRMT5-AS1,0.021736366887798234,0.05275741026131419,0.23829724988266165,11.957209,False,Cholangiocyte
DHRS4-AS1,,1.0,1.0,0.0,False,Cholangiocyte
ARHGAP5-AS1,0.06881242564924435,8.338611280359259e-10,2.4814557017069102e-08,14.9497175,False,Cholangiocyte
PTCSC3,,1.0,1.0,0.0,False,Cholangiocyte
SFTA3,,1.0,1.0,0.0,False,Cholangiocyte
SLC25A21-AS1,,1.0,1.0,0.0,False,Cholangiocyte
LINC00639,,1.0,1.0,0.0,False,Cholangiocyte
LINC00871,,1.0,1.0,0.0,False,Cholangiocyte
LINC00648,-0.026393880867349742,0.01866983382186299,0.11111770060874318,12.075167,False,Cholangiocyte
LINC00640,,1.0,1.0,0.0,False,Cholangiocyte
KTN1-AS1,-0.008039160171296566,0.4738143003288466,0.9805797150690518,12.805367,False,Cholangiocyte
OTX2-AS1,,1.0,1.0,0.0,False,Cholangiocyte
HIF1A-AS1,,1.0,1.0,0.0,False,Cholangiocyte
ADAM20P1,0.0006142409145499131,0.9563553196386758,1.0,12.028166,False,Cholangiocyte
C14orf178,,1.0,1.0,0.0,False,Cholangiocyte
DIO2-AS1,,1.0,1.0,0.0,False,Cholangiocyte
FOXN3-AS1,0.003709223797256871,0.7410323729064765,1.0,2.4915829,False,Cholangiocyte
FOXN3-AS2,,1.0,1.0,0.0,False,Cholangiocyte
LINC00642,0.017939146630823945,0.10993722154280283,0.3513919340423661,9.130128,False,Cholangiocyte
ITPK1-AS1,-0.003243220980951465,0.7726073139032192,1.0,1.4885211,False,Cholangiocyte
DICER1-AS1,-0.012863224532228795,0.25173791459403094,0.6178549009642436,2.8737216,False,Cholangiocyte
SNHG10,0.012142475360649354,0.2792910484428527,0.658954504925255,3.930912,False,Cholangiocyte
MEG3,0.005622844129947942,0.6163784487613619,1.0,17.34054,False,Cholangiocyte
MEG8,-0.010665612151668714,0.3419524650206143,0.7665064345786757,11.5345545,False,Cholangiocyte
MEG9,-0.002666164389093892,0.8122293346546886,1.0,11.841433,False,Cholangiocyte
DIO3OS,0.012860688203225654,0.2518314278561484,0.6178549009642436,11.592544,False,Cholangiocyte
LINC00677,0.012315167731903357,0.2725095588198436,0.6492195006468671,10.8102665,False,Cholangiocyte
LINC00638,-0.033295103782668964,0.00300370524039659,0.02516696720837143,13.550745,False,Cholangiocyte
LINC00226,-0.023359357704062576,0.03738248252187659,0.1875644326533692,10.613371,False,Cholangiocyte
LINC00221,-0.01732460782853968,0.12265902319541878,0.3769533922348937,10.714552,False,Cholangiocyte
PWRN1,,1.0,1.0,0.0,False,Cholangiocyte
LINC00929,-0.0243445704872862,0.030053818330788157,0.15660049535246398,12.951832,False,Cholangiocyte
GOLGA8M,-0.04608557989747607,3.985342286244469e-05,0.0005732250655048294,12.95537,False,Cholangiocyte
LINC00926,0.014769133164903964,0.18818215140697117,0.5059227310411717,12.610235,False,Cholangiocyte
USP3-AS1,-0.015413443066779811,0.16963034704221433,0.47684361399814645,13.310663,False,Cholangiocyte
IQCH-AS1,0.00676303305115465,0.5467872165166402,1.0,0.9615035,False,Cholangiocyte
HEXA-AS1,0.0033160213688162195,0.7676481965072401,1.0,11.446092,False,Cholangiocyte
ADPGK-AS1,-0.021100881991746652,0.06007248789875486,0.2579231694359475,12.978319,False,Cholangiocyte
LOXL1-AS1,-0.006797695002824389,0.5447340440549355,1.0,11.653487,False,Cholangiocyte
DNM1P35,0.02537138200589196,0.023764836025430617,0.12980413601232038,10.799571,False,Cholangiocyte
ST20,0.03260625000867676,0.0036616010452477144,0.029258904648599794,1.4104033,False,Cholangiocyte
PRC1-AS1,-0.022677829345844346,0.043298918898940275,0.21054753031665205,10.968943,False,Cholangiocyte
LINC00924,-0.019485687680281843,0.08250979390086409,0.323663418802026,11.36655,False,Cholangiocyte
NR2F2-AS1,,1.0,1.0,0.0,False,Cholangiocyte
SPATA8,,1.0,1.0,0.0,False,Cholangiocyte
LINC00923,-0.018835614649318173,0.09327501138646727,0.3484689819329924,12.504725,False,Cholangiocyte
SPATA41,-0.002526279674498783,0.8219112178400534,1.0,12.68885,False,Cholangiocyte
WASIR2,0.012399455391286836,0.26924089781912897,0.6454302633830785,11.098851,False,Cholangiocyte
SNHG9,-0.10450029552223919,9.969774608071601e-21,4.3019577433828956e-19,2.4144602,False,Cholangiocyte
SRRM2-AS1,-0.021476168677645846,0.055657225013263235,0.24646032311926971,13.406187,False,Cholangiocyte
BCAR4,,1.0,1.0,0.0,False,Cholangiocyte
IL21R-AS1,0.015229516478379421,0.17478053783803682,0.4866221433257492,10.382575,False,Cholangiocyte
FBXL19-AS1,-0.011836236265534334,0.29159686498715204,0.6764733722685812,13.448267,False,Cholangiocyte
CRNDE,-0.017778509904508216,0.11315742768746723,0.3559111712563789,11.863734,False,Cholangiocyte
LINC00920,-0.007429798662981876,0.5079768150323803,1.0,2.1387906,False,Cholangiocyte
VAC14-AS1,0.03834370383973922,0.0006317262190773324,0.006814746588296723,12.739655,False,Cholangiocyte
LINC00311,-0.010677910235821436,0.3413961094072976,0.7665064345786757,10.632644,False,Cholangiocyte
FENDRR,,1.0,1.0,0.0,False,Cholangiocyte
SNAI3-AS1,0.015117094639015212,0.17798545126442614,0.48917657465350245,12.800444,False,Cholangiocyte
LINC00304,-0.018122773762980597,0.1063452999861112,0.3513919340423661,10.411465,False,Cholangiocyte
VPS9D1-AS1,0.03107542677999014,0.00561535622294531,0.04141925145642566,11.344124,False,Cholangiocyte
PITPNA-AS1,-0.04596989398982948,4.167281646846804e-05,0.0005895678788899658,1.7851887,False,Cholangiocyte
MIR22HG,0.03342246655701936,0.0028945915534391246,0.024490514809980043,1.1100826,False,Cholangiocyte
MIR497HG,0.0008892826677108406,0.9368468559202033,1.0,10.512309,False,Cholangiocyte
LINC00324,0.03263447913545114,0.003632253102704708,0.029258904648599794,1.500318,False,Cholangiocyte
MPRIP-AS1,-0.025705847293202577,0.02197933669431668,0.12645445044796863,4.721706,False,Cholangiocyte
SMCR2,0.017939146630823945,0.10993722154280283,0.3513919340423661,9.822853,False,Cholangiocyte
RAI1-AS1,,1.0,1.0,0.0,False,Cholangiocyte
SMCR5,-0.04069382848055743,0.0002864539773983112,0.0032762177618986467,2.1031375,False,Cholangiocyte
FAM106A,0.010821105671686168,0.3349607434958441,0.7547548867804529,12.542313,False,Cholangiocyte
ZNF286B,-0.007802562595245578,0.4869266290281286,0.9981417597417458,11.923113,False,Cholangiocyte
TRIM16L,0.009034199886243903,0.42084973424766137,0.9057190041290069,13.444464,False,Cholangiocyte
EPN2-AS1,-0.03272759806031309,0.0035369535878674195,0.028796141003109274,12.21137,False,Cholangiocyte
CCDC144NL,-0.013427849440110084,0.23152023400940988,0.575798161239541,13.224224,False,Cholangiocyte
UBBP4,0.006657023601812035,0.5530902772946996,1.0,3.2422824,False,Cholangiocyte
RAMP2-AS1,0.0030783716242324807,0.7838708312076095,1.0,11.828788,False,Cholangiocyte
LINC00671,0.01016861190723206,0.36492047444740316,0.811665900639456,12.590979,False,Cholangiocyte
LINC00910,-0.007052778465542915,0.5297431767109071,1.0,2.37556,False,Cholangiocyte
FAM215A,,1.0,1.0,0.0,False,Cholangiocyte
ASB16-AS1,-0.01336724995649673,0.23363320043685354,0.579383482692542,2.4022865,False,Cholangiocyte
MAP3K14-AS1,-0.018435263643262912,0.1004471907747991,0.3513919340423661,12.080118,False,Cholangiocyte
KANSL1-AS1,0.03793064809969317,0.0007228267951937835,0.0075156569187016286,2.2702262,False,Cholangiocyte
HOXB-AS1,-0.0914873288155103,3.1225675452739374e-16,1.2248980870779128e-14,16.478668,False,Cholangiocyte
HOXB-AS3,-0.030447714684306404,0.006658310331770683,0.04748861005221569,12.607634,False,Cholangiocyte
HOXB-AS2,,1.0,1.0,0.0,False,Cholangiocyte
TBC1D3P1-DHX40P1,-0.019165775873630386,0.08767454703838887,0.3356474924022831,10.353758,False,Cholangiocyte
KCNJ2-AS1,0.04484223070398493,6.404866935860906e-05,0.0008374848735830246,15.094033,False,Cholangiocyte
LINC01152,,1.0,1.0,0.0,False,Cholangiocyte
LINC00511,-0.012472864246452654,0.26641611881179766,0.6404376338010623,11.557287,False,Cholangiocyte
LINC00469,,1.0,1.0,0.0,False,Cholangiocyte
RNF157-AS1,,1.0,1.0,0.0,False,Cholangiocyte
LINC00868,,1.0,1.0,0.0,False,Cholangiocyte
DNAH17-AS1,-0.012670272118809051,0.2589212398280515,0.62766581452699,10.481862,False,Cholangiocyte
C1QTNF1-AS1,,1.0,1.0,0.0,False,Cholangiocyte
LINC00482,0.027492026491002106,0.014287416071461403,0.08934811644689268,14.733617,False,Cholangiocyte
TMEM105,,1.0,1.0,0.0,False,Cholangiocyte
MAFG-AS1,0.009952732110965406,0.3751903142433339,0.8276744769544411,11.157967,False,Cholangiocyte
LINC00470,0.021061435621050985,0.06055299299950554,0.25869917306224394,12.97365,False,Cholangiocyte
DLGAP1-AS1,-0.045279134035415045,5.428639238561806e-05,0.0007207562558275136,3.0623417,False,Cholangiocyte
DLGAP1-AS2,0.00690132902873049,0.5386182972897368,1.0,12.835956,False,Cholangiocyte
DLGAP1-AS3,,1.0,1.0,0.0,False,Cholangiocyte
DLGAP1-AS5,,1.0,1.0,0.0,False,Cholangiocyte
LINC00667,0.01598472858326181,0.15435892420023511,0.4410985151814666,0.94307756,False,Cholangiocyte
LINC00526,-0.027276999130994257,0.015066134217380588,0.09221328957162728,3.4124708,False,Cholangiocyte
LDLRAD4-AS1,-0.021111429903243117,0.05994453840897617,0.2579231694359475,11.190908,False,Cholangiocyte
CYP4F35P,-0.05556546253044575,7.24740494607237e-07,1.4545373182466176e-05,13.659556,False,Cholangiocyte
GATA6-AS1,,1.0,1.0,0.0,False,Cholangiocyte
AQP4-AS1,,1.0,1.0,0.0,False,Cholangiocyte
LINC00907,-0.01465589350786299,0.1915917545572443,0.5134897024313722,10.482044,False,Cholangiocyte
LINC-ROR,,1.0,1.0,0.0,False,Cholangiocyte
LINC00305,-0.017770209669239822,0.11332581630814571,0.3559111712563789,10.562137,False,Cholangiocyte
GTSCR1,,1.0,1.0,0.0,False,Cholangiocyte
LINC00683,,1.0,1.0,0.0,False,Cholangiocyte
SDCBP2-AS1,-0.0406730186399795,0.0002885197565519086,0.0032762177618986467,14.103296,False,Cholangiocyte
UBOX5-AS1,0.02395321778068575,0.03280217936747712,0.16640051688047117,11.051169,False,Cholangiocyte
LINC00654,0.012761464074220739,0.25550879534001697,0.6211382827561539,10.740634,False,Cholangiocyte
CASC20,-0.014038906343816637,0.21096958698034352,0.5434828464598104,10.686603,False,Cholangiocyte
SNAP25-AS1,,1.0,1.0,0.0,False,Cholangiocyte
LINC00687,,1.0,1.0,0.0,False,Cholangiocyte
ISM1-AS1,,1.0,1.0,0.0,False,Cholangiocyte
LINC00237,-0.0012463943059105905,0.9115754228133357,1.0,12.36057,False,Cholangiocyte
LINC00261,-0.014382874464902077,0.1999986619369836,0.5247148044786727,10.731399,False,Cholangiocyte
LINC00656,0.025217048936636448,0.02463028235450957,0.13368511743359596,11.542658,False,Cholangiocyte
ZNF337-AS1,0.03172677398036105,0.004691123918148342,0.03614678519073232,13.5880375,False,Cholangiocyte
FAM182B,,1.0,1.0,0.0,False,Cholangiocyte
HM13-AS1,-0.003124109608425188,0.7807410795553741,1.0,10.295149,False,Cholangiocyte
ITCH-AS1,0.019847896102092637,0.07696278553982666,0.3053204353559274,11.509515,False,Cholangiocyte
FAM83C-AS1,,1.0,1.0,0.0,False,Cholangiocyte
HNF4A-AS1,,1.0,1.0,0.0,False,Cholangiocyte
LINC00494,-0.04375104900730803,9.618882336559669e-05,0.0012207493318310287,13.87759,False,Cholangiocyte
ZFAS1,0.0709114294348544,2.515174670539124e-10,8.03924348398246e-09,0.52137715,False,Cholangiocyte
TRERNA1,0.04199907822572468,0.00018133261371647923,0.0021734728560739106,13.833869,False,Cholangiocyte
GNAS-AS1,,1.0,1.0,0.0,False,Cholangiocyte
LINC00686,0.006178803345979854,0.5819587281307741,1.0,10.817816,False,Cholangiocyte
LINC00659,-0.0017016114246516502,0.8794939717825264,1.0,11.066694,False,Cholangiocyte
OGFR-AS1,-0.00972244455725425,0.3863402665490766,0.8462224620097795,10.826742,False,Cholangiocyte
HAR1B,,1.0,1.0,0.0,False,Cholangiocyte
HAR1A,-0.0014201914517448244,0.8993071383653813,1.0,10.87825,False,Cholangiocyte
CIRBP-AS1,,1.0,1.0,0.0,False,Cholangiocyte
CSNK1G2-AS1,,1.0,1.0,0.0,False,Cholangiocyte
CACTIN-AS1,,1.0,1.0,0.0,False,Cholangiocyte
RAB11B-AS1,-0.0036494110192934275,0.7450620570511725,1.0,1.0187421,False,Cholangiocyte
LINC00663,-0.013469080438344844,0.23009038170006513,0.5738959520438041,12.460953,False,Cholangiocyte
LINC00664,0.025585904486437765,0.022605742831493164,0.12824493516756325,11.251443,False,Cholangiocyte
LINC00662,-0.044544001432681814,7.164255943299475e-05,0.0009227989371742458,2.7959208,False,Cholangiocyte
SCGB1B2P,0.0012094907104718204,0.9141832511996779,1.0,11.108275,False,Cholangiocyte
UPK1A-AS1,,1.0,1.0,0.0,False,Cholangiocyte
LINC00665,-0.05484168124834015,1.0084701458633896e-06,1.9779766724547846e-05,15.855234,False,Cholangiocyte
ZNF571-AS1,-0.03166792515874112,0.004768577960458295,0.03641843168031424,13.23543,False,Cholangiocyte
ZNF781,-0.00941639390555277,0.4014676734482417,0.8771306384451457,12.693799,False,Cholangiocyte
LIPE-AS1,0.050986968923792966,5.472518898078485e-06,9.260360409885749e-05,1.386487,False,Cholangiocyte
DACT3-AS1,,1.0,1.0,0.0,False,Cholangiocyte
NAPA-AS1,-0.02965063687293861,0.008232050431783393,0.05729241550507313,2.093522,False,Cholangiocyte
NUCB1-AS1,,1.0,1.0,0.0,False,Cholangiocyte
PTOV1-AS1,0.05440183321860104,1.230259935965922e-06,2.308074618996936e-05,14.428225,False,Cholangiocyte
SIGLEC5,-0.05006154401894102,8.0746531320972e-06,0.00013147972930188458,5.0245333,False,Cholangiocyte
LENG8-AS1,-0.04535738505876828,5.2694003940491224e-05,0.0007105457093850614,14.733325,False,Cholangiocyte
ZNF667-AS1,-0.00416883349602359,0.7103117539053251,1.0,15.657461,False,Cholangiocyte
MIMT1,,1.0,1.0,0.0,False,Cholangiocyte
A1BG-AS1,-0.035850592971655326,0.0013970852773198476,0.012964350476634714,4.841351,False,Cholangiocyte
ZFY-AS1,-0.0010308271534423014,0.9268212454443711,1.0,12.44249,False,Cholangiocyte
LINC00278,0.01783373793944082,0.1120420188204437,0.3559111712563789,13.654764,False,Cholangiocyte
FAM224B,,1.0,1.0,0.0,False,Cholangiocyte
TTTY14,-0.0021063993965467973,0.8511300727008693,1.0,2.4208617,False,Cholangiocyte
TTTY10,-0.0009940348754080143,0.9294261940396863,1.0,10.971606,False,Cholangiocyte
TPTEP1,-0.02194005006439506,0.05057650751890634,0.23093929094611731,2.2351038,False,Cholangiocyte
LINC00528,0.03423176533677504,0.002281680799007589,0.019889803328722724,2.674971,False,Cholangiocyte
DGCR5,,1.0,1.0,0.0,False,Cholangiocyte
LINC00896,0.018988029380464816,0.09065495228038081,0.34217228357473806,11.126607,False,Cholangiocyte
FAM230A,0.007988881161629817,0.47658443859627553,0.9817884618908753,11.449248,False,Cholangiocyte
THAP7-AS1,0.00993682370680155,0.3759541077243811,0.8276744769544411,14.1635,False,Cholangiocyte
FAM230C,-0.0078036384673639885,0.4868665634352871,0.9981417597417458,12.019913,False,Cholangiocyte
LL22NC03-63E9.3,,1.0,1.0,0.0,False,Cholangiocyte
ADORA2A-AS1,-0.023264875241226217,0.0381592072159409,0.18926089555952297,2.3339286,False,Cholangiocyte
MIAT,-0.02781031307099618,0.013199906216193347,0.08438162270055452,13.3671055,False,Cholangiocyte
ZNRF3-AS1,0.0026636037605796935,0.812406311405005,1.0,12.530777,False,Cholangiocyte
RFPL1S,0.0173208981627863,0.12273916942990167,0.3769533922348937,12.451329,False,Cholangiocyte
MORC2-AS1,0.012303756730890911,0.2729541531839184,0.6492195006468671,4.0198274,False,Cholangiocyte
RNF185-AS1,,1.0,1.0,0.0,False,Cholangiocyte
RFPL3S,-0.03556071007391599,0.001527541354215618,0.014024129666894451,12.02186,False,Cholangiocyte
ELFN2,-0.018636929733019225,0.09678130169135303,0.3513919340423661,10.67902,False,Cholangiocyte
APOBEC3B-AS1,,1.0,1.0,0.0,False,Cholangiocyte
SAMSN1-AS1,0.015242217059184689,0.1744211957264159,0.4866221433257492,10.917422,False,Cholangiocyte
C21orf91-OT1,,1.0,1.0,0.0,False,Cholangiocyte
LINC00158,-0.12804880023140933,2.1913161244687206e-30,1.350789868154647e-28,16.18127,False,Cholangiocyte
MIR155HG,-0.21520724090805962,7.371381927998463e-84,2.1205008679542244e-81,18.187983,False,Cholangiocyte
LINC00161,,1.0,1.0,0.0,False,Cholangiocyte
BACH1-IT2,0.015040397025195204,0.18019690600896915,0.4921200312839885,12.756522,False,Cholangiocyte
GRIK1-AS1,-0.015228810160191748,0.17480053815872798,0.4866221433257492,10.490456,False,Cholangiocyte
LINC00159,,1.0,1.0,0.0,False,Cholangiocyte
MIS18A-AS1,0.012944450885583865,0.24875593453911374,0.6151185430007311,11.02528,False,Cholangiocyte
PAXBP1-AS1,0.019879986000191207,0.07648636260093206,0.3053204353559274,2.3897142,False,Cholangiocyte
LINC00649,-0.0017300385067663762,0.8774965610585391,1.0,2.286672,False,Cholangiocyte
LINC00310,-0.018029736016021227,0.10815340588106837,0.3513919340423661,10.145914,False,Cholangiocyte
TTC3-AS1,,1.0,1.0,0.0,False,Cholangiocyte
DSCR9,0.0027813054715481187,0.8042814494108756,1.0,11.184865,False,Cholangiocyte
LINC00114,,1.0,1.0,0.0,False,Cholangiocyte
BRWD1-AS1,,1.0,1.0,0.0,False,Cholangiocyte
DSCAM-AS1,,1.0,1.0,0.0,False,Cholangiocyte
LINC00323,-0.03827074733074051,0.0006469979587731314,0.006893323931126079,13.828459,False,Cholangiocyte
LINC00479,,1.0,1.0,0.0,False,Cholangiocyte
ZNF295-AS1,-0.019420405496887613,0.08354320710675199,0.32476480960868004,9.737701,False,Cholangiocyte
LINC00322,,1.0,1.0,0.0,False,Cholangiocyte
LINC00319,0.01562544476565012,0.1638361308545809,0.463575675172142,10.511324,False,Cholangiocyte
LINC00313,,1.0,1.0,0.0,False,Cholangiocyte
TSPEAR-AS1,,1.0,1.0,0.0,False,Cholangiocyte
ITGB2-AS1,0.16514281398406158,1.1585671047875728e-49,1.249804264289594e-47,4.638051,False,Cholangiocyte
LINC00334,,1.0,1.0,0.0,False,Cholangiocyte
LINC00205,-0.055817519313675776,6.453594141606774e-07,1.3260599390968205e-05,14.78887,False,Cholangiocyte
LINC00315,,1.0,1.0,0.0,False,Cholangiocyte
MCM3AP-AS1,-0.022814812321253257,0.04205002876730109,0.20736671329246195,14.151187,False,Cholangiocyte
