gene,spearman_rho,wald_p,wald_q,log2fc_max_min,is_progression_coupled,lineage
A1BG-AS1,-0.033783936692282295,0.30365602147139925,1.0,13.466272,False,LSEC
A2M-AS1,0.004344960089169144,0.8947829643148323,1.0,2.8510277,False,LSEC
A2ML1-AS2,,1.0,1.0,0.0,False,LSEC
ABCC5-AS1,,1.0,1.0,0.0,False,LSEC
ACTA2-AS1,,1.0,1.0,0.0,False,LSEC
ACVR2B-AS1,,1.0,1.0,0.0,False,LSEC
ADAM20P1,0.10946864713982335,0.0008314526776833341,0.3587718304203587,15.490974,False,LSEC
ADAMTS9-AS2,0.021779346347695388,0.5073251061369091,1.0,16.630453,False,LSEC
ADAMTSL4-AS1,0.03341490312084298,0.30897152315752824,1.0,15.105377,False,LSEC
ADIPOQ-AS1,,1.0,1.0,0.0,False,LSEC
ADORA2A-AS1,-0.011788068801995318,0.7197273681896851,1.0,14.098159,False,LSEC
ADPGK-AS1,0.028538243858567104,0.3849361341113544,1.0,14.378707,False,LSEC
AFAP1-AS1,,1.0,1.0,0.0,False,LSEC
AGAP2-AS1,-0.03202021823577982,0.3296117167870847,1.0,1.5117378,False,LSEC
AGBL5-AS1,0.032192664311848716,0.327012414135168,1.0,12.713758,False,LSEC
AIRN,-0.0023927583117740255,0.9419398112421536,1.0,14.116742,False,LSEC
ALG13-AS1,-0.010159662121229823,0.75712946191335,1.0,13.771521,False,LSEC
ALKBH3-AS1,0.02888501845059914,0.3791849162501148,1.0,13.988226,False,LSEC
AP4B1-AS1,0.004163369432333575,0.8991563779977829,1.0,15.014329,False,LSEC
APOA1-AS,,1.0,1.0,0.0,False,LSEC
APOBEC3B-AS1,,1.0,1.0,0.0,False,LSEC
AQP4-AS1,-0.048839821522538546,0.13688361489612877,1.0,12.991975,False,LSEC
ARAP1-AS1,,1.0,1.0,0.0,False,LSEC
ARAP1-AS2,,1.0,1.0,0.0,False,LSEC
ARHGAP26-AS1,-0.0022594415488366494,0.9451694984109085,1.0,13.241831,False,LSEC
ARHGAP31-AS1,,1.0,1.0,0.0,False,LSEC
ARHGAP5-AS1,-0.020061132918427222,0.5414038061462101,1.0,15.376699,False,LSEC
ARIH2OS,0.0036063203522533984,0.9125908227148799,1.0,2.7709188,False,LSEC
ARMCX3-AS1,,1.0,1.0,0.0,False,LSEC
ARSD-AS1,-0.033049503285928344,0.31429483197863317,1.0,13.511695,False,LSEC
ASB16-AS1,0.045059034709140654,0.1699934589501939,1.0,3.4896324,False,LSEC
ASMTL-AS1,-0.02974625070027467,0.36513140309852316,1.0,15.42162,False,LSEC
ATP11A-AS1,-0.04920434082667539,0.1339742202265331,1.0,14.826279,False,LSEC
ATP1B3-AS1,,1.0,1.0,0.0,False,LSEC
ATP6V0E2-AS1,0.06183246924448767,0.059580092361715895,1.0,14.324028,False,LSEC
BACH1-IT2,0.03610788046529192,0.27158187357442065,1.0,14.329463,False,LSEC
BCAR4,,1.0,1.0,0.0,False,LSEC
BCDIN3D-AS1,0.021704476602997548,0.5087862649269008,1.0,14.500813,False,LSEC
BDNF-AS,0.04071071874622471,0.21509165968787508,1.0,15.626496,False,LSEC
BFSP2-AS1,,1.0,1.0,0.0,False,LSEC
BHLHE40-AS1,-0.054160088781883386,0.0989918457806359,1.0,14.903659,False,LSEC
BLACE,,1.0,1.0,0.0,False,LSEC
BOK-AS1,,1.0,1.0,0.0,False,LSEC
BRWD1-AS1,,1.0,1.0,0.0,False,LSEC
BSN-AS1,,1.0,1.0,0.0,False,LSEC
BTBD9-AS1,,1.0,1.0,0.0,False,LSEC
C10orf55,,1.0,1.0,0.0,False,LSEC
C14orf178,-0.017259185049318133,0.5993175059084923,1.0,13.796148,False,LSEC
C1QTNF1-AS1,-0.01170044746908778,0.7217238544909045,1.0,1.764066,False,LSEC
C1RL-AS1,0.03967973097761328,0.2269449808942685,1.0,13.575348,False,LSEC
C1orf220,0.05434807207019326,0.0978240276406043,1.0,13.108261,False,LSEC
C21orf91-OT1,,1.0,1.0,0.0,False,LSEC
C2orf27A,0.02236655028854766,0.4959419643799655,1.0,2.94659,False,LSEC
C5orf60,,1.0,1.0,0.0,False,LSEC
C5orf64,0.016891968346141147,0.607110581239793,1.0,13.088866,False,LSEC
C6orf47-AS1,-0.0250931413837604,0.4449167150018385,1.0,13.15962,False,LSEC
C8orf44,0.0015230570206504355,0.9630236808042945,1.0,1.7902398,False,LSEC
C9orf163,0.04382119324578646,0.18204302182897278,1.0,13.198252,False,LSEC
CACNA1C-AS1,0.040271431781742306,0.22008654061230803,1.0,13.559429,False,LSEC
CACNA1C-AS2,-0.01603512937206153,0.6254676065679633,1.0,13.288252,False,LSEC
CACTIN-AS1,,1.0,1.0,0.0,False,LSEC
CAHM,0.031085877912692222,0.3439266965284983,1.0,15.842447,False,LSEC
CASC11,,1.0,1.0,0.0,False,LSEC
CASC15,0.02272969440508503,0.4889709935713303,1.0,14.498957,False,LSEC
CASC18,0.006364618829456683,0.8463863700695758,1.0,13.734407,False,LSEC
CASC19,,1.0,1.0,0.0,False,LSEC
CASC2,0.033783936692282295,0.30365602147139925,1.0,13.586141,False,LSEC
CASC20,,1.0,1.0,0.0,False,LSEC
CASC8,,1.0,1.0,0.0,False,LSEC
CASK-AS1,,1.0,1.0,0.0,False,LSEC
CCDC140,,1.0,1.0,0.0,False,LSEC
CCDC144NL,-0.04483283323552473,0.17214962121324573,1.0,3.0754616,False,LSEC
CCDC148-AS1,,1.0,1.0,0.0,False,LSEC
CCDC183-AS1,-0.03794572599495476,0.247916112954864,1.0,13.425694,False,LSEC
CCDC26,,1.0,1.0,0.0,False,LSEC
CCND2-AS1,0.06596218776978374,0.0444336167070267,1.0,14.864576,False,LSEC
CCNT2-AS1,0.03328127288228375,0.310911365917128,1.0,13.756105,False,LSEC
CD27-AS1,0.017244348156315457,0.5996314959442414,1.0,1.8715379,False,LSEC
CDKN2B-AS1,-0.032192664311848716,0.327012414135168,1.0,13.465775,False,LSEC
CELF2-AS1,,1.0,1.0,0.0,False,LSEC
CERS6-AS1,,1.0,1.0,0.0,False,LSEC
CFLAR-AS1,0.050736665135387354,0.12226367329519416,1.0,13.309329,False,LSEC
CIRBP-AS1,-0.008568389740796236,0.7942363975945326,1.0,14.1633625,False,LSEC
CKMT2-AS1,0.020364678195536376,0.5353013538539043,1.0,3.5690074,False,LSEC
CLLU1,,1.0,1.0,0.0,False,LSEC
CLRN1-AS1,,1.0,1.0,0.0,False,LSEC
CLYBL-AS1,,1.0,1.0,0.0,False,LSEC
COL4A2-AS1,0.016279940507512847,0.620198362091263,1.0,13.198252,False,LSEC
COL4A2-AS2,,1.0,1.0,0.0,False,LSEC
COLCA1,-0.05434807207019326,0.0978240276406043,1.0,13.616856,False,LSEC
CPB2-AS1,0.023379463435601155,0.47663058978670697,1.0,13.778874,False,LSEC
CRNDE,0.007212377612552804,0.8262321061083865,1.0,16.522362,False,LSEC
CSNK1G2-AS1,,1.0,1.0,0.0,False,LSEC
CTC-338M12.4,0.03563606856273035,0.2778986872021422,1.0,15.93824,False,LSEC
CYP1B1-AS1,0.02142097435199059,0.5143389902366865,1.0,13.843632,False,LSEC
CYP4A22-AS1,-0.04247473200080419,0.19585568414464513,1.0,13.82065,False,LSEC
CYP4F35P,-0.0029375540777536293,0.9287522387654993,1.0,14.912809,False,LSEC
DAB1-AS1,,1.0,1.0,0.0,False,LSEC
DACT3-AS1,0.008074068417812425,0.8058631824570307,1.0,13.764215,False,LSEC
DBH-AS1,0.005630656115380384,0.8639172068097007,1.0,13.197962,False,LSEC
DCTN1-AS1,,1.0,1.0,0.0,False,LSEC
DDX11-AS1,,1.0,1.0,0.0,False,LSEC
DDX39B-AS1,-0.023379463435601155,0.47663058978670697,1.0,14.108736,False,LSEC
DENND5B-AS1,0.00029438552732181445,0.9928505364256173,1.0,13.564833,False,LSEC
DGCR5,,1.0,1.0,0.0,False,LSEC
DGUOK-AS1,,1.0,1.0,0.0,False,LSEC
DHRS4-AS1,,1.0,1.0,0.0,False,LSEC
DIAPH2-AS1,,1.0,1.0,0.0,False,LSEC
DICER1-AS1,0.09161405878547539,0.005198489033848002,0.641046940802323,16.203556,False,LSEC
DIO2-AS1,,1.0,1.0,0.0,False,LSEC
DIO3OS,0.047194710688207235,0.15062268974922116,1.0,14.745522,False,LSEC
DIRC3,0.024041546877265747,0.4642335360996853,1.0,14.358917,False,LSEC
DLEU1,0.01907286690257815,0.5615089945054674,1.0,14.843142,False,LSEC
DLEU2L,0.02570412401474186,0.43390706098192533,1.0,15.608704,False,LSEC
DLG1-AS1,,1.0,1.0,0.0,False,LSEC
DLG3-AS1,,1.0,1.0,0.0,False,LSEC
DLG5-AS1,0.05569453331517553,0.08977741035639544,1.0,13.179055,False,LSEC
DLGAP1-AS1,0.01129020587617009,0.731096365500462,1.0,1.2588191,False,LSEC
DLGAP1-AS2,-0.06952746014813532,0.03410114311965798,1.0,2.4218695,False,LSEC
DLGAP1-AS3,,1.0,1.0,0.0,False,LSEC
DLGAP1-AS5,,1.0,1.0,0.0,False,LSEC
DNAH10OS,,1.0,1.0,0.0,False,LSEC
DNAH17-AS1,,1.0,1.0,0.0,False,LSEC
DNAJC27-AS1,0.013364087762290776,0.6841545341288461,1.0,15.876505,False,LSEC
DNAJC9-AS1,,1.0,1.0,0.0,False,LSEC
DNM1P35,0.042597137568529855,0.19456916675389466,1.0,13.757381,False,LSEC
DNM3OS,0.02047322586569308,0.5331275520537229,1.0,1.6126596,False,LSEC
DNMBP-AS1,,1.0,1.0,0.0,False,LSEC
DOCK9-AS1,,1.0,1.0,0.0,False,LSEC
DPP10-AS1,-0.027928797407995837,0.39517189286421806,1.0,14.979097,False,LSEC
DPYD-AS1,,1.0,1.0,0.0,False,LSEC
DPYD-AS2,,1.0,1.0,0.0,False,LSEC
DSCAM-AS1,,1.0,1.0,0.0,False,LSEC
DSCR9,,1.0,1.0,0.0,False,LSEC
EAF1-AS1,-0.014480147793623444,0.6593747527498349,1.0,13.67743,False,LSEC
EDNRB-AS1,,1.0,1.0,0.0,False,LSEC
EDRF1-AS1,,1.0,1.0,0.0,False,LSEC
EFCAB14-AS1,,1.0,1.0,0.0,False,LSEC
EGOT,0.02930686654256608,0.37226019358309476,1.0,14.729201,False,LSEC
ELFN2,,1.0,1.0,0.0,False,LSEC
ELMO1-AS1,,1.0,1.0,0.0,False,LSEC
ENO1-AS1,-0.023751994677162963,0.4696330333519414,1.0,14.453403,False,LSEC
ENTPD1-AS1,-0.01845707697567804,0.5742162148850817,1.0,2.9463525,False,LSEC
ENTPD3-AS1,0.05528223088950371,0.09218280440574196,1.0,3.284616,False,LSEC
EPB41L4A-AS1,0.055677447333359914,0.08987607887738623,1.0,1.2845234,False,LSEC
EPHA1-AS1,0.0035561911929741646,0.9138010781568597,1.0,15.683172,False,LSEC
EPN2-AS1,,1.0,1.0,0.0,False,LSEC
EXTL3-AS1,,1.0,1.0,0.0,False,LSEC
EZR-AS1,,1.0,1.0,0.0,False,LSEC
FAM106A,-0.02608557612727609,0.42711392039677565,1.0,14.965286,False,LSEC
FAM138B,,1.0,1.0,0.0,False,LSEC
FAM13A-AS1,0.029375359459581796,0.3711432984820239,1.0,15.380104,False,LSEC
FAM182B,-0.02740578572629675,0.40408561188780123,1.0,14.70855,False,LSEC
FAM201A,0.05544972217972421,0.09119949073504578,1.0,13.710762,False,LSEC
FAM215A,,1.0,1.0,0.0,False,LSEC
FAM218A,,1.0,1.0,0.0,False,LSEC
FAM222A-AS1,,1.0,1.0,0.0,False,LSEC
FAM224B,,1.0,1.0,0.0,False,LSEC
FAM225A,,1.0,1.0,0.0,False,LSEC
FAM225B,,1.0,1.0,0.0,False,LSEC
FAM230A,-0.04223211148477817,0.19842406920049063,1.0,14.163675,False,LSEC
FAM230C,-0.009010487264127802,0.7838763948134726,1.0,14.921886,False,LSEC
FAM27E3,0.04720006012767484,0.15057637333264015,1.0,3.069573,False,LSEC
FAM41C,0.03891460471369088,0.23603734797472367,1.0,14.326258,False,LSEC
FAM53B-AS1,0.00031990749246502836,0.9922307273142745,1.0,15.0029955,False,LSEC
FAM66B,0.016524751642964172,0.6149485124764213,1.0,13.683791,False,LSEC
FAM66C,0.05584299454908091,0.08892373329749392,1.0,15.245472,False,LSEC
FAM66D,,1.0,1.0,0.0,False,LSEC
FAM66E,0.000734433406353963,0.9821647535563918,1.0,13.263834,False,LSEC
FAM74A4,0.017816356042731126,0.5875804676996612,1.0,15.002636,False,LSEC
FAM74A6,0.0008028018243494193,0.9805047860226879,1.0,13.456497,False,LSEC
FAM83A-AS1,-0.03415115339545928,0.2984272565953763,1.0,14.05776,False,LSEC
FAM83C-AS1,,1.0,1.0,0.0,False,LSEC
FAM85B,0.02785443492794054,0.3964319708377377,1.0,15.028961,False,LSEC
FAM87A,,1.0,1.0,0.0,False,LSEC
FAM87B,,1.0,1.0,0.0,False,LSEC
FAM99B,-0.006328076990726426,0.8472574602238203,1.0,15.034355,False,LSEC
FARP1-AS1,,1.0,1.0,0.0,False,LSEC
FBXL19-AS1,0.012285390751572402,0.7084321820630765,1.0,15.407343,False,LSEC
FENDRR,,1.0,1.0,0.0,False,LSEC
FGD5-AS1,0.034599200797859476,0.29212931630361466,1.0,0.8116642,False,LSEC
FGF13-AS1,-0.04063864848491929,0.2159054883530506,1.0,14.269407,False,LSEC
FGF14-AS2,0.000336122303881226,0.9918369478251866,1.0,15.366959,False,LSEC
FLG-AS1,,1.0,1.0,0.0,False,LSEC
FLNB-AS1,,1.0,1.0,0.0,False,LSEC
FOXD2-AS1,,1.0,1.0,0.0,False,LSEC
FOXN3-AS1,0.0439716694719322,0.18054534246931986,1.0,14.914574,False,LSEC
FOXN3-AS2,,1.0,1.0,0.0,False,LSEC
FOXP1-AS1,,1.0,1.0,0.0,False,LSEC
FRY-AS1,0.026512968378328432,0.41957664672958056,1.0,13.435227,False,LSEC
FTX,0.014982751332616449,0.6483342151747765,1.0,1.2076771,False,LSEC
GAS5-AS1,0.001746143719545954,0.957612413774198,1.0,14.171194,False,LSEC
GAS6-AS1,,1.0,1.0,0.0,False,LSEC
GATA3-AS1,,1.0,1.0,0.0,False,LSEC
GATA6-AS1,-0.024144445027023027,0.4623230580913036,1.0,16.38773,False,LSEC
GDNF-AS1,0.06892070539558445,0.03569908938185947,1.0,14.7125,False,LSEC
GFOD1-AS1,,1.0,1.0,0.0,False,LSEC
GGNBP1,,1.0,1.0,0.0,False,LSEC
GHRLOS,-0.024052466569018906,0.46403058571150213,1.0,14.235965,False,LSEC
GK-AS1,,1.0,1.0,0.0,False,LSEC
GNAS-AS1,-0.033906342260007966,0.30190638863362435,1.0,13.564833,False,LSEC
GNG12-AS1,0.017574047661086008,0.5926717479349841,1.0,2.3881907,False,LSEC
GOLGA8M,,1.0,1.0,0.0,False,LSEC
GPR158-AS1,,1.0,1.0,0.0,False,LSEC
GRIK1-AS1,0.0461489361280554,0.15988703104869942,1.0,14.014385,False,LSEC
GRM7-AS1,,1.0,1.0,0.0,False,LSEC
GRPEL2-AS1,,1.0,1.0,0.0,False,LSEC
GS1-24F4.2,,1.0,1.0,0.0,False,LSEC
GS1-279B7.1,,1.0,1.0,0.0,False,LSEC
GSN-AS1,-0.05226717741885704,0.11138000959569573,1.0,13.147297,False,LSEC
GTSCR1,,1.0,1.0,0.0,False,LSEC
HAND2-AS1,-0.030078967099724466,0.35979027695906973,1.0,14.236885,False,LSEC
HAR1A,,1.0,1.0,0.0,False,LSEC
HAR1B,,1.0,1.0,0.0,False,LSEC
HAS2-AS1,,1.0,1.0,0.0,False,LSEC
HCFC1-AS1,,1.0,1.0,0.0,False,LSEC
HCG11,0.020287002890341972,0.5368596313908514,1.0,1.9557343,False,LSEC
HCG14,,1.0,1.0,0.0,False,LSEC
HCG15,,1.0,1.0,0.0,False,LSEC
HCG17,,1.0,1.0,0.0,False,LSEC
HCG18,0.03766358682333938,0.2514524370453294,1.0,1.4510387,False,LSEC
HCG20,,1.0,1.0,0.0,False,LSEC
HCG21,,1.0,1.0,0.0,False,LSEC
HCG22,,1.0,1.0,0.0,False,LSEC
HCG24,,1.0,1.0,0.0,False,LSEC
HCG25,0.0396918943791672,0.22680247941637696,1.0,13.7201,False,LSEC
HCG27,0.01771049622092861,0.5898022639306355,1.0,15.009907,False,LSEC
HCG9,0.041467715878686064,0.20667660198541973,1.0,13.895652,False,LSEC
HDAC11-AS1,0.013709423585273977,0.6764491757064709,1.0,13.12884,False,LSEC
HEXA-AS1,-0.019168252759278435,0.5595528575863365,1.0,14.797695,False,LSEC
HHIP-AS1,0.025745302664008058,0.43317073723379956,1.0,14.262121,False,LSEC
HIF1A-AS1,-0.012778643716380296,0.6972922894126962,1.0,13.764215,False,LSEC
HLA-DQB1-AS1,,1.0,1.0,0.0,False,LSEC
HM13-AS1,-0.04703754971575965,0.15198826155173725,1.0,14.243301,False,LSEC
HMGA1P4,0.006218125451081246,0.8498796222280219,1.0,14.484428,False,LSEC
HMGN3-AS1,-0.009529377707435185,0.7717655831069042,1.0,2.021046,False,LSEC
HNF1A-AS1,,1.0,1.0,0.0,False,LSEC
HNF4A-AS1,0.05189996071568005,0.11391906669060686,1.0,13.871101,False,LSEC
HOTAIRM1,0.03506142102537932,0.28572622957404475,1.0,0.9824462,False,LSEC
HOTTIP,,1.0,1.0,0.0,False,LSEC
HOXA-AS2,-0.03863121103388901,0.23946947962033738,1.0,3.7765377,False,LSEC
HOXA-AS3,,1.0,1.0,0.0,False,LSEC
HOXA10-AS,,1.0,1.0,0.0,False,LSEC
HOXA11-AS,,1.0,1.0,0.0,False,LSEC
HOXB-AS1,0.04688892129100342,0.1532883332354813,1.0,3.3365855,False,LSEC
HOXB-AS2,-0.0097639420211341,0.766308867970451,1.0,13.882696,False,LSEC
HOXB-AS3,-0.021238720550168184,0.5179251860008075,1.0,14.6090145,False,LSEC
HOXC-AS2,,1.0,1.0,0.0,False,LSEC
HOXD-AS2,,1.0,1.0,0.0,False,LSEC
HULC,-0.005579920112599056,0.8651316242716994,1.0,14.845436,False,LSEC
HYI-AS1,-0.029254930686432864,0.3731084822259006,1.0,13.591297,False,LSEC
IDH1-AS1,-0.05485836315174567,0.09470927197441,1.0,13.8424835,False,LSEC
IDI2-AS1,-0.000492226864870445,0.9880460373053798,1.0,14.749855,False,LSEC
IFNG-AS1,,1.0,1.0,0.0,False,LSEC
IGBP1-AS1,-0.050920716173874774,0.12091255227914005,1.0,14.229844,False,LSEC
IGBP1-AS2,,1.0,1.0,0.0,False,LSEC
IGFBP7-AS1,0.043331570974883826,0.1869798597433067,1.0,13.500692,False,LSEC
IL12A-AS1,,1.0,1.0,0.0,False,LSEC
IL20RB-AS1,,1.0,1.0,0.0,False,LSEC
IL21-AS1,,1.0,1.0,0.0,False,LSEC
IL21R-AS1,0.007189850341540717,0.8267662462826516,1.0,13.765072,False,LSEC
INHBA-AS1,0.024526001157648605,0.45527719370179087,1.0,14.11182,False,LSEC
INTS6-AS1,0.02015742247765262,0.5394642577746801,1.0,3.153231,False,LSEC
IPO9-AS1,0.06284494114139115,0.055518461952976175,1.0,14.410172,False,LSEC
IQCH-AS1,-0.02814628469861815,0.39150045109987,1.0,16.04339,False,LSEC
ISM1-AS1,,1.0,1.0,0.0,False,LSEC
ITCH-AS1,0.06490148694909159,0.047975331427952184,1.0,14.60754,False,LSEC
ITGB2-AS1,-0.0010722481549897609,0.9739635876998559,1.0,14.139509,False,LSEC
ITIH4-AS1,,1.0,1.0,0.0,False,LSEC
ITPK1-AS1,-0.04284194870398118,0.1920147235523269,1.0,14.200237,False,LSEC
ITPKB-AS1,0.029870793315948985,0.36312634671489724,1.0,14.829923,False,LSEC
JARID2-AS1,0.0001685303854478258,0.995907024760824,1.0,14.689492,False,LSEC
JAZF1-AS1,,1.0,1.0,0.0,False,LSEC
JMJD1C-AS1,0.011326513877371052,0.7302652190502348,1.0,14.550661,False,LSEC
JPX,0.009773485752346496,0.7660870930909335,1.0,1.1122347,False,LSEC
KANSL1-AS1,-0.032862435177429976,0.3170432923703338,1.0,2.7170308,False,LSEC
KBTBD11-OT1,0.04791528696428016,0.1444809033532517,1.0,15.151954,False,LSEC
KCNIP2-AS1,0.026546373142086695,0.41899084505025874,1.0,13.91173,False,LSEC
KCNJ2-AS1,0.003098707662600139,0.9248548595137009,1.0,14.497454,False,LSEC
KCNQ1-AS1,,1.0,1.0,0.0,False,LSEC
KCNQ1OT1,0.06083604009055805,0.0638146489962381,1.0,1.2737502,False,LSEC
KCNQ5-AS1,,1.0,1.0,0.0,False,LSEC
KCTD21-AS1,0.028381502997946343,0.38755304290930703,1.0,14.8274975,False,LSEC
KDM4A-AS1,0.009490421102111032,0.7726729387469801,1.0,15.194001,False,LSEC
KIAA0087,,1.0,1.0,0.0,False,LSEC
KIF25-AS1,,1.0,1.0,0.0,False,LSEC
KIF9-AS1,-0.034097468948456604,0.2991878953404752,1.0,14.629784,False,LSEC
KLHL6-AS1,0.03152852668809654,0.337096189554074,1.0,14.753498,False,LSEC
KMT2E-AS1,0.02138309681500123,0.5150832414475769,1.0,1.7697875,False,LSEC
KRTAP5-AS1,,1.0,1.0,0.0,False,LSEC
KTN1-AS1,0.05636133834085805,0.08599424921852694,1.0,14.386759,False,LSEC
LAMTOR5-AS1,-0.056761603626852494,0.08378578293328207,1.0,13.898307,False,LSEC
LATS2-AS1,0.026958644818812293,0.4118006914461295,1.0,15.454018,False,LSEC
LBX2-AS1,-0.021507610323007856,0.5126387913808651,1.0,16.197147,False,LSEC
LDLRAD4-AS1,0.05581693888290119,0.08907308351336302,1.0,13.424568,False,LSEC
LEMD1-AS1,-0.07204867794386248,0.028098710251998827,1.0,15.584664,False,LSEC
LENG8-AS1,0.013745987762362747,0.6756352912587373,1.0,16.048649,False,LSEC
LGALS8-AS1,0.025460358086937387,0.43828065590225784,1.0,12.92005,False,LSEC
LIFR-AS1,0.036572743510073086,0.2654548105331423,1.0,2.0604827,False,LSEC
LIMD1-AS1,0.02630460965413169,0.4232413592830666,1.0,14.736887,False,LSEC
LINC-PINT,-0.0784153026703297,0.016824387278796236,0.980307525871141,1.2691796,False,LSEC
LINC-ROR,,1.0,1.0,0.0,False,LSEC
LINC00092,0.04389091418469991,0.18134795426981104,1.0,2.233233,False,LSEC
LINC00102,,1.0,1.0,0.0,False,LSEC
LINC00106,0.012941608768392041,0.6936259289255751,1.0,13.504978,False,LSEC
LINC00114,,1.0,1.0,0.0,False,LSEC
LINC00115,0.003295300132346915,0.9201028635473463,1.0,15.50386,False,LSEC
LINC00158,,1.0,1.0,0.0,False,LSEC
LINC00159,,1.0,1.0,0.0,False,LSEC
LINC00161,,1.0,1.0,0.0,False,LSEC
LINC00174,0.037715307456467506,0.2508015560392709,1.0,15.277529,False,LSEC
LINC00184,,1.0,1.0,0.0,False,LSEC
LINC00200,,1.0,1.0,0.0,False,LSEC
LINC00205,-0.011072601815238212,0.7360842352160278,1.0,3.0989943,False,LSEC
LINC00221,,1.0,1.0,0.0,False,LSEC
LINC00222,0.027191602526176063,0.40777035016315677,1.0,15.227861,False,LSEC
LINC00226,,1.0,1.0,0.0,False,LSEC
LINC00237,,1.0,1.0,0.0,False,LSEC
LINC00240,0.024781489160415768,0.45059325883483864,1.0,13.504635,False,LSEC
LINC00242,,1.0,1.0,0.0,False,LSEC
LINC00261,0.004233019438572859,0.897478564407942,1.0,14.358917,False,LSEC
LINC00265,0.007638735798245333,0.8161382071502677,1.0,13.694424,False,LSEC
LINC00276,-0.019829701971557,0.5460796632927927,1.0,13.833562,False,LSEC
LINC00278,-0.012730179043468693,0.6983840069886892,1.0,14.320098,False,LSEC
LINC00298,,1.0,1.0,0.0,False,LSEC
LINC00299,-0.023012246732424177,0.48358374793100456,1.0,13.957405,False,LSEC
LINC00304,,1.0,1.0,0.0,False,LSEC
LINC00305,0.02692922489964531,0.4123113504395603,1.0,13.002792,False,LSEC
LINC00309,,1.0,1.0,0.0,False,LSEC
LINC00310,,1.0,1.0,0.0,False,LSEC
LINC00311,0.07507261330664905,0.022118608109337454,0.980307525871141,14.791305,False,LSEC
LINC00313,0.03932665726272421,0.23110926092586864,1.0,15.59042,False,LSEC
LINC00315,0.03843534826585741,0.2418619790889892,1.0,13.067205,False,LSEC
LINC00319,,1.0,1.0,0.0,False,LSEC
LINC00322,,1.0,1.0,0.0,False,LSEC
LINC00323,0.02435870797740644,0.45835899567028926,1.0,13.316828,False,LSEC
LINC00324,0.009109462432785747,0.7815621947110453,1.0,16.896385,False,LSEC
LINC00327,,1.0,1.0,0.0,False,LSEC
LINC00330,,1.0,1.0,0.0,False,LSEC
LINC00332,,1.0,1.0,0.0,False,LSEC
LINC00333,,1.0,1.0,0.0,False,LSEC
LINC00334,,1.0,1.0,0.0,False,LSEC
LINC00336,,1.0,1.0,0.0,False,LSEC
LINC00339,0.06189196063718599,0.05933481356562393,1.0,16.537436,False,LSEC
LINC00342,0.07547934326395617,0.021405312843180226,0.980307525871141,3.110509,False,LSEC
LINC00355,,1.0,1.0,0.0,False,LSEC
LINC00359,,1.0,1.0,0.0,False,LSEC
LINC00379,,1.0,1.0,0.0,False,LSEC
LINC00381,,1.0,1.0,0.0,False,LSEC
LINC00384,,1.0,1.0,0.0,False,LSEC
LINC00393,,1.0,1.0,0.0,False,LSEC
LINC00398,,1.0,1.0,0.0,False,LSEC
LINC00399,,1.0,1.0,0.0,False,LSEC
LINC00402,,1.0,1.0,0.0,False,LSEC
LINC00407,0.028395618824747476,0.3873169256493654,1.0,14.13841,False,LSEC
LINC00412,,1.0,1.0,0.0,False,LSEC
LINC00426,,1.0,1.0,0.0,False,LSEC
LINC00427,0.007833956334442274,0.8115264589172182,1.0,13.921177,False,LSEC
LINC00449,,1.0,1.0,0.0,False,LSEC
LINC00461,,1.0,1.0,0.0,False,LSEC
LINC00462,,1.0,1.0,0.0,False,LSEC
LINC00469,,1.0,1.0,0.0,False,LSEC
LINC00470,,1.0,1.0,0.0,False,LSEC
LINC00472,0.02950754766950236,0.36899361933504066,1.0,2.1268675,False,LSEC
LINC00479,,1.0,1.0,0.0,False,LSEC
LINC00482,-0.0032248167877270183,0.9218062550111166,1.0,13.8211,False,LSEC
LINC00484,,1.0,1.0,0.0,False,LSEC
LINC00485,,1.0,1.0,0.0,False,LSEC
LINC00486,,1.0,1.0,0.0,False,LSEC
LINC00487,-0.03307558431355824,0.3139128880198283,1.0,13.840877,False,LSEC
LINC00491,0.0006120278386283026,0.9851369170020209,1.0,14.101553,False,LSEC
LINC00494,,1.0,1.0,0.0,False,LSEC
LINC00500,,1.0,1.0,0.0,False,LSEC
LINC00501,0.031947853176397395,0.33070645393954345,1.0,13.929936,False,LSEC
LINC00504,0.00836577885007256,0.7989965887048613,1.0,14.717236,False,LSEC
LINC00507,,1.0,1.0,0.0,False,LSEC
LINC00511,0.005134149581896286,0.8758149522049421,1.0,14.055796,False,LSEC
LINC00525,,1.0,1.0,0.0,False,LSEC
LINC00526,-0.051297971029353254,0.11817960054277285,1.0,15.348162,False,LSEC
LINC00528,0.02116396954680199,0.5193997817124387,1.0,15.713682,False,LSEC
LINC00534,,1.0,1.0,0.0,False,LSEC
LINC00543,,1.0,1.0,0.0,False,LSEC
LINC00544,,1.0,1.0,0.0,False,LSEC
LINC00545,,1.0,1.0,0.0,False,LSEC
LINC00551,-0.028153280576901914,0.3913826966087579,1.0,12.967787,False,LSEC
LINC00562,-0.03453914634315434,0.29296825416205374,1.0,15.4787855,False,LSEC
LINC00563,0.05153274401250307,0.11650340463900559,1.0,12.779457,False,LSEC
LINC00570,,1.0,1.0,0.0,False,LSEC
LINC00571,-0.014529343270052661,0.658290763979453,1.0,14.090008,False,LSEC
LINC00574,,1.0,1.0,0.0,False,LSEC
LINC00578,,1.0,1.0,0.0,False,LSEC
LINC00582,,1.0,1.0,0.0,False,LSEC
LINC00592,,1.0,1.0,0.0,False,LSEC
LINC00595,,1.0,1.0,0.0,False,LSEC
LINC00598,-0.012730179043468693,0.6983840069886892,1.0,13.483024,False,LSEC
LINC00601,,1.0,1.0,0.0,False,LSEC
LINC00604,,1.0,1.0,0.0,False,LSEC
LINC00607,,1.0,1.0,0.0,False,LSEC
LINC00608,,1.0,1.0,0.0,False,LSEC
LINC00621,,1.0,1.0,0.0,False,LSEC
LINC00623,0.05189996071568005,0.11391906669060686,1.0,13.871101,False,LSEC
LINC00629,,1.0,1.0,0.0,False,LSEC
LINC00630,0.005311957078977097,0.8715507996665778,1.0,16.790724,False,LSEC
LINC00632,0.004774116654926981,0.8844601119242287,1.0,14.033674,False,LSEC
LINC00636,,1.0,1.0,0.0,False,LSEC
LINC00638,0.012237515461675343,0.7095167925434905,1.0,13.781481,False,LSEC
LINC00639,0.05618415558607817,0.0869867356458762,1.0,13.468271,False,LSEC
LINC00640,-0.03402874782773362,0.3001634675417621,1.0,13.394859,False,LSEC
LINC00642,-0.014263794312918477,0.6641504103093306,1.0,14.240595,False,LSEC
LINC00648,,1.0,1.0,0.0,False,LSEC
LINC00649,0.04360387137213734,0.18422222158944768,1.0,14.4841,False,LSEC
LINC00654,-0.0050714555567944975,0.877319336125548,1.0,14.895075,False,LSEC
LINC00656,,1.0,1.0,0.0,False,LSEC
LINC00659,,1.0,1.0,0.0,False,LSEC
LINC00662,0.07634686099048624,0.019950438809152836,0.980307525871141,2.318837,False,LSEC
LINC00663,-0.032573549042304785,0.321318517973653,1.0,14.694548,False,LSEC
LINC00664,0.05398085536701629,0.100115626540119,1.0,14.238907,False,LSEC
LINC00665,0.033688430956597556,0.3050258174962198,1.0,3.322877,False,LSEC
LINC00667,-0.039905186452234995,0.22431398419817966,1.0,1.3784235,False,LSEC
LINC00671,0.032451303035307764,0.323138903101262,1.0,15.792786,False,LSEC
LINC00677,,1.0,1.0,0.0,False,LSEC
LINC00678,,1.0,1.0,0.0,False,LSEC
LINC00682,,1.0,1.0,0.0,False,LSEC
LINC00683,0.006609900657185667,0.8405442042180146,1.0,13.022437,False,LSEC
LINC00685,-0.007824743238802103,0.8117439570194107,1.0,1.4172508,False,LSEC
LINC00686,,1.0,1.0,0.0,False,LSEC
LINC00687,,1.0,1.0,0.0,False,LSEC
LINC00691,,1.0,1.0,0.0,False,LSEC
LINC00692,,1.0,1.0,0.0,False,LSEC
LINC00702,0.0291325251187072,0.37511250294209236,1.0,13.1504,False,LSEC
LINC00707,,1.0,1.0,0.0,False,LSEC
LINC00838,,1.0,1.0,0.0,False,LSEC
LINC00839,0.0615798023397254,0.06063119598414645,1.0,14.861341,False,LSEC
LINC00842,0.07716126192413342,0.01866384631672472,0.980307525871141,14.332394,False,LSEC
LINC00844,-0.011693359298470048,0.7218854442189868,1.0,14.367594,False,LSEC
LINC00847,0.029004569972840188,0.3772144654591376,1.0,17.159817,False,LSEC
LINC00852,-0.03510421567694561,0.2851382269771829,1.0,13.77779,False,LSEC
LINC00853,0.00420552394723852,0.8981408548132996,1.0,14.770062,False,LSEC
LINC00861,0.02991496198433152,0.36241691518732777,1.0,13.697653,False,LSEC
LINC00862,,1.0,1.0,0.0,False,LSEC
LINC00863,0.0020456126838706993,0.9503515019652705,1.0,16.437403,False,LSEC
LINC00865,0.008198884792830874,0.802923257657088,1.0,15.513172,False,LSEC
LINC00867,,1.0,1.0,0.0,False,LSEC
LINC00868,,1.0,1.0,0.0,False,LSEC
LINC00869,,1.0,1.0,0.0,False,LSEC
LINC00870,0.07620539454061288,0.02018163726659051,0.980307525871141,14.664987,False,LSEC
LINC00871,,1.0,1.0,0.0,False,LSEC
LINC00877,-0.02777627194586017,0.3977590556107168,1.0,14.3169155,False,LSEC
LINC00880,0.02937733625415852,0.37111109429352823,1.0,14.023771,False,LSEC
LINC00881,,1.0,1.0,0.0,False,LSEC
LINC00882,,1.0,1.0,0.0,False,LSEC
LINC00885,,1.0,1.0,0.0,False,LSEC
LINC00886,0.05189996071568005,0.11391906669060686,1.0,13.871101,False,LSEC
LINC00887,-0.0238690857065038,0.46744538550943,1.0,13.000137,False,LSEC
LINC00896,-0.002607894082443028,0.9367300364832422,1.0,13.666153,False,LSEC
LINC00900,,1.0,1.0,0.0,False,LSEC
LINC00907,0.03208671741240884,0.3286077873104167,1.0,15.46763,False,LSEC
LINC00910,0.047453349943453633,0.14839572934984274,1.0,2.62449,False,LSEC
LINC00920,0.0012573364681259726,0.9694712880970315,1.0,2.98781,False,LSEC
LINC00923,0.03855775383358306,0.2403648125636831,1.0,13.282211,False,LSEC
LINC00924,0.04041254486760297,0.21847304725447309,1.0,3.512782,False,LSEC
LINC00926,-0.00116851420174482,0.971626991556507,1.0,14.580984,False,LSEC
LINC00929,,1.0,1.0,0.0,False,LSEC
LINC00937,0.020419099269281954,0.5342109469975064,1.0,13.312558,False,LSEC
LINC00938,0.015115446486940676,0.6454320483857031,1.0,1.7003012,False,LSEC
LINC00939,,1.0,1.0,0.0,False,LSEC
LINC00940,,1.0,1.0,0.0,False,LSEC
LINC00941,0.017350848068527335,0.5973793119484618,1.0,13.71332,False,LSEC
LINC00943,,1.0,1.0,0.0,False,LSEC
LINC00944,,1.0,1.0,0.0,False,LSEC
LINC00951,,1.0,1.0,0.0,False,LSEC
LINC00954,-0.07127815302687404,0.02982843627524491,1.0,14.026766,False,LSEC
LINC00957,0.036083760680459744,0.2719023985572231,1.0,14.377974,False,LSEC
LINC00958,0.05557212774744987,0.09048620663574654,1.0,13.298092,False,LSEC
LINC00960,0.04661266070116062,0.1557272278388263,1.0,14.698957,False,LSEC
LINC00964,-0.0076126615012469855,0.8167546527073523,1.0,14.944118,False,LSEC
LINC00968,,1.0,1.0,0.0,False,LSEC
LINC00970,,1.0,1.0,0.0,False,LSEC
LINC00971,,1.0,1.0,0.0,False,LSEC
LINC00987,0.05655829740482098,0.0849017279723751,1.0,16.160229,False,LSEC
LINC00989,,1.0,1.0,0.0,False,LSEC
LINC00992,,1.0,1.0,0.0,False,LSEC
LINC00996,-0.045800161023653974,0.16307056009326482,1.0,13.8392725,False,LSEC
LINC01001,0.016011604497944757,0.6259749624688512,1.0,14.077297,False,LSEC
LINC01003,0.05108729300371459,0.11969979133887901,1.0,1.9796879,False,LSEC
LINC01004,0.01004153796003417,0.7598660409771142,1.0,14.7055025,False,LSEC
LINC01010,,1.0,1.0,0.0,False,LSEC
LINC01011,0.06691020406884274,0.041457100356159196,1.0,15.601648,False,LSEC
LINC01013,,1.0,1.0,0.0,False,LSEC
LINC01018,,1.0,1.0,0.0,False,LSEC
LINC01023,-0.027312445658817706,0.4056889521758932,1.0,15.274118,False,LSEC
LINC01030,,1.0,1.0,0.0,False,LSEC
LINC01031,0.0047304901739939195,0.8855086315842187,1.0,13.5779,False,LSEC
LINC01036,,1.0,1.0,0.0,False,LSEC
LINC01048,,1.0,1.0,0.0,False,LSEC
LINC01050,,1.0,1.0,0.0,False,LSEC
LINC01054,,1.0,1.0,0.0,False,LSEC
LINC01058,,1.0,1.0,0.0,False,LSEC
LINC01063,0.02566099754762935,0.43467898781142555,1.0,14.9585495,False,LSEC
LINC01068,,1.0,1.0,0.0,False,LSEC
LINC01072,,1.0,1.0,0.0,False,LSEC
LINC01085,,1.0,1.0,0.0,False,LSEC
LINC01087,-0.05532731661199855,0.09191728102877633,1.0,13.916584,False,LSEC
LINC01088,0.03945213517198807,0.22962316409822695,1.0,13.821703,False,LSEC
LINC01090,,1.0,1.0,0.0,False,LSEC
LINC01091,-0.00509907800649248,0.8766564626238219,1.0,13.926706,False,LSEC
LINC01093,,1.0,1.0,0.0,False,LSEC
LINC01094,0.03301602135707533,0.31478560561598223,1.0,14.89249,False,LSEC
LINC01095,,1.0,1.0,0.0,False,LSEC
LINC01099,-0.020865882509470503,0.5253015162337608,1.0,15.715002,False,LSEC
LINC01102,,1.0,1.0,0.0,False,LSEC
LINC01104,,1.0,1.0,0.0,False,LSEC
LINC01106,0.008182546828654493,0.8033079246719151,1.0,14.732222,False,LSEC
LINC01111,,1.0,1.0,0.0,False,LSEC
LINC01114,,1.0,1.0,0.0,False,LSEC
LINC01115,,1.0,1.0,0.0,False,LSEC
LINC01116,0.02672797907784865,0.41581453283572456,1.0,2.9381583,False,LSEC
LINC01117,,1.0,1.0,0.0,False,LSEC
LINC01118,-0.00972348498539703,0.7672492107216836,1.0,14.134766,False,LSEC
LINC01119,-0.024341525543168728,0.4586761830546766,1.0,14.803674,False,LSEC
LINC01122,-0.0015912723804335867,0.96136883375434,1.0,13.693014,False,LSEC
LINC01123,,1.0,1.0,0.0,False,LSEC
LINC01124,0.01750399618476945,0.5941473938352032,1.0,13.178658,False,LSEC
LINC01132,,1.0,1.0,0.0,False,LSEC
LINC01133,,1.0,1.0,0.0,False,LSEC
LINC01134,0.024591352399793952,0.45407649251989096,1.0,14.513945,False,LSEC
LINC01135,-0.022889841164698513,0.48591362095345986,1.0,13.320223,False,LSEC
LINC01138,,1.0,1.0,0.0,False,LSEC
LINC01140,,1.0,1.0,0.0,False,LSEC
LINC01149,,1.0,1.0,0.0,False,LSEC
LINC01150,,1.0,1.0,0.0,False,LSEC
LINC01151,-0.05030868833524647,0.1254509908545161,1.0,14.135675,False,LSEC
LINC01152,,1.0,1.0,0.0,False,LSEC
LINC01160,,1.0,1.0,0.0,False,LSEC
LINC01166,-0.007840356577005629,0.8113753737745075,1.0,15.546357,False,LSEC
LIPE-AS1,0.00993872638916114,0.7622503203448127,1.0,3.316975,False,LSEC
LL22NC03-63E9.3,-0.004284194870398118,0.8962460798706297,1.0,14.164299,False,LSEC
LMCD1-AS1,-0.026936688718280977,0.4121817610391812,1.0,14.344503,False,LSEC
LMLN-AS1,,1.0,1.0,0.0,False,LSEC
LOH12CR2,-0.0012434673095960043,0.969807876281377,1.0,15.525192,False,LSEC
LOXL1-AS1,0.05773834244923836,0.07858871827704003,1.0,14.248737,False,LSEC
LPP-AS1,,1.0,1.0,0.0,False,LSEC
LPP-AS2,0.01833546990665935,0.5767416366940286,1.0,15.115578,False,LSEC
LRP4-AS1,,1.0,1.0,0.0,False,LSEC
LUCAT1,0.009460533031188245,0.7733692855902952,1.0,14.4681225,False,LSEC
LY86-AS1,,1.0,1.0,0.0,False,LSEC
MAFG-AS1,,1.0,1.0,0.0,False,LSEC
MALAT1,0.0750466454816586,0.022164841640284757,0.980307525871141,0.053634882,False,LSEC
MAMDC2-AS1,0.015667912668884548,0.6334073527429284,1.0,14.119425,False,LSEC
MAP3K14-AS1,,1.0,1.0,0.0,False,LSEC
MAPKAPK5-AS1,-0.07473921866364876,0.022718598513815552,0.980307525871141,1.5618443,False,LSEC
MAST4-AS1,-0.061748809873558554,0.059926434357395454,1.0,14.784116,False,LSEC
MATN1-AS1,-0.037456103724052114,0.25407534085001227,1.0,13.739846,False,LSEC
MBNL1-AS1,-0.03856040244419818,0.2403324891100397,1.0,13.82065,False,LSEC
MCCC1-AS1,-0.0008568389740796236,0.9791928372545486,1.0,13.47094,False,LSEC
MCF2L-AS1,-0.008470994401518868,0.7965236851212932,1.0,15.514666,False,LSEC
MCM3AP-AS1,0.023674403495560874,0.4710858002199948,1.0,13.87311,False,LSEC
MDC1-AS1,,1.0,1.0,0.0,False,LSEC
MDS2,-0.008813200876247556,0.7884949495914444,1.0,13.326448,False,LSEC
MED4-AS1,,1.0,1.0,0.0,False,LSEC
MEF2C-AS1,-0.01144596870108264,0.7275329488295499,1.0,15.403397,False,LSEC
MEG3,-0.0629768230384832,0.055006771619352364,1.0,0.8435746,False,LSEC
MEG8,-0.02841798003806043,0.3869430660430291,1.0,16.945496,False,LSEC
MEG9,0.01727640497894894,0.5989531774429971,1.0,15.566574,False,LSEC
MEIS1-AS2,0.02718129818971025,0.4079481252155607,1.0,16.905083,False,LSEC
MIAT,0.06215974150637305,0.058241107301463424,1.0,2.5397282,False,LSEC
MID1IP1-AS1,,1.0,1.0,0.0,False,LSEC
MIMT1,0.03476318123408758,0.2898467855069059,1.0,13.835842,False,LSEC
MIR155HG,0.07940858127766748,0.015482175382194098,0.980307525871141,14.231363,False,LSEC
MIR181A1HG,-1.5319254329672082e-05,0.999627950765256,1.0,15.745303,False,LSEC
MIR181A2HG,0.05496009990882157,0.09409787266684709,1.0,13.492676,False,LSEC
MIR202HG,,1.0,1.0,0.0,False,LSEC
MIR210HG,0.012646688488205746,0.7002661799558437,1.0,15.539398,False,LSEC
MIR22HG,0.016282052946603214,0.6201529786427441,1.0,0.831126,False,LSEC
MIR4458HG,-0.020453563510391272,0.5335209843371447,1.0,1.8685269,False,LSEC
MIR4500HG,,1.0,1.0,0.0,False,LSEC
MIR497HG,0.018823671735591112,0.5666349188474917,1.0,14.6140785,False,LSEC
MIR503HG,0.027978157474693968,0.3943368190589267,1.0,0.88394415,False,LSEC
MIS18A-AS1,0.009073002968407918,0.7824144527406044,1.0,13.241831,False,LSEC
MKNK1-AS1,,1.0,1.0,0.0,False,LSEC
MNX1-AS1,,1.0,1.0,0.0,False,LSEC
MNX1-AS2,,1.0,1.0,0.0,False,LSEC
MORC2-AS1,-0.06007458096568655,0.06721537280481073,1.0,2.7189627,False,LSEC
MORF4L2-AS1,-0.012995486052084733,0.6924153750250973,1.0,14.764851,False,LSEC
MPRIP-AS1,0.043571685718718285,0.18454659638520163,1.0,3.4981651,False,LSEC
MRPL23-AS1,,1.0,1.0,0.0,False,LSEC
MTUS2-AS1,,1.0,1.0,0.0,False,LSEC
MYCBP2-AS1,,1.0,1.0,0.0,False,LSEC
MYLK-AS1,0.005583153841296504,0.8650542121897525,1.0,14.055235,False,LSEC
NAALADL2-AS2,,1.0,1.0,0.0,False,LSEC
NALCN-AS1,-0.005508250547654722,0.8668476490232441,1.0,13.362171,False,LSEC
NAPA-AS1,0.006897066359740935,0.8337155887733371,1.0,14.371283,False,LSEC
NAV2-AS2,,1.0,1.0,0.0,False,LSEC
NAV2-AS3,-0.021298568784264928,0.5167461340611534,1.0,13.541594,False,LSEC
NCAM1-AS1,,1.0,1.0,0.0,False,LSEC
NCBP2-AS1,-0.039169781672211364,0.23297679545972486,1.0,13.673256,False,LSEC
NDUFB2-AS1,0.0286694336829631,0.38275413240678086,1.0,14.552574,False,LSEC
NEAT1,0.0759957435636868,0.02052856158566742,0.980307525871141,0.20047915,False,LSEC
NEBL-AS1,,1.0,1.0,0.0,False,LSEC
NEXN-AS1,-0.009267644191032346,0.7778676622354485,1.0,14.501581,False,LSEC
NFE4,,1.0,1.0,0.0,False,LSEC
NFYC-AS1,-0.025105468669178836,0.4446930217798021,1.0,14.377172,False,LSEC
NIFK-AS1,0.03738945075827139,0.2549219563562579,1.0,1.5959928,False,LSEC
NNT-AS1,-0.00760109498743646,0.8170281431757664,1.0,3.5570974,False,LSEC
NOP14-AS1,0.012301651301090644,0.7080639348743268,1.0,13.743206,False,LSEC
NPHP3-AS1,,1.0,1.0,0.0,False,LSEC
NR2F2-AS1,0.0766884086407359,0.019401739312404735,0.980307525871141,1.1840508,False,LSEC
NUCB1-AS1,,1.0,1.0,0.0,False,LSEC
NUTM2A-AS1,0.013623195314697087,0.6783700300192909,1.0,1.3269987,False,LSEC
NXF5,,1.0,1.0,0.0,False,LSEC
ODF2-AS1,0.021665785487441913,0.5095422232823472,1.0,13.108387,False,LSEC
OGFR-AS1,,1.0,1.0,0.0,False,LSEC
OPA1-AS1,,1.0,1.0,0.0,False,LSEC
OR2A1-AS1,0.03810203936681687,0.24597191416280595,1.0,1.5327187,False,LSEC
OSBPL10-AS1,0.0034913642743105186,0.9153664733785735,1.0,2.759404,False,LSEC
OSGEPL1-AS1,-0.027771681721313782,0.39783707344016417,1.0,14.825507,False,LSEC
OSTN-AS1,,1.0,1.0,0.0,False,LSEC
OTX2-AS1,,1.0,1.0,0.0,False,LSEC
OVCH1-AS1,0.02561147728856045,0.4355663337606694,1.0,14.766781,False,LSEC
PAN3-AS1,0.03954307235064728,0.22855040057172066,1.0,15.963082,False,LSEC
PAPPA-AS1,,1.0,1.0,0.0,False,LSEC
PART1,-0.04076105405264495,0.21452457604996095,1.0,13.764215,False,LSEC
PAXBP1-AS1,0.033206791927400905,0.3119960427961318,1.0,14.671438,False,LSEC
PAXIP1-AS2,-0.035288690927597316,0.28261287545277947,1.0,1.7708173,False,LSEC
PCA3,0.00042534055086593546,0.9896703054077368,1.0,15.205427,False,LSEC
PCAT1,-0.06501805547862759,0.047574867878455045,1.0,2.646944,False,LSEC
PCAT6,-0.04745579217139659,0.14837482135886218,1.0,15.231626,False,LSEC
PCAT7,-0.004262221870339061,0.8967752366112048,1.0,14.479252,False,LSEC
PCBP1-AS1,0.09019275999253946,0.005942497713115393,0.641046940802323,2.2203202,False,LSEC
PCCA-AS1,,1.0,1.0,0.0,False,LSEC
PCDH9-AS1,,1.0,1.0,0.0,False,LSEC
PCOLCE-AS1,,1.0,1.0,0.0,False,LSEC
PDCD4-AS1,-0.0005631702644316475,0.9863233010903214,1.0,15.737089,False,LSEC
PEX5L-AS1,,1.0,1.0,0.0,False,LSEC
PGM5-AS1,0.04403930541547593,0.17987515077659755,1.0,14.7428665,False,LSEC
PHKA2-AS1,-0.021665785487441913,0.5095422232823472,1.0,14.06594,False,LSEC
PINK1-AS,-0.018120595670665297,0.5812166790094226,1.0,14.854137,False,LSEC
PITPNA-AS1,0.05131313519997045,0.11807076630655447,1.0,15.692028,False,LSEC
PLCXD2-AS1,,1.0,1.0,0.0,False,LSEC
PLS1-AS1,,1.0,1.0,0.0,False,LSEC
POT1-AS1,0.008690795308521895,0.7913642610679946,1.0,13.665343,False,LSEC
POU6F2-AS1,,1.0,1.0,0.0,False,LSEC
PPP1R26-AS1,-0.05385844979929062,0.10088891990829277,1.0,13.865576,False,LSEC
PRC1-AS1,,1.0,1.0,0.0,False,LSEC
PRICKLE2-AS3,-0.0580441006916752,0.07701673176861494,1.0,13.916584,False,LSEC
PRKAG2-AS1,-0.008334597093373535,0.7997298482153913,1.0,14.390159,False,LSEC
PRKAR2A-AS1,,1.0,1.0,0.0,False,LSEC
PRKCQ-AS1,0.09448778821738972,0.003945151622022263,0.641046940802323,15.961567,False,LSEC
PRKG1-AS1,,1.0,1.0,0.0,False,LSEC
PRKX-AS1,,1.0,1.0,0.0,False,LSEC
PRMT5-AS1,,1.0,1.0,0.0,False,LSEC
PROSER2-AS1,,1.0,1.0,0.0,False,LSEC
PROX1-AS1,0.05189996071568005,0.11391906669060686,1.0,14.954826,False,LSEC
PRR7-AS1,-0.030234175228238142,0.35731555082019417,1.0,13.619877,False,LSEC
PRRT3-AS1,0.0020400490980833916,0.9504863607886316,1.0,14.033674,False,LSEC
PSMD6-AS2,0.04324487471284658,0.18786420603226925,1.0,14.844152,False,LSEC
PSMG3-AS1,0.04139167282759172,0.20751098237197216,1.0,14.945501,False,LSEC
PTCSC3,,1.0,1.0,0.0,False,LSEC
PTOV1-AS1,0.005564316174178132,0.8655051843802115,1.0,13.926706,False,LSEC
PWRN1,,1.0,1.0,0.0,False,LSEC
PXN-AS1,-0.008377573419448153,0.7987192777352148,1.0,15.913668,False,LSEC
RAB11B-AS1,-0.025659807620157214,0.4347002977118635,1.0,2.2220073,False,LSEC
RAD21-AS1,0.002309966234019811,0.9439453955693414,1.0,13.367688,False,LSEC
RAI1-AS1,,1.0,1.0,0.0,False,LSEC
RAMP2-AS1,0.045740786137569316,0.1636172396865353,1.0,2.2154474,False,LSEC
RAP2C-AS1,-0.003847065476162665,0.9067814436018448,1.0,15.460308,False,LSEC
RASAL2-AS1,-0.006370538713457433,0.8462452685450607,1.0,16.348587,False,LSEC
RASSF8-AS1,0.018417425411593722,0.575039086927029,1.0,2.788708,False,LSEC
RBM26-AS1,-0.017602798753705948,0.5920665874034687,1.0,2.7156096,False,LSEC
RBMS3-AS2,,1.0,1.0,0.0,False,LSEC
RBMS3-AS3,0.01486750331345234,0.6508591338153902,1.0,15.509392,False,LSEC
RBPMS-AS1,0.06269896054419995,0.05608946513744699,1.0,14.106081,False,LSEC
RFPL1S,-0.06361977356743267,0.05256807834243958,1.0,2.3679194,False,LSEC
RFPL3S,0.03990421507856533,0.2243252729470858,1.0,13.367688,False,LSEC
RGMB-AS1,-0.04298787890890093,0.1905037976655361,1.0,15.006033,False,LSEC
RGPD4-AS1,0.00782256361961285,0.8117954144891342,1.0,13.815258,False,LSEC
RHPN1-AS1,,1.0,1.0,0.0,False,LSEC
RMDN2-AS1,,1.0,1.0,0.0,False,LSEC
RN7SL832P,0.1021720658994685,0.001820061483403451,0.5235710200590594,2.6654088,False,LSEC
RNASEH2B-AS1,,1.0,1.0,0.0,False,LSEC
RNF157-AS1,,1.0,1.0,0.0,False,LSEC
RNF185-AS1,,1.0,1.0,0.0,False,LSEC
RNU6ATAC35P,-0.046514115735751,0.15660428436696272,1.0,13.993759,False,LSEC
RRM1-AS1,-0.054103260934741944,0.09934705884208077,1.0,13.8125725,False,LSEC
RUSC1-AS1,-0.033053800664848504,0.3142318779692789,1.0,15.020733,False,LSEC
RUVBL1-AS1,,1.0,1.0,0.0,False,LSEC
SAMSN1-AS1,,1.0,1.0,0.0,False,LSEC
SAP30L-AS1,0.04311747130976851,0.18916937241351048,1.0,13.989014,False,LSEC
SAPCD1-AS1,,1.0,1.0,0.0,False,LSEC
SBF2-AS1,-0.046564417259033354,0.1561561314445185,1.0,15.877813,False,LSEC
SCARNA9,,1.0,1.0,0.0,False,LSEC
SCGB1B2P,0.03854365950437253,0.2405368701824402,1.0,15.230175,False,LSEC
SDCBP2-AS1,-0.0094274765462984,0.7741396638257164,1.0,15.30558,False,LSEC
SEC24B-AS1,-0.02445876869420056,0.4565143188757611,1.0,15.733105,False,LSEC
SEC62-AS1,,1.0,1.0,0.0,False,LSEC
SEMA3B-AS1,-0.036232048046795515,0.26993591424851204,1.0,13.965863,False,LSEC
SENCR,0.03587802339610403,0.27464692632185567,1.0,15.4377365,False,LSEC
SERTAD4-AS1,0.09657125330847234,0.003215280062458081,0.641046940802323,14.715237,False,LSEC
SFTA1P,,1.0,1.0,0.0,False,LSEC
SFTA3,,1.0,1.0,0.0,False,LSEC
SH3BP5-AS1,0.03382356177809834,0.3030888961904111,1.0,15.75985,False,LSEC
SH3RF3-AS1,0.04673791013381935,0.15461787720459053,1.0,16.427979,False,LSEC
SHANK2-AS1,0.0378233204272291,0.24944604993063055,1.0,13.856117,False,LSEC
SHANK2-AS3,-0.040883459620370606,0.21315003276699554,1.0,13.456497,False,LSEC
SIAH2-AS1,,1.0,1.0,0.0,False,LSEC
SIDT1-AS1,0.042352326433078534,0.19714841479564363,1.0,13.70923,False,LSEC
SIGLEC5,,1.0,1.0,0.0,False,LSEC
SIX3-AS1,,1.0,1.0,0.0,False,LSEC
SLC16A1-AS1,0.04726924129388914,0.14997836639827228,1.0,15.739231,False,LSEC
SLC22A18AS,0.007030916967999266,0.8305369481480174,1.0,14.111397,False,LSEC
SLC25A21-AS1,0.05745816025151297,0.08005200515756074,1.0,15.318068,False,LSEC
SLC25A30-AS1,0.04900714761619999,0.13554212309874794,1.0,14.091459,False,LSEC
SLC26A4-AS1,,1.0,1.0,0.0,False,LSEC
SLC8A1-AS1,0.010879586730123169,0.7405178031144648,1.0,13.139575,False,LSEC
SLC9A9-AS2,,1.0,1.0,0.0,False,LSEC
SMAD5-AS1,-0.004529006005849439,0.8903536747031305,1.0,13.309622,False,LSEC
SMARCA5-AS1,0.03121341977004343,0.34194961238264204,1.0,13.244752,False,LSEC
SMCR2,,1.0,1.0,0.0,False,LSEC
SMCR5,0.005888419470016815,0.8577523957827928,1.0,2.0655112,False,LSEC
SMIM2-AS1,-0.006734511727624181,0.8375795299959815,1.0,13.815258,False,LSEC
SNAI3-AS1,-0.029026420961451905,0.37685499944822687,1.0,15.2525425,False,LSEC
SNAP25-AS1,,1.0,1.0,0.0,False,LSEC
SNHG10,0.00540568604415546,0.8693044969804018,1.0,14.74689,False,LSEC
SNHG12,0.019623850490777858,0.5502554360979441,1.0,3.2619183,False,LSEC
SNHG15,0.04548342221680937,0.16600280710412355,1.0,2.032349,False,LSEC
SNHG18,0.0238690857065038,0.46744538550943,1.0,14.041594,False,LSEC
SNHG7,0.0904667122228693,0.005792043658496619,0.641046940802323,1.1632569,False,LSEC
SNHG8,0.08465624432664763,0.009838871643980408,0.9434384698616769,1.0187249,False,LSEC
SNHG9,0.1325117598257283,5.092671278258005e-05,0.043949753131366585,1.5108632,False,LSEC
SNRK-AS1,-0.004173812890051793,0.8989047744909595,1.0,13.93046,False,LSEC
SPATA13,-0.018107492132329425,0.5814901015279442,1.0,1.7191668,False,LSEC
SPATA13-AS1,,1.0,1.0,0.0,False,LSEC
SPATA41,-0.036838044904925565,0.26200096674285156,1.0,15.1874485,False,LSEC
SPATA8,,1.0,1.0,0.0,False,LSEC
SPIN4-AS1,,1.0,1.0,0.0,False,LSEC
SRGAP2-AS1,0.04981906606434383,0.1291762840149238,1.0,14.075899,False,LSEC
SRRM2-AS1,-0.06519847068879192,0.04696059712133508,1.0,14.055235,False,LSEC
SSBP3-AS1,,1.0,1.0,0.0,False,LSEC
ST20,-0.04610514975194644,0.16028410677514565,1.0,15.316812,False,LSEC
ST3GAL6-AS1,0.043943598813512126,0.1808240323280489,1.0,13.241274,False,LSEC
ST7-AS1,-0.012797221256491105,0.6968739765244321,1.0,15.196458,False,LSEC
ST7-AS2,0.04541246562622005,0.16666509164701374,1.0,13.279919,False,LSEC
ST7-OT4,-0.03063604399204526,0.35095779949571587,1.0,15.896893,False,LSEC
ST8SIA6-AS1,0.032465932208211604,0.3229207048199985,1.0,13.088866,False,LSEC
STARD4-AS1,0.013686436399156557,0.6769610423474438,1.0,2.2182908,False,LSEC
STAU2-AS1,0.042352326433078534,0.19714841479564363,1.0,13.70923,False,LSEC
STEAP3-AS1,,1.0,1.0,0.0,False,LSEC
STK24-AS1,0.010270293012264894,0.7545692322753929,1.0,15.451996,False,LSEC
STX18-AS1,0.05081454998022046,0.12169048880716472,1.0,14.942944,False,LSEC
STXBP5-AS1,-0.012010420325136247,0.7146695893213924,1.0,15.850186,False,LSEC
SUCLA2-AS1,,1.0,1.0,0.0,False,LSEC
SYP-AS1,,1.0,1.0,0.0,False,LSEC
SZT2-AS1,,1.0,1.0,0.0,False,LSEC
TAB3-AS2,,1.0,1.0,0.0,False,LSEC
TAPT1-AS1,0.06253599642559132,0.05673265839857791,1.0,3.6507075,False,LSEC
TBC1D3P1-DHX40P1,0.020196918674733985,0.5386696969151511,1.0,13.895652,False,LSEC
TCEAL3-AS1,,1.0,1.0,0.0,False,LSEC
TERC,0.04106182287206243,0.21115849787839946,1.0,15.044954,False,LSEC
TET2-AS1,,1.0,1.0,0.0,False,LSEC
TEX26-AS1,,1.0,1.0,0.0,False,LSEC
TEX41,,1.0,1.0,0.0,False,LSEC
TFAP2A-AS1,,1.0,1.0,0.0,False,LSEC
THAP7-AS1,0.06537631676866873,0.0463616075797767,1.0,15.729969,False,LSEC
THAP9-AS1,0.0007882543421419317,0.9808579883186745,1.0,1.1211061,False,LSEC
THOC7-AS1,0.009068528457542989,0.7825190646370465,1.0,13.766573,False,LSEC
TIPARP-AS1,-0.06861541766561563,0.0365269218112556,1.0,15.831963,False,LSEC
TLR8-AS1,,1.0,1.0,0.0,False,LSEC
TM4SF1-AS1,-0.035705842902219294,0.276958278597861,1.0,15.871977,False,LSEC
TM4SF19-AS1,-0.015171947715259418,0.6441979449619714,1.0,14.106376,False,LSEC
TMEM105,-0.005753061683106044,0.8609886323081483,1.0,14.020785,False,LSEC
TMEM254-AS1,-0.018493691437971835,0.5734568651939617,1.0,14.143901,False,LSEC
TMEM44-AS1,0.00448510004663214,0.8914100202409689,1.0,14.614794,False,LSEC
TMEM72-AS1,,1.0,1.0,0.0,False,LSEC
TMEM78,,1.0,1.0,0.0,False,LSEC
TMEM9B-AS1,-0.020743522950680732,0.5277339546160607,1.0,15.692467,False,LSEC
TMLHE-AS1,0.05090581324887491,0.12102151899620923,1.0,14.554569,False,LSEC
TMPO-AS1,0.0076012878043295136,0.8170235838337715,1.0,14.508772,False,LSEC
TNK2-AS1,,1.0,1.0,0.0,False,LSEC
TP53TG1,-0.04497868392570996,0.17075703977067336,1.0,1.9760017,False,LSEC
TP73-AS1,0.04528153909117859,0.1678923173078447,1.0,1.8438983,False,LSEC
TPRG1-AS1,-0.042597137568529855,0.19456916675389466,1.0,13.400051,False,LSEC
TPRXL,,1.0,1.0,0.0,False,LSEC
TPT1-AS1,-0.031268879217565236,0.34109217940025294,1.0,1.1139383,False,LSEC
TPTEP1,0.025362917203848843,0.4400359733498579,1.0,1.5634661,False,LSEC
TRAF3IP2-AS1,0.02252611503320865,0.4928724297222144,1.0,16.238459,False,LSEC
TRAM2-AS1,0.000899263678626265,0.9781628621145624,1.0,15.952962,False,LSEC
TRAPPC12-AS1,,1.0,1.0,0.0,False,LSEC
TRBV11-2,,1.0,1.0,0.0,False,LSEC
TRERNA1,,1.0,1.0,0.0,False,LSEC
TRIM16L,0.02451161884012381,0.4555416800304667,1.0,15.273024,False,LSEC
TRIM52-AS1,0.009891980837585761,0.7633351325780835,1.0,1.5580399,False,LSEC
TSIX,0.020376253583576014,0.5350693300570963,1.0,2.5234687,False,LSEC
TSPEAR-AS1,,1.0,1.0,0.0,False,LSEC
TTC3-AS1,,1.0,1.0,0.0,False,LSEC
TTLL10-AS1,,1.0,1.0,0.0,False,LSEC
TTN-AS1,-0.0371979895835094,0.25736475214451876,1.0,1.3324928,False,LSEC
TTTY10,,1.0,1.0,0.0,False,LSEC
TTTY14,0.01776322677416757,0.5886950667347152,1.0,14.908152,False,LSEC
UBAC2-AS1,-0.05314842649158431,0.10546860853691897,1.0,14.06594,False,LSEC
UBBP4,0.004561411635588663,0.8895741432658641,1.0,14.642508,False,LSEC
UBOX5-AS1,,1.0,1.0,0.0,False,LSEC
UBXN7-AS1,-0.0335998478365658,0.30629997926941505,1.0,14.849297,False,LSEC
UGDH-AS1,-0.00880872124149287,0.7885999065749235,1.0,15.633469,False,LSEC
UNC5B-AS1,,1.0,1.0,0.0,False,LSEC
UPK1A-AS1,,1.0,1.0,0.0,False,LSEC
USP2-AS1,,1.0,1.0,0.0,False,LSEC
USP3-AS1,-0.007582415634705859,0.8174698638275056,1.0,13.871101,False,LSEC
USP30-AS1,0.040589729895272195,0.21645914454678233,1.0,14.735617,False,LSEC
UXT-AS1,,1.0,1.0,0.0,False,LSEC
VAC14-AS1,0.031947853176397395,0.33070645393954345,1.0,13.929936,False,LSEC
VAV3-AS1,,1.0,1.0,0.0,False,LSEC
VCAN-AS1,,1.0,1.0,0.0,False,LSEC
VIM-AS1,-0.03603696475433069,0.27252500137566027,1.0,14.096699,False,LSEC
VIPR1-AS1,,1.0,1.0,0.0,False,LSEC
VPS13A-AS1,,1.0,1.0,0.0,False,LSEC
VPS9D1-AS1,,1.0,1.0,0.0,False,LSEC
WAC-AS1,0.028049155567963478,0.3931375441273849,1.0,1.3485088,False,LSEC
WARS2-IT1,0.039047376104485707,0.23444138365313702,1.0,13.743206,False,LSEC
WASF3-AS1,0.013430060449223315,0.6826799390072366,1.0,14.498806,False,LSEC
WASIR1,,1.0,1.0,0.0,False,LSEC
WASIR2,-0.03871463148413421,0.23845555996897258,1.0,13.346067,False,LSEC
WDFY3-AS1,,1.0,1.0,0.0,False,LSEC
WEE2-AS1,0.0044347114660949795,0.8926225699899175,1.0,13.971693,False,LSEC
WNT5A-AS1,,1.0,1.0,0.0,False,LSEC
WT1-AS,-0.008229403179567598,0.8022048493159064,1.0,14.958151,False,LSEC
WWC2-AS2,-0.054726364395442144,0.09550726671479648,1.0,14.5533905,False,LSEC
WWC3-AS1,-0.06112677584135572,0.06255420537693912,1.0,14.164299,False,LSEC
WWTR1-AS1,0.0483568687102726,0.14081293346704032,1.0,13.813467,False,LSEC
XIAP-AS1,-0.017748807320220775,0.5889977405760387,1.0,13.452049,False,LSEC
XIST,0.004738453219450247,0.8853172326126397,1.0,0.28110915,False,LSEC
XXYLT1-AS2,0.06041720042765269,0.06566721941267642,1.0,15.5398655,False,LSEC
YEATS2-AS1,,1.0,1.0,0.0,False,LSEC
ZBED3-AS1,0.044728942992622804,0.17314672586591748,1.0,14.518123,False,LSEC
ZBED5-AS1,0.06832819230043424,0.037320629352907954,1.0,15.912083,False,LSEC
ZBTB11-AS1,0.058070239045542774,0.07688354296935497,1.0,16.249746,False,LSEC
ZBTB20-AS1,,1.0,1.0,0.0,False,LSEC
ZBTB20-AS2,0.048183655926913364,0.1422431012508664,1.0,15.647781,False,LSEC
ZBTB20-AS3,-0.012730179043468693,0.6983840069886892,1.0,13.483024,False,LSEC
ZBTB20-AS4,-0.011972486008882177,0.715531595030256,1.0,13.879145,False,LSEC
ZEB2-AS1,0.035069452882671444,0.28561580876232057,1.0,14.98011,False,LSEC
ZFAS1,0.05145510721757881,0.1170556279203855,1.0,1.3480868,False,LSEC
ZFAT-AS1,,1.0,1.0,0.0,False,LSEC
ZFX-AS1,,1.0,1.0,0.0,False,LSEC
ZFY-AS1,-0.01419904585617662,0.6655822914350765,1.0,14.150346,False,LSEC
ZMIZ1-AS1,-0.014228611170332877,0.6649283172328468,1.0,13.815258,False,LSEC
ZMYM4-AS1,-0.033171908853653995,0.3125049052034425,1.0,14.315085,False,LSEC
ZMYND10-AS1,,1.0,1.0,0.0,False,LSEC
ZNF197-AS1,,1.0,1.0,0.0,False,LSEC
ZNF252P-AS1,-0.025432933318306095,0.4387742837307218,1.0,13.77779,False,LSEC
ZNF286B,-0.00722199552299246,0.8260040819584512,1.0,14.275946,False,LSEC
ZNF295-AS1,,1.0,1.0,0.0,False,LSEC
ZNF32-AS1,,1.0,1.0,0.0,False,LSEC
ZNF32-AS2,-0.018238429591123415,0.578760622010889,1.0,12.90881,False,LSEC
ZNF337-AS1,0.028679787191364946,0.38258225149558706,1.0,13.991911,False,LSEC
ZNF503-AS1,0.0246277078005715,0.45340930560589,1.0,13.571711,False,LSEC
ZNF571-AS1,0.0032046359808326798,0.922294036731438,1.0,14.135675,False,LSEC
ZNF630-AS1,0.05177755514795439,0.11477545785990677,1.0,13.901695,False,LSEC
ZNF667-AS1,0.006343143760812743,0.846898273529458,1.0,1.9495587,False,LSEC
ZNF674-AS1,-0.054399695460030706,0.09750525590443711,1.0,15.3844795,False,LSEC
ZNF781,0.03589811699753411,0.2743780491382454,1.0,2.7164707,False,LSEC
ZNRF3-AS1,0.012518472992761187,0.7031601894636144,1.0,15.343695,False,LSEC
ZRANB2-AS1,,1.0,1.0,0.0,False,LSEC
ZSCAN16-AS1,0.06800777464446463,0.03822330744284562,1.0,3.0258098,False,LSEC
A1BG-AS1,-0.004047238277094974,0.4411830681052783,0.684785949235351,1.7995739,False,Kupffer
A2M-AS1,0.03994545939027564,2.8556782520320466e-14,4.3235970728134324e-13,2.298202,False,Kupffer
A2ML1-AS2,,1.0,1.0,0.0,False,Kupffer
ABCC5-AS1,0.006855614353448027,0.19201337396637833,0.39929528128430003,7.719266,False,Kupffer
ACTA2-AS1,7.488833547791863e-05,0.9886294679706457,1.0,9.090461,False,Kupffer
ACVR2B-AS1,0.006079200155318368,0.24731770232589614,0.473872808205445,8.738502,False,Kupffer
ADAM20P1,0.007319902335672095,0.1636185932474807,0.3639248607540615,10.170353,False,Kupffer
ADAMTS9-AS2,-0.004005191616811008,0.44594342932948394,0.690932099661301,8.615587,False,Kupffer
ADAMTSL4-AS1,-0.005464995013319563,0.29833887692075867,0.5443265344241326,0.9042654,False,Kupffer
ADIPOQ-AS1,0.0024366352375634194,0.6428662808008051,0.8695824456600232,8.612706,False,Kupffer
ADORA2A-AS1,-0.001028202261472393,0.8448699936135037,1.0,5.5353293,False,Kupffer
ADPGK-AS1,0.006515827044169043,0.214982027161348,0.43551523342780124,1.0184927,False,Kupffer
AFAP1-AS1,-0.0037847327077425246,0.4713764452129745,0.7149347490664271,8.6750145,False,Kupffer
AGAP2-AS1,0.007079857068188634,0.17787677156234988,0.38473096205089713,3.0054135,False,Kupffer
AGBL5-AS1,0.002322103858739739,0.6585619603346496,0.8852631959015618,9.728875,False,Kupffer
AIRN,-0.0009193797978531067,0.8611118475766721,1.0,9.734504,False,Kupffer
ALG13-AS1,-0.002558160746471496,0.6263848027234297,0.8553324125796199,8.794514,False,Kupffer
ALKBH3-AS1,0.010577110268024593,0.044126015691517646,0.14590326261218287,8.557309,False,Kupffer
AP4B1-AS1,0.008308227424528282,0.11385702333304347,0.2915685790398116,11.129433,False,Kupffer
APOA1-AS,,1.0,1.0,0.0,False,Kupffer
APOBEC3B-AS1,-0.01186254339219339,0.023974714346055432,0.09014903385088462,9.615404,False,Kupffer
AQP4-AS1,-0.0032774892478297946,0.5328171287161053,0.7754315590687899,9.6082535,False,Kupffer
ARAP1-AS1,-0.0027457369023739828,0.6013099432019767,0.8369846467472677,10.551738,False,Kupffer
ARAP1-AS2,-0.011607488674168274,0.02717519676479592,0.0989544084726535,10.85543,False,Kupffer
ARHGAP26-AS1,-0.0018209425465536859,0.7289462341464857,0.9517104388327038,8.815825,False,Kupffer
ARHGAP31-AS1,-0.011271025782546327,0.03195632734767366,0.11352056754550445,3.6202383,False,Kupffer
ARHGAP5-AS1,0.056903077048743214,2.286385369924171e-27,8.578915540193737e-26,3.2465725,False,Kupffer
ARIH2OS,0.021871784620231937,3.1447603785443916e-05,0.0002280611938389756,1.0822406,False,Kupffer
ARMCX3-AS1,,1.0,1.0,0.0,False,Kupffer
ARSD-AS1,-0.001519662283785297,0.7724332776678914,0.9848384892012401,10.239505,False,Kupffer
ASB16-AS1,0.012478033917364899,0.01756437287621123,0.06858847869760312,0.9061179,False,Kupffer
ASMTL-AS1,0.015474383870290456,0.0032298782480800143,0.01557198283850867,1.587956,False,Kupffer
ATP11A-AS1,0.007830998046760651,0.13615320147407117,0.32016406777145345,3.3952541,False,Kupffer
ATP1B3-AS1,0.006361677224626374,0.22603099979229357,0.44884493182451196,4.0379667,False,Kupffer
ATP6V0E2-AS1,0.003352529055571566,0.5234790937947751,0.768303499906277,10.850917,False,Kupffer
BACH1-IT2,-0.01107780703033209,0.03501513794900215,0.12087225619995542,1.2610207,False,Kupffer
BCAR4,,1.0,1.0,0.0,False,Kupffer
BCDIN3D-AS1,0.00038763975893323316,0.9411947778832567,1.0,2.3662024,False,Kupffer
BDNF-AS,0.009550281956111906,0.06914511857815385,0.20576633563085092,11.012705,False,Kupffer
BFSP2-AS1,-0.004628501217558072,0.37841877962153303,0.6186189997699262,8.306838,False,Kupffer
BHLHE40-AS1,0.023613953253949136,6.977051472056282e-06,5.575180944800529e-05,11.434165,False,Kupffer
BLACE,0.0001873435453965793,0.9715601007506263,1.0,8.889805,False,Kupffer
BOK-AS1,-0.008243748177911554,0.11668969722512432,0.29274188577116944,8.9915495,False,Kupffer
BRWD1-AS1,-0.004552607669523403,0.3862869431336287,0.6269808120283104,8.493491,False,Kupffer
BSN-AS1,,1.0,1.0,0.0,False,Kupffer
BTBD9-AS1,,1.0,1.0,0.0,False,Kupffer
C10orf55,0.009276748600046292,0.07749434064598895,0.2251771581733618,10.7764435,False,Kupffer
C14orf178,0.008891621073754399,0.09062337894704084,0.24988509827451363,9.457485,False,Kupffer
C1QTNF1-AS1,0.0077195298295661225,0.14181740312401533,0.329001126064584,8.5311775,False,Kupffer
C1RL-AS1,-0.011282544442800748,0.031781445657277176,0.11352056754550445,3.3418393,False,Kupffer
C1orf220,0.005757114289873033,0.27325643189865384,0.5038895314712356,10.1144285,False,Kupffer
C21orf91-OT1,-0.002203789674107398,0.6749354729509791,0.8988723968467515,8.655253,False,Kupffer
C2orf27A,0.010202211732676512,0.052192520983135704,0.16438739273155514,2.7299728,False,Kupffer
C5orf60,-0.0032116541188181207,0.5410785592092937,0.7836714589684743,8.053995,False,Kupffer
C5orf64,0.016861938642066355,0.0013316357947339992,0.007182510567846507,10.574851,False,Kupffer
C6orf47-AS1,0.004883547934592395,0.35270774446913494,0.596650103731243,11.056091,False,Kupffer
C8orf44,-0.004939158186567986,0.34725200269903744,0.5946001554152169,0.74677896,False,Kupffer
C9orf163,0.004382741178280785,0.40425597980246414,0.6460609454991233,10.183728,False,Kupffer
CACNA1C-AS1,0.013085421563378797,0.012764377542722399,0.052455513425568714,9.353541,False,Kupffer
CACNA1C-AS2,0.020141606262043785,0.00012640567964698857,0.0008264250116314481,2.9037185,False,Kupffer
CACTIN-AS1,0.005310035331034969,0.3122497816122029,0.5564603274089513,8.526023,False,Kupffer
CAHM,0.002480091444838403,0.6369519142196778,0.8642916697666382,1.0244541,False,Kupffer
CASC11,0.011432610237318326,0.029577016284368995,0.10635402105587684,2.8269882,False,Kupffer
CASC15,0.002678431358741556,0.6102551456394233,0.8426403050989156,1.502492,False,Kupffer
CASC18,,1.0,1.0,0.0,False,Kupffer
CASC19,,1.0,1.0,0.0,False,Kupffer
CASC2,0.008252149895876752,0.11631749044841772,0.29274188577116944,10.655947,False,Kupffer
CASC20,,1.0,1.0,0.0,False,Kupffer
CASC8,-0.016247621477617564,0.0019871645615659114,0.010269000099589112,10.231313,False,Kupffer
CASK-AS1,0.004785314376411163,0.362476815514236,0.6045052462458966,7.9211826,False,Kupffer
CCDC140,-0.007743867060746116,0.1405655243523327,0.32780229177139913,9.148645,False,Kupffer
CCDC144NL,0.014783139557520805,0.0049020462234902265,0.02250247814293652,2.2636552,False,Kupffer
CCDC148-AS1,-0.000260852658476777,0.9604088379931469,1.0,9.261161,False,Kupffer
CCDC183-AS1,0.010514956849233191,0.04538560869015897,0.1489269212912821,9.766278,False,Kupffer
CCDC26,0.05631949904143586,7.670607139782161e-27,2.7582224840133354e-25,3.8719306,False,Kupffer
CCND2-AS1,0.014419949078959477,0.006064480181389597,0.027401290034236764,10.754178,False,Kupffer
CCNT2-AS1,0.014209918076873551,0.006844861728428735,0.03029290088017435,2.109295,False,Kupffer
CD27-AS1,0.04653292832169867,7.996734367364886e-19,1.6431385140561658e-17,1.2653162,False,Kupffer
CDKN2B-AS1,0.008124294921242933,0.12208341597171404,0.30102282281025494,10.329304,False,Kupffer
CELF2-AS1,0.004827602994166877,0.3582507293114124,0.6003308337781532,9.589576,False,Kupffer
CERS6-AS1,-0.006221009848686601,0.2364620211019949,0.46168942129190405,9.414857,False,Kupffer
CFLAR-AS1,-0.004530276790729903,0.3886209491136183,0.6272663041097624,1.5766721,False,Kupffer
CIRBP-AS1,-0.008220720986258713,0.11771462723371186,0.294457168993314,8.534249,False,Kupffer
CKMT2-AS1,0.014646977483412184,0.005311889600746941,0.024127161712866368,1.5159388,False,Kupffer
CLLU1,0.007060384992430412,0.17907271754928256,0.3863493881125771,9.914123,False,Kupffer
CLRN1-AS1,-0.0028442489293257823,0.5883251271574753,0.8240317238473207,7.6552916,False,Kupffer
CLYBL-AS1,,1.0,1.0,0.0,False,Kupffer
COL4A2-AS1,0.01583121029972937,0.002587768182162115,0.012834735294286812,11.9176445,False,Kupffer
COL4A2-AS2,0.007032993098173416,0.18076519482770909,0.38806060481669885,10.935602,False,Kupffer
COLCA1,,1.0,1.0,0.0,False,Kupffer
CPB2-AS1,0.006430162612416586,0.2210731480196033,0.44576197836663,10.644534,False,Kupffer
CRNDE,-0.005253401122077609,0.31743887071893706,0.5590811131233524,12.360027,False,Kupffer
CSNK1G2-AS1,0.005411439733635023,0.303099041184524,0.5483741562730486,8.55293,False,Kupffer
CTC-338M12.4,0.0032773990288732717,0.5328284061735717,0.7754315590687899,1.6413746,False,Kupffer
CYP1B1-AS1,-0.035105504249644044,2.346196060544733e-11,3.022040597388216e-10,4.035618,False,Kupffer
CYP4A22-AS1,-0.00013689022043398386,0.9792171733538286,1.0,7.949606,False,Kupffer
CYP4F35P,-0.0015250031528652765,0.7716556540500096,0.9848384892012401,9.30986,False,Kupffer
DAB1-AS1,,1.0,1.0,0.0,False,Kupffer
DACT3-AS1,0.004733089963232767,0.36773872072765434,0.6068957767136778,8.376793,False,Kupffer
DBH-AS1,0.007474220504137144,0.15491826428670147,0.3490717025572411,8.046138,False,Kupffer
DCTN1-AS1,0.005908136802301568,0.2608711011487639,0.48941687019865926,8.175154,False,Kupffer
DDX11-AS1,0.01112127368658726,0.03430605994442816,0.1193795553711351,9.758728,False,Kupffer
DDX39B-AS1,0.0015070941167235894,0.7742640870751483,0.9848722806807876,1.7589054,False,Kupffer
DENND5B-AS1,0.011871879627680606,0.023864040347001486,0.09014903385088462,9.510895,False,Kupffer
DGCR5,0.010241573859036637,0.05129140650873875,0.16221098275378804,7.4812603,False,Kupffer
DGUOK-AS1,-0.04143059225888365,3.078736206354748e-15,4.920276566822495e-14,2.7529469,False,Kupffer
DHRS4-AS1,-0.00891372234698582,0.08982441267532397,0.24988509827451363,7.6292896,False,Kupffer
DIAPH2-AS1,0.0014949854888589463,0.7760291435259972,0.9848722806807876,8.155295,False,Kupffer
DICER1-AS1,0.010240599448832476,0.05131355537866064,0.16221098275378804,0.87900877,False,Kupffer
DIO2-AS1,0.008274407160892446,0.11533597324717472,0.29274188577116944,7.773469,False,Kupffer
DIO3OS,0.009626686745677961,0.06694973651166691,0.20012121541783975,9.808334,False,Kupffer
DIRC3,0.05037454242032337,8.60430841934755e-22,2.1839759311461578e-20,13.929965,False,Kupffer
DLEU1,0.04183522067081639,1.6552560582834615e-15,2.7595451821171066e-14,2.5334206,False,Kupffer
DLEU2L,0.012767623621129993,0.015107508594611685,0.0598935574125197,1.0401006,False,Kupffer
DLG1-AS1,0.001970796776068359,0.7076269154161231,0.9295008036592302,9.606123,False,Kupffer
DLG3-AS1,,1.0,1.0,0.0,False,Kupffer
DLG5-AS1,-0.0015721524387579161,0.7648008105852616,0.9821772314510131,8.16877,False,Kupffer
DLGAP1-AS1,0.006751583693529295,0.19884530295180708,0.40955488412269575,1.0558681,False,Kupffer
DLGAP1-AS2,-0.0632205253251292,2.1118231961103886e-33,1.0720608342607445e-31,3.4214907,False,Kupffer
DLGAP1-AS3,-0.0063587753879454315,0.2262428103634562,0.44884493182451196,9.472347,False,Kupffer
DLGAP1-AS5,,1.0,1.0,0.0,False,Kupffer
DNAH10OS,-0.0002560579316389307,0.9611359810882748,1.0,8.723084,False,Kupffer
DNAH17-AS1,-0.0022268413317973234,0.6717329537887581,0.8973769955413285,10.825067,False,Kupffer
DNAJC27-AS1,-0.004118095757696466,0.4332270899958317,0.6797726884843687,0.9904666,False,Kupffer
DNAJC9-AS1,0.0042548343042371145,0.4181107690574032,0.6620726489844752,9.062359,False,Kupffer
DNM1P35,0.004078545741675334,0.4376575456346803,0.6817661766836265,3.614624,False,Kupffer
DNM3OS,0.01616293731076659,0.0020978004885800067,0.010712436814464767,9.798118,False,Kupffer
DNMBP-AS1,0.05287207876026333,7.600968169121426e-24,2.1160114612747712e-22,13.739643,False,Kupffer
DOCK9-AS1,0.034101419480512755,8.502838561872168e-11,1.0482785255565258e-09,11.759545,False,Kupffer
DPP10-AS1,-0.008579824488706568,0.10251529757038061,0.2697277494001173,8.219951,False,Kupffer
DPYD-AS1,0.002801024789385507,0.5940065279617892,0.8281688101511164,7.477062,False,Kupffer
DPYD-AS2,0.0038833920136044685,0.45989699648810967,0.7066040520653099,8.025618,False,Kupffer
DSCAM-AS1,0.005414708371415868,0.3028070754758797,0.5483741562730486,9.142416,False,Kupffer
DSCR9,0.008244116532790915,0.11667335905271628,0.29274188577116944,10.25835,False,Kupffer
EAF1-AS1,-0.002500046798657687,0.634243700928815,0.8633317253967939,2.0956554,False,Kupffer
EDNRB-AS1,0.00500856544565835,0.340518443866498,0.5889126594324404,9.043191,False,Kupffer
EDRF1-AS1,0.001299581860391868,0.8046668248217514,1.0,9.2382555,False,Kupffer
EFCAB14-AS1,0.008323159969894849,0.11320879816786655,0.2907714071990144,8.296958,False,Kupffer
EGOT,0.02149502901083687,4.295175229811127e-05,0.00030799442160791673,10.889073,False,Kupffer
ELFN2,0.006827906291728353,0.1938159299161375,0.4011785704176299,8.598414,False,Kupffer
ELMO1-AS1,0.002700878811653958,0.60726521534975,0.8412036610703599,9.009857,False,Kupffer
ENO1-AS1,-0.0015358390605694403,0.7700786653263113,0.9848384892012401,1.708488,False,Kupffer
ENTPD1-AS1,0.02400093957277696,4.9225298311957216e-06,4.007682305964064e-05,0.9024787,False,Kupffer
ENTPD3-AS1,0.02958209849756591,1.7944076705816424e-08,1.8006672322232063e-07,0.47902775,False,Kupffer
EPB41L4A-AS1,0.01770076875377974,0.0007551282684310212,0.004403214159837644,0.6985071,False,Kupffer
EPHA1-AS1,-0.02733339511368864,1.9657617987114817e-07,1.8241424003096868e-06,2.1337094,False,Kupffer
EPN2-AS1,-0.006094180772002942,0.2461547060956383,0.473872808205445,3.3341074,False,Kupffer
EXTL3-AS1,-0.006070583086105256,0.24798841508189953,0.473872808205445,2.9904766,False,Kupffer
EZR-AS1,-0.003189036836291233,0.5439314223452997,0.7849712666956414,8.070162,False,Kupffer
FAM106A,0.005786461449826355,0.2708187311580044,0.5015376931102099,2.064867,False,Kupffer
FAM138B,0.007267686785306735,0.16664435747964088,0.36687265434931143,7.8592806,False,Kupffer
FAM13A-AS1,-0.0004885043895652312,0.9259330214530924,1.0,0.39192724,False,Kupffer
FAM182B,-0.0006722706055402167,0.8982013346728842,1.0,8.68356,False,Kupffer
FAM201A,-0.016148904149697083,0.002116670594496763,0.010745216017945333,9.079886,False,Kupffer
FAM215A,,1.0,1.0,0.0,False,Kupffer
FAM218A,0.007839914572539759,0.13570776652150238,0.32016406777145345,10.226984,False,Kupffer
FAM222A-AS1,,1.0,1.0,0.0,False,Kupffer
FAM224B,0.006827403685449978,0.19384874144165892,0.4011785704176299,7.8920813,False,Kupffer
FAM225A,0.022731438182640423,1.5158249242215818e-05,0.00011679972407171653,2.055056,False,Kupffer
FAM225B,-0.001629217858415477,0.7565289268473638,0.9759110072784379,2.3228197,False,Kupffer
FAM230A,0.002597385911009412,0.6211040905255396,0.8520943528808883,1.5284367,False,Kupffer
FAM230C,0.010504108031054078,0.04560854685887216,0.14909157552729801,11.331923,False,Kupffer
FAM27E3,-0.0037612174925989025,0.47413568175266924,0.7178580585132519,9.073993,False,Kupffer
FAM41C,0.006327799745887689,0.22851260950090474,0.4523082155946807,0.72732115,False,Kupffer
FAM53B-AS1,0.003749799774822117,0.4754786119955524,0.7186305466762902,9.243746,False,Kupffer
FAM66B,0.00931300979612922,0.07634241090830464,0.22409353950294866,8.640788,False,Kupffer
FAM66C,0.007016061183767859,0.18181729945554329,0.3883869540349848,2.687952,False,Kupffer
FAM66D,0.010869912524468854,0.03858202544998481,0.13108774788715313,9.570014,False,Kupffer
FAM66E,0.006053892623030402,0.24929114128073235,0.473872808205445,7.9563303,False,Kupffer
FAM74A4,0.02144138622072123,4.488328277641625e-05,0.0003174940412790756,10.778848,False,Kupffer
FAM74A6,0.0063803416501067136,0.22467202993647614,0.4488239857295808,8.772911,False,Kupffer
FAM83A-AS1,0.02088029526810561,7.068272147546696e-05,0.0004959283628725853,11.83476,False,Kupffer
FAM83C-AS1,-0.006962803426407709,0.1851562089467643,0.39260395164879014,8.952284,False,Kupffer
FAM85B,0.014858567759903029,0.004687529442689628,0.021749128543231983,10.709113,False,Kupffer
FAM87A,,1.0,1.0,0.0,False,Kupffer
FAM87B,0.015326628557579377,0.003535911747856438,0.016766438672528052,11.1957655,False,Kupffer
FAM99B,,1.0,1.0,0.0,False,Kupffer
FARP1-AS1,0.012961053413779485,0.013640034149141327,0.055525233352400775,10.407955,False,Kupffer
FBXL19-AS1,-0.005429451849840496,0.3014924632898458,0.5477642017244988,1.6028466,False,Kupffer
FENDRR,0.002590432758746259,0.6220387512340204,0.8520943528808883,7.4659624,False,Kupffer
FGD5-AS1,0.029407210440162607,2.1754728159127998e-08,2.1094753259918498e-07,0.4170382,False,Kupffer
FGF13-AS1,0.011758806146173176,0.025234698386400158,0.09306643037377493,8.870159,False,Kupffer
FGF14-AS2,0.03166357647491295,1.6690312741381787e-09,1.8466333199759593e-08,4.611327,False,Kupffer
FLG-AS1,0.001395746482258006,0.7905378976299691,0.9988787784109272,8.247162,False,Kupffer
FLNB-AS1,,1.0,1.0,0.0,False,Kupffer
FOXD2-AS1,-0.002633096528210462,0.6163134323282004,0.8482910559796442,2.798675,False,Kupffer
FOXN3-AS1,-0.01824346262586803,0.0005165203050886625,0.003095534883968859,1.52178,False,Kupffer
FOXN3-AS2,0.010680555086737568,0.04209506410472548,0.1397232320091465,9.329033,False,Kupffer
FOXP1-AS1,0.0069417470273185206,0.18648874338754445,0.3938385788738446,9.686454,False,Kupffer
FRY-AS1,-0.0020626141729389413,0.6946754281159704,0.916461095795549,3.0052862,False,Kupffer
FTX,0.027179716179766108,2.30013882869342e-07,2.1117232012366185e-06,1.0917902,False,Kupffer
GAS5-AS1,0.009624341538344978,0.06701625869728353,0.20012121541783975,3.800311,False,Kupffer
GAS6-AS1,0.012849593298035611,0.014469461993891045,0.05807974744524638,10.456443,False,Kupffer
GATA3-AS1,,1.0,1.0,0.0,False,Kupffer
GATA6-AS1,0.0001482604061746119,0.9774913794333899,1.0,9.233185,False,Kupffer
GDNF-AS1,,1.0,1.0,0.0,False,Kupffer
GFOD1-AS1,0.006236176267365439,0.2353212749012482,0.4606507930012667,8.0355425,False,Kupffer
GGNBP1,,1.0,1.0,0.0,False,Kupffer
GHRLOS,0.02428151056190125,3.8101403160585616e-06,3.161683743037056e-05,2.76263,False,Kupffer
GK-AS1,0.007837152534453395,0.13584562672796174,0.32016406777145345,3.093337,False,Kupffer
GNAS-AS1,0.004339502607492278,0.40890852819215673,0.6515075391500483,7.9167757,False,Kupffer
GNG12-AS1,0.021942459938112422,2.9644981602102e-05,0.00021681033154757648,10.63144,False,Kupffer
GOLGA8M,0.005355821449912196,0.3080957330667143,0.554371447636736,10.754143,False,Kupffer
GPR158-AS1,,1.0,1.0,0.0,False,Kupffer
GRIK1-AS1,0.006694839009850432,0.20264592643953602,0.4154000819888826,9.227458,False,Kupffer
GRM7-AS1,-0.02064296772133347,8.537165595025217e-05,0.0005801239298036821,11.446367,False,Kupffer
GRPEL2-AS1,,1.0,1.0,0.0,False,Kupffer
GS1-24F4.2,,1.0,1.0,0.0,False,Kupffer
GS1-279B7.1,0.006064572483314294,0.24845700547160268,0.473872808205445,8.705067,False,Kupffer
GSN-AS1,0.0473418938841635,1.981904004836481e-19,4.171666234570446e-18,5.3113346,False,Kupffer
GTSCR1,-0.002859327117677041,0.586349166791551,0.8240317238473207,8.440534,False,Kupffer
HAND2-AS1,0.014993891420129642,0.004323861181610891,0.020381489801436288,10.483966,False,Kupffer
HAR1A,0.0162324611837475,0.002006568572892348,0.010307551657179144,10.723243,False,Kupffer
HAR1B,0.007346193317647777,0.16211085589217486,0.3633809574933686,9.564094,False,Kupffer
HAS2-AS1,,1.0,1.0,0.0,False,Kupffer
HCFC1-AS1,0.0007997696543825503,0.8790315197351652,1.0,9.488012,False,Kupffer
HCG11,0.02386410450217688,5.571998302400793e-06,4.494050967263444e-05,0.6279216,False,Kupffer
HCG14,0.0026341736573186505,0.6161691852546021,0.8482910559796442,9.476495,False,Kupffer
HCG15,-0.004610119801253169,0.3803153357995477,0.6192681788585087,9.35742,False,Kupffer
HCG17,0.0021490154088778034,0.682568708067384,0.9034613421198656,9.714893,False,Kupffer
HCG18,0.01893851097817949,0.0003129444357086829,0.0019153975036637824,0.6666236,False,Kupffer
HCG20,-0.0003294438010577024,0.9500105639564214,1.0,10.373735,False,Kupffer
HCG21,,1.0,1.0,0.0,False,Kupffer
HCG22,,1.0,1.0,0.0,False,Kupffer
HCG24,0.00514015440894412,0.3279836337096732,0.5718179310938343,7.415655,False,Kupffer
HCG25,0.004828667984945444,0.35814470179687186,0.6003308337781532,1.4440317,False,Kupffer
HCG27,-0.0030180689761449297,0.5657356588232698,0.8060693400362257,0.7394285,False,Kupffer
HCG9,-0.0014972206777852711,0.7757032360373117,0.9848722806807876,8.615828,False,Kupffer
HDAC11-AS1,-0.0063678493310393115,0.2255809567258557,0.44884493182451196,8.886988,False,Kupffer
HEXA-AS1,0.0003941552478856092,0.9402082105401488,1.0,1.7801905,False,Kupffer
HHIP-AS1,0.015458416034133136,0.003261747130491959,0.01563826540896978,10.552841,False,Kupffer
HIF1A-AS1,0.008055610093208744,0.12527187583448957,0.3071296274010355,8.478979,False,Kupffer
HLA-DQB1-AS1,0.0002408480207703858,0.9634428473511324,1.0,9.664317,False,Kupffer
HM13-AS1,-0.003391683581535443,0.5186402130015833,0.7624983029307774,9.267214,False,Kupffer
HMGA1P4,-0.0062543000732112495,0.23396320332662285,0.4606507930012667,1.1476889,False,Kupffer
HMGN3-AS1,0.014167418195871573,0.00701333846481964,0.030880158648670154,1.8995667,False,Kupffer
HNF1A-AS1,-0.0030412705904488972,0.5627521990581742,0.8040648142172258,8.739852,False,Kupffer
HNF4A-AS1,,1.0,1.0,0.0,False,Kupffer
HOTAIRM1,-0.06967067933823687,3.2527578089498197e-40,1.8714199927491294e-38,1.1804633,False,Kupffer
HOTTIP,0.003125282624283027,0.5520131999227381,0.7926578894065275,8.753453,False,Kupffer
HOXA-AS2,-0.003702981619499651,0.4810070307792608,0.7231865288545333,1.4841537,False,Kupffer
HOXA-AS3,-0.002914613808298323,0.5791304388559768,0.8179862008718625,8.183552,False,Kupffer
HOXA10-AS,-0.01771972755586067,0.0007453021583036603,0.0043754813783405365,10.79254,False,Kupffer
HOXA11-AS,,1.0,1.0,0.0,False,Kupffer
HOXB-AS1,0.04426530446044953,3.5202607497945174e-17,6.604315276244932e-16,2.4843755,False,Kupffer
HOXB-AS2,,1.0,1.0,0.0,False,Kupffer
HOXB-AS3,0.009995032182853981,0.05715639653014557,0.1787172833533175,10.2397995,False,Kupffer
HOXC-AS2,0.005340191707737487,0.30950964727952046,0.554371447636736,7.6581974,False,Kupffer
HOXD-AS2,,1.0,1.0,0.0,False,Kupffer
HULC,0.03689929291447432,2.150386422895256e-12,3.0422680048501735e-11,4.2810216,False,Kupffer
HYI-AS1,-0.012122291230041179,0.021056501748536904,0.08040602216366084,10.503037,False,Kupffer
IDH1-AS1,0.018721897526501257,0.0003664876781018812,0.0022273159591684752,2.6589355,False,Kupffer
IDI2-AS1,7.557251520214022e-06,0.9988525202366949,1.0,1.7055378,False,Kupffer
IFNG-AS1,0.005737682462975712,0.274878754397316,0.5058003519080676,10.7379265,False,Kupffer
IGBP1-AS1,0.0006162366881442816,0.9066456880351442,1.0,8.84626,False,Kupffer
IGBP1-AS2,,1.0,1.0,0.0,False,Kupffer
IGFBP7-AS1,0.006134812233848824,0.24301966343597312,0.4723557872640649,8.495032,False,Kupffer
IL12A-AS1,0.006859067880987622,0.19178957056199883,0.39929528128430003,8.147891,False,Kupffer
IL20RB-AS1,,1.0,1.0,0.0,False,Kupffer
IL21-AS1,,1.0,1.0,0.0,False,Kupffer
IL21R-AS1,0.008259617913397483,0.11598743139947804,0.29274188577116944,8.277861,False,Kupffer
INHBA-AS1,-0.0036000631115391383,0.49328201401359667,0.7330791508661765,4.357364,False,Kupffer
INTS6-AS1,0.007209082353949516,0.1700902230600813,0.373506011452545,0.995718,False,Kupffer
IPO9-AS1,-0.009890680679479518,0.05980164243240896,0.1844734588011459,2.205069,False,Kupffer
IQCH-AS1,0.03906843504568495,1.0252737127071449e-13,1.4996800238411288e-12,1.4117198,False,Kupffer
ISM1-AS1,,1.0,1.0,0.0,False,Kupffer
ITCH-AS1,0.009127371037121038,0.08238986826922756,0.23466157200113327,3.4183512,False,Kupffer
ITGB2-AS1,-0.051779852955429674,6.181728794815832e-23,1.6671349843518946e-21,3.378975,False,Kupffer
ITIH4-AS1,0.004546016820499014,0.38697492182088483,0.6269808120283104,8.484276,False,Kupffer
ITPK1-AS1,0.009261665944403913,0.07797763092879698,0.22564450317268295,2.045023,False,Kupffer
ITPKB-AS1,0.020576979388337305,8.994222799734992e-05,0.0006064073653258827,2.1035533,False,Kupffer
JARID2-AS1,-0.01978828967247284,0.00016581636174927157,0.0010759362420272283,2.3952847,False,Kupffer
JAZF1-AS1,-0.026277998499532804,5.685792526632942e-07,5.006978520902274e-06,11.841152,False,Kupffer
JMJD1C-AS1,0.022191424578290694,2.4046043518687748e-05,0.00017889427203989246,2.8118973,False,Kupffer
JPX,0.03174449001783567,1.5171294577228687e-09,1.7003671714478388e-08,0.4071977,False,Kupffer
KANSL1-AS1,0.05387821685926862,1.0611687507301376e-24,3.1578918340693404e-23,1.3371158,False,Kupffer
KBTBD11-OT1,-0.009165030283671423,0.08113262994912566,0.23261614500363936,9.820086,False,Kupffer
KCNIP2-AS1,0.008409464930312258,0.10951906931961412,0.28213419947112534,8.783293,False,Kupffer
KCNJ2-AS1,0.012450552039392375,0.01781479028099826,0.06894243951794393,1.8180537,False,Kupffer
KCNQ1-AS1,0.008453837602272425,0.10765939243698505,0.2790091761955499,7.721327,False,Kupffer
KCNQ1OT1,0.061878534026933975,4.563051879166767e-32,2.0725861956425895e-30,1.7201235,False,Kupffer
KCNQ5-AS1,,1.0,1.0,0.0,False,Kupffer
KCTD21-AS1,0.012414012718159763,0.018152581359988217,0.06993606122174033,2.2031603,False,Kupffer
KDM4A-AS1,-0.0007357208137058915,0.888653288456737,1.0,2.7614212,False,Kupffer
KIAA0087,-0.004543560756512647,0.3872314864554918,0.6269808120283104,7.7302313,False,Kupffer
KIF25-AS1,,1.0,1.0,0.0,False,Kupffer
KIF9-AS1,-0.0036955750347736176,0.4818848164726085,0.7232462549841063,2.4809484,False,Kupffer
KLHL6-AS1,0.025440343270542946,1.2846867819912204e-06,1.1086846928584232e-05,11.866613,False,Kupffer
KMT2E-AS1,-0.012766481504374604,0.015116571069711508,0.0598935574125197,0.8366723,False,Kupffer
KRTAP5-AS1,0.009668058059376596,0.06578514337099871,0.1978138631678463,9.677499,False,Kupffer
KTN1-AS1,0.006588102366454079,0.20993776681082993,0.42730257725883547,1.6800346,False,Kupffer
LAMTOR5-AS1,0.004876665531722215,0.3533867060116135,0.596650103731243,1.3478246,False,Kupffer
LATS2-AS1,-0.010849166674443902,0.03895434266135418,0.13183371653626924,1.5315895,False,Kupffer
LBX2-AS1,-0.00729586402477282,0.1650063716175534,0.36512948386140665,0.8718395,False,Kupffer
LDLRAD4-AS1,-0.0038572894240253754,0.46291883624475727,0.707077797662346,9.312357,False,Kupffer
LEMD1-AS1,,1.0,1.0,0.0,False,Kupffer
LENG8-AS1,-0.004088854989875265,0.4365001821236644,0.6816111313414522,1.5448937,False,Kupffer
LGALS8-AS1,0.004919418235128091,0.34918244733286635,0.5955423953522997,3.2520914,False,Kupffer
LIFR-AS1,0.0010446737499607119,0.842417166592659,1.0,9.132194,False,Kupffer
LIMD1-AS1,0.002174240886986945,0.6790492421865172,0.9001835576143846,2.9730787,False,Kupffer
LINC-PINT,0.11270491544222015,1.0921220904157058e-102,1.3464305200410773e-100,1.334202,False,Kupffer
LINC-ROR,-0.008631625650856244,0.10045780047996306,0.26675409788987114,8.9355955,False,Kupffer
LINC00092,0.010712300105228948,0.04148789401013309,0.13823958506079095,8.55344,False,Kupffer
LINC00102,0.005670553911277045,0.28053370486250967,0.5140139857671887,9.385117,False,Kupffer
LINC00106,0.003848142252457787,0.4639803979083662,0.7074471438072792,1.5961051,False,Kupffer
LINC00114,0.006932006549038343,0.1871075519562877,0.3938385788738446,8.912673,False,Kupffer
LINC00115,0.0064996576085631945,0.21612238762771216,0.4368000480625658,1.1073546,False,Kupffer
LINC00158,0.004953047532683154,0.34589778868881177,0.5944440714245363,9.2435255,False,Kupffer
LINC00159,0.006380586703974344,0.22465422630614557,0.4488239857295808,8.84686,False,Kupffer
LINC00161,,1.0,1.0,0.0,False,Kupffer
LINC00174,0.029408774862950408,2.1717389710148003e-08,2.1094753259918498e-07,2.2026567,False,Kupffer
LINC00184,0.005718654235354082,0.27647374174537565,0.5076528492048068,8.458133,False,Kupffer
LINC00200,-0.0036306264935420073,0.4896193301161218,0.7310406261076352,8.548605,False,Kupffer
LINC00205,-0.0006381720159799666,0.9033387068791385,1.0,1.4757762,False,Kupffer
LINC00221,0.007860167990177486,0.1347001665818724,0.32016406777145345,9.535894,False,Kupffer
LINC00222,0.008681460884784132,0.09850958341692884,0.26320052782913184,10.180179,False,Kupffer
LINC00226,,1.0,1.0,0.0,False,Kupffer
LINC00237,0.004086466223921524,0.4367681988781264,0.6816111313414522,4.09039,False,Kupffer
LINC00240,,1.0,1.0,0.0,False,Kupffer
LINC00242,0.004448533673547279,0.39723766362408747,0.6360224558582328,8.992247,False,Kupffer
LINC00261,0.013184408698964341,0.012103365441815643,0.050217328732148556,10.213308,False,Kupffer
LINC00265,0.005111802856544167,0.3306587051821584,0.5753194809923441,2.2328558,False,Kupffer
LINC00276,-0.002362752114642252,0.6529737188176543,0.8804942489681807,7.505658,False,Kupffer
LINC00278,-0.011760190741411394,0.025217510946142743,0.09306643037377493,1.9353704,False,Kupffer
LINC00298,0.0016455329554007087,0.7541690539607161,0.9743231939642185,7.8937864,False,Kupffer
LINC00299,0.0017940211832989728,0.7327991341797219,0.9552955480318731,2.5036821,False,Kupffer
LINC00304,-0.011845868266548503,0.024173493016974048,0.09031049555692036,9.082518,False,Kupffer
LINC00305,,1.0,1.0,0.0,False,Kupffer
LINC00309,-0.0019970581788020204,0.7039137176140208,0.9260328327757621,0.98821163,False,Kupffer
LINC00310,0.01032455851682345,0.04943426747764596,0.15859395105281957,9.5370655,False,Kupffer
LINC00311,0.013558427175788534,0.009871397772062175,0.0419655974250722,9.733042,False,Kupffer
LINC00313,0.013407638597294904,0.010722870207297532,0.04470452651641435,8.602467,False,Kupffer
LINC00315,,1.0,1.0,0.0,False,Kupffer
LINC00319,0.003993076276988508,0.44732049131572366,0.6918236272499454,7.994319,False,Kupffer
LINC00322,,1.0,1.0,0.0,False,Kupffer
LINC00323,0.008621634212486521,0.10085206883139285,0.26697955644629456,9.261161,False,Kupffer
LINC00324,-0.007915025732696151,0.13200005349015187,0.319092566280115,0.9347687,False,Kupffer
LINC00327,0.023021797683833348,1.1778198473403582e-05,9.240532075042993e-05,10.975282,False,Kupffer
LINC00330,0.005996500789961697,0.25380716664283387,0.47929011994040616,9.657695,False,Kupffer
LINC00332,0.004064074366942619,0.43928514354592174,0.6830686105948297,7.861081,False,Kupffer
LINC00333,,1.0,1.0,0.0,False,Kupffer
LINC00334,,1.0,1.0,0.0,False,Kupffer
LINC00336,,1.0,1.0,0.0,False,Kupffer
LINC00339,0.007922384669939239,0.13164105726322442,0.319092566280115,0.99307823,False,Kupffer
LINC00342,0.12309634331553068,2.8755809258258183e-122,4.9632526779753624e-120,6.5909147,False,Kupffer
LINC00355,0.002502773882932307,0.6338739774455141,0.8633317253967939,8.630798,False,Kupffer
LINC00359,-0.008175124529211328,0.11976493542372137,0.29785919098176233,9.244264,False,Kupffer
LINC00379,0.021488474585014728,4.31834588812954e-05,0.00030799442160791673,11.427354,False,Kupffer
LINC00381,,1.0,1.0,0.0,False,Kupffer
LINC00384,,1.0,1.0,0.0,False,Kupffer
LINC00393,,1.0,1.0,0.0,False,Kupffer
LINC00398,0.005886022126053055,0.26266004978009216,0.49170417128030264,8.022424,False,Kupffer
LINC00399,-0.01400754586957687,0.007680951874852305,0.03364802775633269,9.598661,False,Kupffer
LINC00402,0.0051726851040214345,0.32493159195691806,0.5687950585371608,8.486443,False,Kupffer
LINC00407,,1.0,1.0,0.0,False,Kupffer
LINC00412,0.0020688008120171397,0.6938059051529396,0.916461095795549,9.005393,False,Kupffer
LINC00426,0.008549780686217688,0.10372388608632055,0.2712536778560443,11.434064,False,Kupffer
LINC00427,,1.0,1.0,0.0,False,Kupffer
LINC00449,0.019279859066952263,0.00024319748321471993,0.0015432310883404655,3.0063572,False,Kupffer
LINC00461,0.0048501505863215765,0.3560101706835436,0.5989020999998015,8.350857,False,Kupffer
LINC00462,-0.004886390153426194,0.3524275953738165,0.596650103731243,8.437853,False,Kupffer
LINC00469,,1.0,1.0,0.0,False,Kupffer
LINC00470,0.0029242669754922304,0.5778743258668331,0.8175530085748038,3.8847823,False,Kupffer
LINC00472,0.03537088050002925,1.6594494836791883e-11,2.1698559157805145e-10,11.700225,False,Kupffer
LINC00479,,1.0,1.0,0.0,False,Kupffer
LINC00482,-0.061088226596371094,2.703296291729145e-31,1.166472349881126e-29,3.6632452,False,Kupffer
LINC00484,0.0003426275092921316,0.9480128613979073,1.0,4.779379,False,Kupffer
LINC00485,0.008294008805749084,0.11447696969328715,0.29228883090327457,7.209319,False,Kupffer
LINC00486,,1.0,1.0,0.0,False,Kupffer
LINC00487,0.03335902285718052,2.1527968813919842e-10,2.51062663329903e-09,11.773934,False,Kupffer
LINC00491,,1.0,1.0,0.0,False,Kupffer
LINC00494,-0.004256572571560355,0.4179206263459964,0.6620726489844752,8.146364,False,Kupffer
LINC00500,,1.0,1.0,0.0,False,Kupffer
LINC00501,-0.000827253961966805,0.8749080623304074,1.0,8.82294,False,Kupffer
LINC00504,0.020789620182021636,7.598759265279537e-05,0.0005288491327367936,11.538708,False,Kupffer
LINC00507,0.007897452452110976,0.13286041153130204,0.31958769005428134,8.5777855,False,Kupffer
LINC00511,0.002838039781210074,0.5891397145003441,0.8240317238473207,1.9431019,False,Kupffer
LINC00525,,1.0,1.0,0.0,False,Kupffer
LINC00526,0.011743902012954052,0.02542035122669422,0.09335218344100898,0.8416724,False,Kupffer
LINC00528,-0.027813618633350145,1.1967881199488832e-07,1.1349759862811936e-06,2.1801653,False,Kupffer
LINC00534,,1.0,1.0,0.0,False,Kupffer
LINC00543,0.010419658886591425,0.04737568102368701,0.15370380723098453,10.446389,False,Kupffer
LINC00544,0.001213346231362737,0.8173915740810402,1.0,8.17473,False,Kupffer
LINC00545,0.013580404293948243,0.00975246212756966,0.04166522186184463,8.639262,False,Kupffer
LINC00551,,1.0,1.0,0.0,False,Kupffer
LINC00562,0.0023008528087804757,0.661491146132148,0.8864392222236703,2.377027,False,Kupffer
LINC00563,-0.00031846897552563166,0.9516737988681278,1.0,9.0238285,False,Kupffer
LINC00570,,1.0,1.0,0.0,False,Kupffer
LINC00571,0.013857059168663059,0.008360834479081161,0.036441414926500215,10.795058,False,Kupffer
LINC00574,-0.0009091463513503299,0.8626423365309832,1.0,9.796589,False,Kupffer
LINC00578,0.00873019965184726,0.09663352806241608,0.2597966813640657,10.072422,False,Kupffer
LINC00582,-0.00015567161972288842,0.976366543967143,1.0,9.261161,False,Kupffer
LINC00592,-0.0032061739474628765,0.5417691217160211,0.7836714589684743,8.967174,False,Kupffer
LINC00595,0.004667594001663086,0.3744046727499519,0.6142799098540085,9.271719,False,Kupffer
LINC00598,,1.0,1.0,0.0,False,Kupffer
LINC00601,,1.0,1.0,0.0,False,Kupffer
LINC00604,0.010884195601324597,0.03832745433603901,0.13073752210277337,8.848363,False,Kupffer
LINC00607,-0.0069867456855813295,0.18364961791817455,0.39064895280185347,10.93147,False,Kupffer
LINC00608,0.004995589317772679,0.3417709265714191,0.5898966192622693,8.403538,False,Kupffer
LINC00621,0.00878469752406125,0.09456975255185576,0.2563568826090387,9.843191,False,Kupffer
LINC00623,-0.005873439909196279,0.26368165016229694,0.4925481906711304,2.560028,False,Kupffer
LINC00629,0.00577026838442415,0.27216194734790666,0.5029459540925985,9.396063,False,Kupffer
LINC00630,0.00733119045951615,0.16296995130350905,0.3634187802969724,2.5887213,False,Kupffer
LINC00632,-0.000260852658476777,0.9604088379931469,1.0,9.261161,False,Kupffer
LINC00636,,1.0,1.0,0.0,False,Kupffer
LINC00638,0.01591629246708752,0.002453001596025141,0.012236649580171658,3.5035324,False,Kupffer
LINC00639,0.0302209377579624,8.79901117447302e-09,9.039936480440734e-08,12.45217,False,Kupffer
LINC00640,0.008779635110116308,0.09475996008375823,0.2563568826090387,8.936258,False,Kupffer
LINC00642,0.004947153598048007,0.34647203699483403,0.5944440714245363,7.578553,False,Kupffer
LINC00648,0.011858245305394656,0.024025814351915944,0.09014903385088462,12.108112,False,Kupffer
LINC00649,0.01120171381120584,0.0330261636386067,0.11586007813055928,1.9138823,False,Kupffer
LINC00654,0.019348070732378774,0.00023113614027562917,0.0014775591782064295,12.414005,False,Kupffer
LINC00656,-0.032407720231683514,6.879092598686027e-10,7.811390674560581e-09,4.9019976,False,Kupffer
LINC00659,-0.004462784824451577,0.3957271823935626,0.6347817070736886,10.344789,False,Kupffer
LINC00662,0.024129563874115106,4.378612962516582e-06,3.598802844430295e-05,0.7662158,False,Kupffer
LINC00663,0.013451336095924573,0.010469639582092134,0.04386067455992967,11.848038,False,Kupffer
LINC00664,-0.0007129571082939805,0.8920770080206865,1.0,12.149321,False,Kupffer
LINC00665,0.020487218168692044,9.653140830772064e-05,0.0006457876385237435,2.3634043,False,Kupffer
LINC00667,0.03928051098734979,7.545678674172556e-14,1.122744947553606e-12,0.43844724,False,Kupffer
LINC00671,-0.001588899881976275,0.7623703645641221,0.9805150888507264,1.2524881,False,Kupffer
LINC00677,-0.0076363241864037855,0.14616215215149025,0.3349754202520407,10.566358,False,Kupffer
LINC00678,0.0073078952875767576,0.16431067985027656,0.3645247216215647,7.4101753,False,Kupffer
LINC00682,0.0044944878149961376,0.392379446496446,0.6305837287270631,8.338191,False,Kupffer
LINC00683,-0.007129393684997942,0.17486112384634153,0.3820383541250449,10.004047,False,Kupffer
LINC00685,0.009864388898002339,0.0604839057711412,0.1857566216387717,1.4668396,False,Kupffer
LINC00686,-0.001734015378419183,0.7414111129048625,0.9636111301760487,9.820755,False,Kupffer
LINC00687,-0.001436335230186583,0.7845947273756727,0.9933503635605729,8.372727,False,Kupffer
LINC00691,0.003498387187926645,0.5055716198826111,0.7471032670525571,8.90944,False,Kupffer
LINC00692,,1.0,1.0,0.0,False,Kupffer
LINC00702,0.009832464134933057,0.06132100286990387,0.18636182754591654,9.294582,False,Kupffer
LINC00707,0.005849834474010033,0.265605656929682,0.49294125146304424,8.325078,False,Kupffer
LINC00838,0.011063992231224899,0.03524310511061712,0.12117450083849633,9.381161,False,Kupffer
LINC00839,-0.0011581732773055641,0.8255583244942452,1.0,8.820493,False,Kupffer
LINC00842,0.006058918685814155,0.24889834404872,0.473872808205445,9.154474,False,Kupffer
LINC00844,0.03537305096574522,1.6547387803565903e-11,2.1698559157805145e-10,12.091192,False,Kupffer
LINC00847,0.04875232304386349,1.645569334822482e-20,3.641349579363595e-19,0.93171406,False,Kupffer
LINC00852,0.02040683229377123,0.00010281680472697187,0.0006825454036875132,2.4464607,False,Kupffer
LINC00853,0.024350678483610447,3.5754621405601422e-06,2.99575128864408e-05,11.247815,False,Kupffer
LINC00861,0.01291126666589965,0.01400518548221123,0.056744014418536576,2.8964782,False,Kupffer
LINC00862,-0.007105170932341918,0.1763309338268634,0.38365434161322126,10.607163,False,Kupffer
LINC00863,-0.003203369635070975,0.5421226662852597,0.7836714589684743,1.9656181,False,Kupffer
LINC00865,0.04926974032151828,6.486680642509274e-21,1.5129744309420281e-19,4.7601614,False,Kupffer
LINC00867,-0.008503753202647358,0.10559738939897712,0.2744895995521604,8.480894,False,Kupffer
LINC00868,,1.0,1.0,0.0,False,Kupffer
LINC00869,-0.0077369434297494336,0.14092079982293057,0.32780229177139913,9.994815,False,Kupffer
LINC00870,,1.0,1.0,0.0,False,Kupffer
LINC00871,,1.0,1.0,0.0,False,Kupffer
LINC00877,-0.08695560546772209,9.860593596647922e-62,9.455213637674618e-60,2.2428136,False,Kupffer
LINC00880,-0.006412753505790361,0.2223259909436205,0.4462030934519639,9.071238,False,Kupffer
LINC00881,0.01700837691835973,0.001208160298732754,0.006683604729527992,10.104495,False,Kupffer
LINC00882,0.005287265219833984,0.31432932818707643,0.5564603274089513,9.654145,False,Kupffer
LINC00885,0.0069136859648224625,0.18827555691076922,0.3943733145970724,10.120083,False,Kupffer
LINC00886,0.006694859005201508,0.20264457794215573,0.4154000819888826,1.8414984,False,Kupffer
LINC00887,0.006173867695869385,0.24003277729876335,0.46760335622761345,1.7619925,False,Kupffer
LINC00896,0.004133766875741162,0.4314787882385489,0.6797726884843687,10.761828,False,Kupffer
LINC00900,0.029479693370870936,2.008856111044857e-08,1.9926929009559905e-07,2.6670995,False,Kupffer
LINC00907,0.003597198671718261,0.49362603600229504,0.7330791508661765,9.6954565,False,Kupffer
LINC00910,0.04616045789630105,1.5080349171752353e-18,3.026591008191228e-17,1.4119043,False,Kupffer
LINC00920,0.04183228448094222,1.6627618710323238e-15,2.7595451821171066e-14,2.151628,False,Kupffer
LINC00923,0.027349603176463556,1.933368145293975e-07,1.8135833797703263e-06,11.807654,False,Kupffer
LINC00924,0.004100281108571701,0.4352194963050061,0.6816111313414522,10.661537,False,Kupffer
LINC00926,0.008002542702952456,0.12777950214361344,0.3115076563557582,1.6507769,False,Kupffer
LINC00929,,1.0,1.0,0.0,False,Kupffer
LINC00937,-0.17436892400662748,3.711906063436984e-245,1.067791644248706e-242,3.9134727,False,Kupffer
LINC00938,-0.005287739248774639,0.3142859435075538,0.5564603274089513,0.56774473,False,Kupffer
LINC00939,0.003936914978513669,0.45373542502177105,0.699238699631765,7.829562,False,Kupffer
LINC00940,,1.0,1.0,0.0,False,Kupffer
LINC00941,0.0032136569107228713,0.5408262949282004,0.7836714589684743,8.948676,False,Kupffer
LINC00943,0.004710426040933245,0.3700369664338574,0.60827028958556,8.420164,False,Kupffer
LINC00944,0.007052998720324358,0.17952793229931546,0.3863655999359333,2.8973837,False,Kupffer
LINC00951,,1.0,1.0,0.0,False,Kupffer
LINC00954,-0.005032763264916237,0.338190685647937,0.5860613689039551,3.7817101,False,Kupffer
LINC00957,0.011560025792391982,0.027809813879010624,0.10083978730078222,1.3387556,False,Kupffer
LINC00958,0.006417217226051179,0.22200427661925912,0.4462030934519639,10.864041,False,Kupffer
LINC00960,0.011230758443262911,0.03257418192347466,0.1152111434424534,2.565668,False,Kupffer
LINC00964,0.0017486846586075983,0.7393027503258369,0.9623201712386081,8.834331,False,Kupffer
LINC00968,-0.020736762776010203,7.925140873189084e-05,0.0005471517258849744,3.1599565,False,Kupffer
LINC00970,0.016542158281597243,0.0016427591953388438,0.00871437601644777,9.733379,False,Kupffer
LINC00971,0.0075382238492823295,0.1514146587584312,0.3447779696794884,11.12112,False,Kupffer
LINC00987,0.049821908194264214,2.376550012719764e-21,5.697118502714323e-20,4.2063313,False,Kupffer
LINC00989,-0.0030085861021232102,0.5669572298980173,0.8060693400362257,8.329015,False,Kupffer
LINC00992,,1.0,1.0,0.0,False,Kupffer
LINC00996,0.050294386368125235,9.977246631846103e-22,2.4601039552237674e-20,14.139128,False,Kupffer
LINC01001,-0.059930166831224325,3.517594263938893e-30,1.445563737990126e-28,2.0999217,False,Kupffer
LINC01003,-0.020200885413100472,0.0001207282990929616,0.0007953322299024876,1.0577424,False,Kupffer
LINC01004,-0.011187575308276779,0.03324811737060861,0.11616649915317907,2.0008264,False,Kupffer
LINC01010,0.037232810502231754,1.3616091591538274e-12,1.9584478405829218e-11,3.5163875,False,Kupffer
LINC01011,0.01720451800417684,0.0010593135501553493,0.00597508231231416,1.2470064,False,Kupffer
LINC01013,0.03561364133413115,1.2062191128852759e-11,1.6265110850312392e-10,11.799398,False,Kupffer
LINC01018,0.00624869356596863,0.23438272124190218,0.4606507930012667,8.581973,False,Kupffer
LINC01023,0.003310468770562829,0.528702763046912,0.7733398042533645,2.4525466,False,Kupffer
LINC01030,9.483823333943834e-05,0.9856007063566627,1.0,9.599329,False,Kupffer
LINC01031,0.0018725355862698042,0.7215815753119245,0.9449543239669056,8.11028,False,Kupffer
LINC01036,,1.0,1.0,0.0,False,Kupffer
LINC01048,,1.0,1.0,0.0,False,Kupffer
LINC01050,0.0029473660001902977,0.5748737935396806,0.8159804010275401,9.0034685,False,Kupffer
LINC01054,,1.0,1.0,0.0,False,Kupffer
LINC01058,,1.0,1.0,0.0,False,Kupffer
LINC01063,-0.009832168270270381,0.06132880535694125,0.18636182754591654,1.8314137,False,Kupffer
LINC01068,,1.0,1.0,0.0,False,Kupffer
LINC01072,,1.0,1.0,0.0,False,Kupffer
LINC01085,-0.0021847573139030427,0.6775840459667369,0.8996231256450676,9.422342,False,Kupffer
LINC01087,0.008961469943431472,0.08811768185530965,0.24690116701666306,7.994178,False,Kupffer
LINC01088,-0.000134600231457137,0.9795647653733222,1.0,9.384728,False,Kupffer
LINC01090,,1.0,1.0,0.0,False,Kupffer
LINC01091,0.00462787783548937,0.37848300333548207,0.6186189997699262,9.553003,False,Kupffer
LINC01093,0.003558591451945485,0.4982753053411022,0.7375841998445475,10.882858,False,Kupffer
LINC01094,0.047851563469472135,8.130814871593984e-20,1.754223308546402e-18,3.016488,False,Kupffer
LINC01095,0.007872116633162965,0.1341084439023739,0.3197115665407422,11.165877,False,Kupffer
LINC01099,0.0047878227707966806,0.36222527304320046,0.6045052462458966,9.261161,False,Kupffer
LINC01102,-0.005943319241787837,0.2580424470557492,0.4862240869194575,8.323034,False,Kupffer
LINC01104,0.0075051675081086715,0.1532165833799253,0.34786945908515404,9.5510645,False,Kupffer
LINC01106,0.002721935107100371,0.604466542417171,0.8386730323247887,8.989112,False,Kupffer
LINC01111,,1.0,1.0,0.0,False,Kupffer
LINC01114,0.009888718503988873,0.05985233889260818,0.1844734588011459,11.262739,False,Kupffer
LINC01115,0.0034020030957391113,0.5173687432307003,0.7619270058158607,9.697948,False,Kupffer
LINC01116,0.010964778639354451,0.03691780234136986,0.12642882309762773,1.0175328,False,Kupffer
LINC01117,0.006058918685814155,0.24889834404872,0.473872808205445,9.154474,False,Kupffer
LINC01118,0.010286201218687252,0.050285545973386754,0.1601344139300102,10.434362,False,Kupffer
LINC01119,0.008556158629170732,0.10346637486085927,0.2712536778560443,10.4711,False,Kupffer
LINC01122,-0.006003043511602159,0.2532894784544387,0.47929011994040616,9.894462,False,Kupffer
LINC01123,,1.0,1.0,0.0,False,Kupffer
LINC01124,,1.0,1.0,0.0,False,Kupffer
LINC01132,0.002307075739021664,0.6606328554587378,0.8864392222236703,7.8309107,False,Kupffer
LINC01133,-0.007498563460910042,0.15357852133423372,0.34786945908515404,8.591265,False,Kupffer
LINC01134,-0.005402980270437551,0.3038555375059559,0.54859273821682,2.4569907,False,Kupffer
LINC01135,0.004125868576242994,0.4323594269003241,0.6797726884843687,11.285683,False,Kupffer
LINC01138,-0.009112501914349376,0.08289059704730084,0.2353111356967784,9.916717,False,Kupffer
LINC01140,,1.0,1.0,0.0,False,Kupffer
LINC01149,0.004921914215254578,0.3489379803226438,0.5955423953522997,7.765976,False,Kupffer
LINC01150,0.008273321115495644,0.1153837148467773,0.29274188577116944,8.833217,False,Kupffer
LINC01151,0.008147750378741872,0.12100922459134464,0.30008896788025985,8.057122,False,Kupffer
LINC01152,0.008012549289858919,0.12730369172778078,0.3112268724109768,7.168767,False,Kupffer
LINC01160,0.003014074292317467,0.5662500945213558,0.8060693400362257,10.655463,False,Kupffer
LINC01166,,1.0,1.0,0.0,False,Kupffer
LIPE-AS1,-0.041538343746211834,2.611274869430369e-15,4.2519437968271855e-14,1.5194292,False,Kupffer
LL22NC03-63E9.3,0.0017118769841462475,0.7445966583495612,0.9637023511786337,7.5296183,False,Kupffer
LMCD1-AS1,0.0052964383911954715,0.31349046876459563,0.5564603274089513,9.434422,False,Kupffer
LMLN-AS1,,1.0,1.0,0.0,False,Kupffer
LOH12CR2,-0.008587295220503473,0.10221651432295584,0.2697277494001173,1.405396,False,Kupffer
LOXL1-AS1,0.0010452204531027393,0.8423357811844595,1.0,10.129222,False,Kupffer
LPP-AS1,0.007695404728204108,0.14306680525547164,0.3301247404691765,8.436227,False,Kupffer
LPP-AS2,0.010124824542702433,0.05400276430853932,0.16947049308461612,1.7682157,False,Kupffer
LRP4-AS1,0.014278051649894149,0.006582346227662202,0.02943297820970197,3.852975,False,Kupffer
LUCAT1,-0.11858081468458856,1.5278556374224226e-113,2.197565691825918e-111,2.7626815,False,Kupffer
LY86-AS1,-0.040654374852246426,9.959610568725475e-15,1.5627534401472882e-13,12.886234,False,Kupffer
MAFG-AS1,0.013462540747877625,0.01040557076264265,0.043804914966637104,10.885437,False,Kupffer
MALAT1,0.09888035891830917,2.285926981823747e-79,2.4659437316423673e-77,0.29982185,False,Kupffer
MAMDC2-AS1,0.007095268501991675,0.17693444723298035,0.38365434161322126,8.973934,False,Kupffer
MAP3K14-AS1,-0.011110842801797421,0.03447509195887711,0.11948596128719256,10.545482,False,Kupffer
MAPKAPK5-AS1,0.05417235505589632,5.92651534216401e-25,1.826636692959836e-23,0.9430115,False,Kupffer
MAST4-AS1,0.013722431971054742,0.009014162892707596,0.038896112882033276,9.447853,False,Kupffer
MATN1-AS1,0.04304243880414913,2.5096829502804773e-16,4.420115073657249e-15,1.8486347,False,Kupffer
MBNL1-AS1,0.016664513774723586,0.0015165641227026694,0.008129160483803749,1.1249504,False,Kupffer
MCCC1-AS1,,1.0,1.0,0.0,False,Kupffer
MCF2L-AS1,0.010769238611854692,0.0404174354127392,0.1357208045182643,9.342278,False,Kupffer
MCM3AP-AS1,-0.009303898762023028,0.07663052451670639,0.22417675477260207,1.7897539,False,Kupffer
MDC1-AS1,0.00667662180193739,0.20387722257081609,0.4169337513711239,8.080297,False,Kupffer
MDS2,,1.0,1.0,0.0,False,Kupffer
MED4-AS1,-0.0024489454191872076,0.641188551212116,0.8686745992088793,9.415773,False,Kupffer
MEF2C-AS1,0.025717934917225415,9.832558877104154e-07,8.571210415091804e-06,2.5361276,False,Kupffer
MEG3,0.04907535744537564,9.212961862220965e-21,2.0923121281833403e-19,6.511798,False,Kupffer
MEG8,0.008652070108432044,0.09965487871947683,0.265438766465767,10.661339,False,Kupffer
MEG9,0.007100896234029409,0.17659127104561856,0.38365434161322126,10.120267,False,Kupffer
MEIS1-AS2,-7.991439826167157e-05,0.9878664019924269,1.0,7.5909634,False,Kupffer
MIAT,0.016111830545991412,0.0021672739643838804,0.010937762755925666,3.0932946,False,Kupffer
MID1IP1-AS1,0.003816447575984157,0.46766914199843235,0.7118138792674553,9.694266,False,Kupffer
MIMT1,,1.0,1.0,0.0,False,Kupffer
MIR155HG,0.05854939471345126,7.034644067079666e-29,2.759499013586251e-27,3.2019672,False,Kupffer
MIR181A1HG,0.06431889580746533,1.6260954173957316e-34,8.770752157578227e-33,1.0920751,False,Kupffer
MIR181A2HG,0.01571639024946699,0.002780375316675067,0.013633317603923768,10.187082,False,Kupffer
MIR202HG,-0.0025981441450402803,0.621002203676232,0.8520943528808883,9.081947,False,Kupffer
MIR210HG,0.020693411642032433,8.202669764009113e-05,0.0005618177782809416,3.4630985,False,Kupffer
MIR22HG,-0.044344350707809704,3.0947861695085096e-17,5.935112142857431e-16,1.2565308,False,Kupffer
MIR4458HG,0.062385434337819956,1.4404338606163336e-32,6.906080120621644e-31,1.5530643,False,Kupffer
MIR4500HG,,1.0,1.0,0.0,False,Kupffer
MIR497HG,-0.0006811199922296421,0.8968687537894191,1.0,1.6672812,False,Kupffer
MIR503HG,0.03486661832970244,3.197564591154054e-11,4.0580856502440424e-10,2.6425996,False,Kupffer
MIS18A-AS1,-0.0008300684454486661,0.8744859964303545,1.0,1.7588263,False,Kupffer
MKNK1-AS1,0.007748195264073957,0.14034377937797612,0.32780229177139913,8.787528,False,Kupffer
MNX1-AS1,,1.0,1.0,0.0,False,Kupffer
MNX1-AS2,,1.0,1.0,0.0,False,Kupffer
MORC2-AS1,0.0005332864400725509,0.9191654712951108,1.0,0.6862631,False,Kupffer
MORF4L2-AS1,0.006106779058879244,0.24517962992972123,0.473872808205445,1.7050858,False,Kupffer
MPRIP-AS1,0.03683486927286434,2.3477608490504065e-12,3.267931633436292e-11,5.0573654,False,Kupffer
MRPL23-AS1,0.00798892679477528,0.1284291546437043,0.31220946607751215,7.8748016,False,Kupffer
MTUS2-AS1,0.0016063554601229945,0.7598396434129752,0.9787188242767129,8.340995,False,Kupffer
MYCBP2-AS1,0.0069337403097172725,0.18699729606856588,0.3938385788738446,9.94359,False,Kupffer
MYLK-AS1,0.006555910174249617,0.2121738507086644,0.4308377250860644,1.5761929,False,Kupffer
NAALADL2-AS2,,1.0,1.0,0.0,False,Kupffer
NALCN-AS1,0.007806581735952278,0.1373787226120999,0.3221680369952234,9.77271,False,Kupffer
NAPA-AS1,0.017973977096897898,0.0006245019952786997,0.0036914056296268346,1.1784453,False,Kupffer
NAV2-AS2,0.016873084921069825,0.0013218429031527051,0.00717453097748921,10.402604,False,Kupffer
NAV2-AS3,0.006058918685814155,0.24889834404872,0.473872808205445,9.154474,False,Kupffer
NCAM1-AS1,,1.0,1.0,0.0,False,Kupffer
NCBP2-AS1,-0.004617808400520536,0.37952133269744476,0.6191434973873248,3.2925177,False,Kupffer
NDUFB2-AS1,0.0037207252453442907,0.478907704564774,0.722547813005944,1.4870558,False,Kupffer
NEAT1,-0.3540051957982895,0.0,0.0,0.54133415,False,Kupffer
NEBL-AS1,-0.00899777016248512,0.08683771052104647,0.24461840157989526,9.521288,False,Kupffer
NEXN-AS1,0.014814609557771159,0.004811488971402734,0.02220489295358588,9.689,False,Kupffer
NFE4,0.00945441462350315,0.07198301805901282,0.21347541094477,11.578673,False,Kupffer
NFYC-AS1,0.00939780909733628,0.07370300284562786,0.21708427118012577,1.3565416,False,Kupffer
NIFK-AS1,0.02709453112685088,2.5085056224163433e-07,2.2787793180476886e-06,0.9998388,False,Kupffer
NNT-AS1,0.036432154815727584,4.05129116943211e-12,5.549625840031604e-11,0.98750496,False,Kupffer
NOP14-AS1,0.0028009468551453143,0.5940167943030603,0.8281688101511164,0.5161166,False,Kupffer
NPHP3-AS1,-0.006277655108075744,0.23222134286215718,0.4585972972312166,9.382248,False,Kupffer
NR2F2-AS1,0.0050682265863337,0.33479772733165997,0.5813489712016551,9.624868,False,Kupffer
NUCB1-AS1,,1.0,1.0,0.0,False,Kupffer
NUTM2A-AS1,-0.017583174757284232,0.000818812649022071,0.004742518900040586,0.76329637,False,Kupffer
NXF5,,1.0,1.0,0.0,False,Kupffer
ODF2-AS1,,1.0,1.0,0.0,False,Kupffer
OGFR-AS1,0.0020562102124684015,0.6955759185933773,0.916461095795549,2.477335,False,Kupffer
OPA1-AS1,,1.0,1.0,0.0,False,Kupffer
OR2A1-AS1,0.05082408040126019,3.7347787651619585e-22,9.767012346469e-21,13.59638,False,Kupffer
OSBPL10-AS1,,1.0,1.0,0.0,False,Kupffer
OSGEPL1-AS1,0.007017351958846764,0.181736934476783,0.3883869540349848,11.46976,False,Kupffer
OSTN-AS1,-0.0003598703473708431,0.9454005815994939,1.0,9.182969,False,Kupffer
OTX2-AS1,-0.000260852658476777,0.9604088379931469,1.0,9.261161,False,Kupffer
OVCH1-AS1,-0.0015277478212915268,0.7712561230439646,0.9848384892012401,1.2893991,False,Kupffer
PAN3-AS1,-0.0034874529571431428,0.5069027782002549,0.7477899104048205,1.9022818,False,Kupffer
PAPPA-AS1,,1.0,1.0,0.0,False,Kupffer
PART1,0.0038751365655331944,0.46085151611814656,0.7066040520653099,3.383789,False,Kupffer
PAXBP1-AS1,0.04356885275809923,1.0845889635404775e-16,1.95000057403215e-15,1.4529066,False,Kupffer
PAXIP1-AS2,0.028932247371119515,3.650198112527156e-08,3.500134412345484e-07,1.0174675,False,Kupffer
PCA3,-0.0013756333839131767,0.7934874827132737,1.0,7.7042484,False,Kupffer
PCAT1,0.03395530360094319,1.0224459585544953e-10,1.2427758622993372e-09,11.9784155,False,Kupffer
PCAT6,0.005857398527153704,0.26498808436454707,0.4928549931176813,3.144309,False,Kupffer
PCAT7,0.010310708401698494,0.04974024341540717,0.1589845558055422,10.147149,False,Kupffer
PCBP1-AS1,0.07718769811750487,5.491171231088433e-49,3.9490673103577646e-47,1.9168022,False,Kupffer
PCCA-AS1,-0.008880047726334675,0.09104403303234758,0.2502261162640636,8.770015,False,Kupffer
PCDH9-AS1,,1.0,1.0,0.0,False,Kupffer
PCOLCE-AS1,0.00046349472815672177,0.9297148951838682,1.0,8.665422,False,Kupffer
PDCD4-AS1,0.03043842466895251,6.880838166541855e-09,7.241662606982464e-08,0.92020845,False,Kupffer
PEX5L-AS1,0.0053389101808244445,0.3096257679732407,0.554371447636736,8.297719,False,Kupffer
PGM5-AS1,0.0015186617671063773,0.77257897704431,0.9848384892012401,9.895744,False,Kupffer
PHKA2-AS1,0.005322600487994351,0.3111061224023554,0.555868703174395,7.713954,False,Kupffer
PINK1-AS,0.008926355062984578,0.08937028987368772,0.2496005183203641,1.9178896,False,Kupffer
PITPNA-AS1,0.024929118083586593,2.0873787865835587e-06,1.766086169432952e-05,0.9368825,False,Kupffer
PLCXD2-AS1,,1.0,1.0,0.0,False,Kupffer
PLS1-AS1,0.011724478490988285,0.025664072539139698,0.09384785847998965,9.396983,False,Kupffer
POT1-AS1,0.00942419245056042,0.07289719652633911,0.21544616644599537,2.13237,False,Kupffer
POU6F2-AS1,,1.0,1.0,0.0,False,Kupffer
PPP1R26-AS1,-0.0006165248619868086,0.906602232179796,1.0,10.009583,False,Kupffer
PRC1-AS1,0.0052085791122444165,0.32158551948987796,0.5652307603253862,9.749089,False,Kupffer
PRICKLE2-AS3,0.006865446024580085,0.19137674393442072,0.39929528128430003,8.847461,False,Kupffer
PRKAG2-AS1,-0.08200182323070174,4.4516663501939504e-55,3.841788060217379e-53,2.1084042,False,Kupffer
PRKAR2A-AS1,0.007895718931283912,0.13294551648839745,0.31958769005428134,2.2093992,False,Kupffer
PRKCQ-AS1,0.022423755849934335,1.974088972746307e-05,0.00014814250291130982,2.0854883,False,Kupffer
PRKG1-AS1,,1.0,1.0,0.0,False,Kupffer
PRKX-AS1,,1.0,1.0,0.0,False,Kupffer
PRMT5-AS1,0.010349669702330165,0.04888353897266219,0.1574122915425652,10.60622,False,Kupffer
PROSER2-AS1,-0.004527979961883013,0.3888614979127727,0.6272663041097624,7.6551437,False,Kupffer
PROX1-AS1,0.0052723398601568225,0.31569735994565,0.5571509644848588,8.280405,False,Kupffer
PRR7-AS1,-0.016287961264265394,0.0019363685246996981,0.010066783354312285,4.0757475,False,Kupffer
PRRT3-AS1,-0.003049273658547892,0.5617248610358728,0.8039279520297815,10.046031,False,Kupffer
PSMD6-AS2,-0.008820128398943026,0.0932470764059454,0.2538556054836936,1.5829501,False,Kupffer
PSMG3-AS1,0.0017216797305786011,0.7431855754876809,0.9637023511786337,1.439887,False,Kupffer
PTCSC3,,1.0,1.0,0.0,False,Kupffer
PTOV1-AS1,0.009777729246412053,0.06277851677469752,0.1900977543037332,2.2509375,False,Kupffer
PWRN1,0.007627050274345068,0.14665264969760636,0.3349754202520407,8.367113,False,Kupffer
PXN-AS1,0.019676157653470878,0.00018056882743179364,0.001162917149803268,1.8646102,False,Kupffer
RAB11B-AS1,-0.010485524364116391,0.04599257653798633,0.14977959831049886,1.0159354,False,Kupffer
RAD21-AS1,0.004870657026824763,0.35398013106650805,0.596650103731243,1.5060616,False,Kupffer
RAI1-AS1,,1.0,1.0,0.0,False,Kupffer
RAMP2-AS1,0.03456103681744169,4.7372529467789125e-11,5.92499897546406e-10,3.733295,False,Kupffer
RAP2C-AS1,0.0010936201620038932,0.8351374909770896,1.0,1.0624824,False,Kupffer
RASAL2-AS1,0.018995466521061422,0.0003001344995028876,0.0018501148076499427,10.746137,False,Kupffer
RASSF8-AS1,0.05330121787986935,3.296882083603206e-24,9.484030793831889e-23,13.573284,False,Kupffer
RBM26-AS1,0.017984185163639206,0.0006200552538220623,0.0036903978210237227,2.0655727,False,Kupffer
RBMS3-AS2,0.010776305082755554,0.040286231994348706,0.1357208045182643,8.3152895,False,Kupffer
RBMS3-AS3,0.02639048714177196,5.086712896372851e-07,4.525601267597701e-06,4.089596,False,Kupffer
RBPMS-AS1,,1.0,1.0,0.0,False,Kupffer
RFPL1S,0.045121697235699254,8.615337341349817e-18,1.68978093763293e-16,3.1966677,False,Kupffer
RFPL3S,-0.008846472467127104,0.09227327579389684,0.25199948420928153,10.983108,False,Kupffer
RGMB-AS1,0.01188163109894263,0.023748917434067228,0.09014903385088462,10.818103,False,Kupffer
RGPD4-AS1,-0.008684918332639667,0.09837554782018547,0.26320052782913184,10.02002,False,Kupffer
RHPN1-AS1,-0.0018590463054002934,0.723504647304619,0.9460371373089185,10.167584,False,Kupffer
RMDN2-AS1,-0.009279929102282607,0.07739274064778587,0.2251771581733618,7.854954,False,Kupffer
RN7SL832P,0.004745193801551805,0.36651497491025786,0.6068957767136778,0.8327913,False,Kupffer
RNASEH2B-AS1,0.009900919508800605,0.05953768066577482,0.1844734588011459,11.17407,False,Kupffer
RNF157-AS1,,1.0,1.0,0.0,False,Kupffer
RNF185-AS1,,1.0,1.0,0.0,False,Kupffer
RNU6ATAC35P,-0.014676910139048881,0.00521922787081353,0.023831712447153843,10.547829,False,Kupffer
RRM1-AS1,-0.002489054589471835,0.6357348906237189,0.8639987568634164,8.061604,False,Kupffer
RUSC1-AS1,0.009175610031771956,0.08078224513059906,0.23238359182568996,1.0919895,False,Kupffer
RUVBL1-AS1,-0.0069846433184400465,0.18378154674108055,0.39064895280185347,10.560639,False,Kupffer
SAMSN1-AS1,-0.0076501491559258445,0.1454332809662289,0.3346904572636148,10.268501,False,Kupffer
SAP30L-AS1,0.01121840418322581,0.032765782715661294,0.11541579789230898,10.51545,False,Kupffer
SAPCD1-AS1,0.0011299758516844403,0.8297394924022963,1.0,8.725771,False,Kupffer
SBF2-AS1,0.054845254082480074,1.54500195545929e-25,4.938284028005064e-24,4.9879932,False,Kupffer
SCARNA9,0.0026871536171872343,0.6090925918010689,0.8423828633402604,10.114084,False,Kupffer
SCGB1B2P,0.0014334859378030813,0.7850115271706961,0.9933503635605729,9.3138075,False,Kupffer
SDCBP2-AS1,-0.007335550222088651,0.1627199489418112,0.3634187802969724,0.8309083,False,Kupffer
SEC24B-AS1,0.007625749222167657,0.14672156298409197,0.3349754202520407,1.6329927,False,Kupffer
SEC62-AS1,0.004781662305940368,0.3628432416632381,0.6045052462458966,10.114033,False,Kupffer
SEMA3B-AS1,,1.0,1.0,0.0,False,Kupffer
SENCR,0.015669190388109787,0.0028632816478001365,0.013882090236244484,1.4010067,False,Kupffer
SERTAD4-AS1,0.0031724508291048484,0.546028265962668,0.7866817921966318,8.757568,False,Kupffer
SFTA1P,-0.0058625446171775486,0.26456849409377753,0.4928549931176813,8.661256,False,Kupffer
SFTA3,-0.0036146855099299055,0.49152785245334224,0.7326226885444461,8.449817,False,Kupffer
SH3BP5-AS1,0.010371708643211887,0.04840444209033645,0.15645330907850322,1.6205974,False,Kupffer
SH3RF3-AS1,-0.014225966040925164,0.006782196684022894,0.03017028731088535,10.162757,False,Kupffer
SHANK2-AS1,-0.0037086949594305365,0.4803305139894128,0.7231865288545333,8.770015,False,Kupffer
SHANK2-AS3,0.0022398529714026286,0.6699278964387337,0.8963531389560112,8.914327,False,Kupffer
SIAH2-AS1,0.014289783128338358,0.006538070278269245,0.02938726380284562,9.776634,False,Kupffer
SIDT1-AS1,0.009954219194773961,0.05817915691424109,0.18125852858119154,10.288633,False,Kupffer
SIGLEC5,-0.006235177310427035,0.23539629167272144,0.4606507930012667,0.9650068,False,Kupffer
SIX3-AS1,,1.0,1.0,0.0,False,Kupffer
SLC16A1-AS1,0.019238488507782155,0.00025079776547942424,0.0015798428584579789,1.9713397,False,Kupffer
SLC22A18AS,0.0012147346499109311,0.8171863106139734,1.0,1.9644756,False,Kupffer
SLC25A21-AS1,-0.004123884514069278,0.43258080781914254,0.6797726884843687,8.78442,False,Kupffer
SLC25A30-AS1,0.005455626965317099,0.299167916227441,0.5446875774351932,10.181026,False,Kupffer
SLC26A4-AS1,0.008509782424149888,0.10535045863246324,0.2744895995521604,10.141254,False,Kupffer
SLC8A1-AS1,0.0032886580578438645,0.5314219500470316,0.7754315590687899,2.468689,False,Kupffer
SLC9A9-AS2,,1.0,1.0,0.0,False,Kupffer
SMAD5-AS1,0.00913249769151393,0.08221779394043272,0.23466157200113327,10.130214,False,Kupffer
SMARCA5-AS1,0.004878915483531646,0.35316465332240393,0.596650103731243,9.379705,False,Kupffer
SMCR2,,1.0,1.0,0.0,False,Kupffer
SMCR5,-0.005160091438321375,0.32611093488053416,0.5697039206516215,1.7067304,False,Kupffer
SMIM2-AS1,0.016007853100624546,0.0023151718658825384,0.011616240234050178,10.883284,False,Kupffer
SNAI3-AS1,0.004971071794197507,0.344145443362224,0.592809416410378,1.0075583,False,Kupffer
SNAP25-AS1,-0.0023526999890747455,0.6543538696541613,0.8809787667886758,7.6857166,False,Kupffer
SNHG10,-0.002924251009660526,0.57787640235299,0.8175530085748038,0.8106141,False,Kupffer
SNHG12,0.04400101426495207,5.406486192411681e-17,9.927228902236767e-16,0.97706914,False,Kupffer
SNHG15,-0.0090235037024973,0.08593945171228287,0.24316638304163973,0.59274673,False,Kupffer
SNHG18,-0.01498554371780846,0.00434553200864922,0.020381489801436288,9.591764,False,Kupffer
SNHG7,-0.022672812308292593,1.594474562424416e-05,0.00012177270330728062,1.122208,False,Kupffer
SNHG8,0.009255431757402139,0.07817810712471866,0.22564450317268295,0.5413781,False,Kupffer
SNHG9,-0.022916088333298838,1.2915667520620585e-05,0.0001004164060386988,0.782804,False,Kupffer
SNRK-AS1,-0.0038741027624177252,0.4609711255072647,0.7066040520653099,10.166305,False,Kupffer
SPATA13,-0.13472335316638523,2.797681472856844e-146,6.03599777768864e-144,2.7352836,False,Kupffer
SPATA13-AS1,-0.0017102470613822149,0.7448313652794307,0.9637023511786337,2.446826,False,Kupffer
SPATA41,0.015740288023578176,0.002739240439093786,0.013508368565359643,2.6499476,False,Kupffer
SPATA8,0.017541076519521737,0.0008427977188001065,0.0048488962088299465,10.007146,False,Kupffer
SPIN4-AS1,,1.0,1.0,0.0,False,Kupffer
SRGAP2-AS1,0.012605165373164463,0.016445669380301668,0.06451187579636518,10.119342,False,Kupffer
SRRM2-AS1,0.012739691603913838,0.015330521350170958,0.06041205445295678,1.7631302,False,Kupffer
SSBP3-AS1,-0.002373809452766508,0.6514569235070107,0.879823669775509,8.360768,False,Kupffer
ST20,-0.04205906605769074,1.1713167799632385e-15,2.0216927622165495e-14,1.802877,False,Kupffer
ST3GAL6-AS1,0.007832511617389529,0.1360775099408633,0.32016406777145345,3.6057453,False,Kupffer
ST7-AS1,0.011800082395285067,0.024726655232242222,0.0919788942475217,11.25792,False,Kupffer
ST7-AS2,,1.0,1.0,0.0,False,Kupffer
ST7-OT4,0.030375312465488413,7.391050580230974e-09,7.684911627396784e-08,3.6234484,False,Kupffer
ST8SIA6-AS1,0.0031265838600284626,0.5518476616063491,0.7926578894065275,9.664288,False,Kupffer
STARD4-AS1,0.019081578616014568,0.00028169613905199806,0.0017616215072599588,3.9975753,False,Kupffer
STAU2-AS1,-0.004330059517475929,0.40992884560657733,0.6515075391500483,10.557214,False,Kupffer
STEAP3-AS1,0.008867879993552562,0.09148798267733171,0.25064802873186437,9.613812,False,Kupffer
STK24-AS1,9.210841287015914e-05,0.9860151320601621,1.0,11.60943,False,Kupffer
STX18-AS1,0.016539190673537,0.001645936605655836,0.00871437601644777,11.280552,False,Kupffer
STXBP5-AS1,-0.013109669835188919,0.012599565229496438,0.052025955947633616,2.3621793,False,Kupffer
SUCLA2-AS1,0.008191789509693204,0.11901235190208988,0.2968429470852704,9.038828,False,Kupffer
SYP-AS1,,1.0,1.0,0.0,False,Kupffer
SZT2-AS1,,1.0,1.0,0.0,False,Kupffer
TAB3-AS2,,1.0,1.0,0.0,False,Kupffer
TAPT1-AS1,0.02691557708220018,3.0072615439986836e-07,2.7034028254904835e-06,1.8252559,False,Kupffer
TBC1D3P1-DHX40P1,,1.0,1.0,0.0,False,Kupffer
TCEAL3-AS1,,1.0,1.0,0.0,False,Kupffer
TERC,0.005533617139078293,0.2923128687841774,0.534461876611748,11.307424,False,Kupffer
TET2-AS1,0.004732540717181758,0.36779431195973755,0.6068957767136778,7.3754215,False,Kupffer
TEX26-AS1,-0.0007587112580206381,0.8851975739156994,1.0,9.24431,False,Kupffer
TEX41,0.004507311829531652,0.3910301635543131,0.6295877446779332,10.125366,False,Kupffer
TFAP2A-AS1,,1.0,1.0,0.0,False,Kupffer
THAP7-AS1,0.01689805099479664,0.0013001488590655935,0.00710144598337726,1.3541975,False,Kupffer
THAP9-AS1,-0.022085824926614456,2.6285522888326628e-05,0.0001938838141250075,0.89511156,False,Kupffer
THOC7-AS1,,1.0,1.0,0.0,False,Kupffer
TIPARP-AS1,-0.030735291007885843,4.905661742340577e-09,5.2919826045498974e-08,2.1899319,False,Kupffer
TLR8-AS1,0.0030698842445717658,0.5590833026374878,0.8014765617544053,8.442164,False,Kupffer
TM4SF1-AS1,,1.0,1.0,0.0,False,Kupffer
TM4SF19-AS1,-0.003683701319097833,0.48329383677259735,0.7241017033589435,2.2393932,False,Kupffer
TMEM105,-0.02253147047300124,1.8003978066956378e-05,0.00013629327255950313,12.450529,False,Kupffer
TMEM254-AS1,0.01691765310545504,0.0012833465771551406,0.007054319083343225,4.5456314,False,Kupffer
TMEM44-AS1,-0.02503288170385493,1.8929349897955775e-06,1.6174286100926568e-05,1.1644812,False,Kupffer
TMEM72-AS1,0.004740718939891114,0.36696710489494244,0.6068957767136778,9.881722,False,Kupffer
TMEM78,-0.007875840382140838,0.13392444723763922,0.3197115665407422,8.870556,False,Kupffer
TMEM9B-AS1,0.006919908388828314,0.18787825269805972,0.3943733145970724,2.0369377,False,Kupffer
TMLHE-AS1,0.03064078257813945,5.465434202970568e-09,5.823049033535308e-08,3.4309087,False,Kupffer
TMPO-AS1,-0.0154045218984086,0.0033714365194801132,0.01607486031111236,1.2839088,False,Kupffer
TNK2-AS1,-0.004901807189015546,0.3509104384704432,0.596650103731243,3.4513245,False,Kupffer
TP53TG1,0.05517516879047903,7.944408401911395e-26,2.6369324810959744e-24,0.5307596,False,Kupffer
TP73-AS1,0.023384738302520434,8.557112859544524e-06,6.775035227327454e-05,1.609971,False,Kupffer
TPRG1-AS1,0.03344321565712173,1.9394485721352177e-10,2.324644607989851e-09,1.9830174,False,Kupffer
TPRXL,0.00812660287067886,0.1219773891526527,0.30102282281025494,9.442735,False,Kupffer
TPT1-AS1,0.004773002480976744,0.36371304134269794,0.6047868105563552,0.41569805,False,Kupffer
TPTEP1,0.0713120202293978,4.714415073337441e-42,2.9061001487787227e-40,2.5053256,False,Kupffer
TRAF3IP2-AS1,0.012321229931106407,0.01903563796026365,0.07301224693203347,1.3900237,False,Kupffer
TRAM2-AS1,0.03338902496158484,2.074264423207302e-10,2.4521783523669885e-09,2.0035405,False,Kupffer
TRAPPC12-AS1,0.013477107444599725,0.010322799260095005,0.043669489026774456,4.62644,False,Kupffer
TRBV11-2,0.008898141552356185,0.09038706984619846,0.24988509827451363,7.9725313,False,Kupffer
TRERNA1,-0.00606482150448247,0.24843757933436383,0.473872808205445,9.933992,False,Kupffer
TRIM16L,0.008992587698830594,0.08701952408462091,0.24461840157989526,1.4504232,False,Kupffer
TRIM52-AS1,0.0036708916884181826,0.48481642396297026,0.7251240448527614,0.61362433,False,Kupffer
TSIX,0.013633939233599644,0.009468070109366468,0.04065146519593662,2.357696,False,Kupffer
TSPEAR-AS1,0.01055008309346032,0.04467007207180579,0.14713844350369618,8.88401,False,Kupffer
TTC3-AS1,,1.0,1.0,0.0,False,Kupffer
TTLL10-AS1,,1.0,1.0,0.0,False,Kupffer
TTN-AS1,0.003981405335229098,0.44864932525106543,0.6926375092874231,0.9035344,False,Kupffer
TTTY10,0.002865855888495897,0.5854945427369541,0.8240317238473207,9.21621,False,Kupffer
TTTY14,0.012855587255918689,0.014423751622912082,0.05807974744524638,1.4856043,False,Kupffer
UBAC2-AS1,0.01376560855505952,0.00879983127646834,0.03816208236980994,1.1244311,False,Kupffer
UBBP4,0.017037861461247118,0.0011846152993554744,0.006595632279637255,1.8667264,False,Kupffer
UBOX5-AS1,0.0035909041654515043,0.4943824632724388,0.7330791508661765,9.154474,False,Kupffer
UBXN7-AS1,0.013052532841636561,0.01299096550730604,0.05313366461045077,11.9039955,False,Kupffer
UGDH-AS1,0.008748910052473215,0.09592096205017199,0.25868684452905755,2.4639778,False,Kupffer
UNC5B-AS1,0.007192635459455051,0.1710668100740494,0.3746970992231082,10.112457,False,Kupffer
UPK1A-AS1,,1.0,1.0,0.0,False,Kupffer
USP2-AS1,0.005910251578862183,0.260700470544468,0.48941687019865926,9.37173,False,Kupffer
USP3-AS1,0.0185324922903533,0.00042020768270457156,0.002535938672545771,11.386764,False,Kupffer
USP30-AS1,-0.009835436171978958,0.06124267046107961,0.18636182754591654,1.0812573,False,Kupffer
UXT-AS1,-0.006597242563236566,0.2093060051662077,0.4270238355991424,2.8032637,False,Kupffer
VAC14-AS1,0.008891427533238213,0.0906304006488097,0.24988509827451363,10.221328,False,Kupffer
VAV3-AS1,0.005348157012795628,0.3087885466553399,0.554371447636736,10.649765,False,Kupffer
VCAN-AS1,-0.01276484775303842,0.015129542892154454,0.0598935574125197,9.704918,False,Kupffer
VIM-AS1,-0.07895022839412755,3.56879683208343e-51,2.7998833328072728e-49,2.0372562,False,Kupffer
VIPR1-AS1,0.0027298931010678548,0.6034103241151204,0.8385557322243944,2.2366962,False,Kupffer
VPS13A-AS1,0.006806796828036592,0.1951975273044762,0.40300350732957646,7.5902367,False,Kupffer
VPS9D1-AS1,0.007881422841326743,0.1336489744513272,0.3197115665407422,8.428475,False,Kupffer
WAC-AS1,0.01496378899834902,0.00440247118271888,0.02053693313884537,1.2542024,False,Kupffer
WARS2-IT1,,1.0,1.0,0.0,False,Kupffer
WASF3-AS1,0.008433733351137415,0.10849884829513035,0.28034283257095055,7.8933897,False,Kupffer
WASIR1,0.0028419978744084412,0.588620386251273,0.8240317238473207,7.807431,False,Kupffer
WASIR2,0.004715452103716997,0.3695265276693108,0.60827028958556,6.973873,False,Kupffer
WDFY3-AS1,-0.0010836892212358876,0.8366133741895534,1.0,8.796246,False,Kupffer
WEE2-AS1,0.01635848033428098,0.00185042511920726,0.00972267683848734,10.493908,False,Kupffer
WNT5A-AS1,0.007423845833380656,0.15771885421250584,0.3544566957952931,9.69105,False,Kupffer
WT1-AS,0.0038607021487703994,0.462523124578784,0.707077797662346,8.380493,False,Kupffer
WWC2-AS2,0.029907898582989305,1.2498836089257876e-08,1.2689994758858292e-07,11.875791,False,Kupffer
WWC3-AS1,0.009763992513491962,0.06314876927779824,0.19055030729629327,10.558357,False,Kupffer
WWTR1-AS1,-0.008084421987666585,0.1239265668426876,0.3046969435476906,7.7780104,False,Kupffer
XIAP-AS1,-0.002212860594778611,0.6736745621906837,0.8985798256113756,8.619838,False,Kupffer
XIST,0.05561653748527262,3.242860816344076e-26,1.119435553801975e-24,2.227367,False,Kupffer
XXYLT1-AS2,-0.002188968573397859,0.6769976556427897,0.8996231256450676,9.291612,False,Kupffer
YEATS2-AS1,0.0028844102809210967,0.5830689134872081,0.8222033861755893,10.130027,False,Kupffer
ZBED3-AS1,0.07656503577008437,3.165872346027727e-48,2.1016521804784066e-46,5.733306,False,Kupffer
ZBED5-AS1,0.01901521899162057,0.00029580783358681035,0.0018365623049310597,1.2999814,False,Kupffer
ZBTB11-AS1,0.010748546790625922,0.04080370659537207,0.13648681702250426,1.2784281,False,Kupffer
ZBTB20-AS1,0.006018144173191213,0.25209745790389126,0.47815407949683114,9.476507,False,Kupffer
ZBTB20-AS2,0.03131892549572017,2.499519636553376e-09,2.730487906766536e-08,12.536751,False,Kupffer
ZBTB20-AS3,-0.007477273603389231,0.1547497482688648,0.3490717025572411,7.571186,False,Kupffer
ZBTB20-AS4,0.01154570940542475,0.02800372673952477,0.10111805931468568,10.24874,False,Kupffer
ZEB2-AS1,-0.017123328115041758,0.0011187398938624818,0.006269302132489102,0.58301425,False,Kupffer
ZFAS1,-0.20139078296651988,0.0,0.0,0.8896761,False,Kupffer
ZFAT-AS1,,1.0,1.0,0.0,False,Kupffer
ZFX-AS1,-0.0025585650186999744,0.6263302788929913,0.8553324125796199,8.878892,False,Kupffer
ZFY-AS1,-0.005283640244246246,0.31466122801340474,0.5564603274089513,2.2829046,False,Kupffer
ZMIZ1-AS1,0.0037968811087074382,0.46995444846274115,0.7140329032101155,2.453251,False,Kupffer
ZMYM4-AS1,-0.0033306266462961856,0.5261959519619225,0.7709798073737506,8.2545,False,Kupffer
ZMYND10-AS1,,1.0,1.0,0.0,False,Kupffer
ZNF197-AS1,,1.0,1.0,0.0,False,Kupffer
ZNF252P-AS1,0.00054959153004865,0.9167028417469444,1.0,2.6648564,False,Kupffer
ZNF286B,0.004330243434530938,0.4099089590932748,0.6515075391500483,3.2394838,False,Kupffer
ZNF295-AS1,0.0077037023724565844,0.14263613353442925,0.33001335989333097,8.586177,False,Kupffer
ZNF32-AS1,0.004132428820801658,0.43162790449024846,0.6797726884843687,8.135516,False,Kupffer
ZNF32-AS2,0.01245147974977293,0.017806286150419605,0.06894243951794393,9.745359,False,Kupffer
ZNF337-AS1,0.01566967165695608,0.002862425033320202,0.013882090236244484,2.0662298,False,Kupffer
ZNF503-AS1,0.017507318277108875,0.0008625001756869924,0.0049293884213104265,10.118028,False,Kupffer
ZNF571-AS1,0.005183617088545747,0.3239101114495292,0.5681594028067961,9.451864,False,Kupffer
ZNF630-AS1,0.011270478577722256,0.03196465575151516,0.11352056754550445,9.052419,False,Kupffer
ZNF667-AS1,0.04047056106197507,1.3110202915537916e-14,2.0203759135909325e-13,4.2765794,False,Kupffer
ZNF674-AS1,-0.016351383611934216,0.0018589127211476374,0.00972267683848734,1.6554742,False,Kupffer
ZNF781,0.03296528771560427,3.4955543844449925e-10,4.022217911701372e-09,12.279442,False,Kupffer
ZNRF3-AS1,0.001955030397090281,0.7098595341647188,0.9310163799151252,1.6010742,False,Kupffer
ZRANB2-AS1,0.007271186248416157,0.16644026613043075,0.36687265434931143,7.905361,False,Kupffer
ZSCAN16-AS1,-0.017482987774759644,0.0008769641811386358,0.004979079528438439,0.60832953,False,Kupffer
