gene,spearman_rho,wald_p,wald_q,log2fc_max_min,is_progression_coupled,label_set,lineage_name,n_cells
A1BG-AS1,-0.009938397406732026,0.5874749341506386,1.0,13.169789,False,lineage_leiden,Hepatocyte,2982
A2M-AS1,0.0781995174755119,1.9109242122122562e-05,0.0020614094939239713,16.30866,False,lineage_leiden,Hepatocyte,2982
A2ML1-AS2,,1.0,1.0,0.0,False,lineage_leiden,Hepatocyte,2982
ABCC5-AS1,,1.0,1.0,0.0,False,lineage_leiden,Hepatocyte,2982
ACTA2-AS1,,1.0,1.0,0.0,False,lineage_leiden,Hepatocyte,2982
ACVR2B-AS1,,1.0,1.0,0.0,False,lineage_leiden,Hepatocyte,2982
ADAM20P1,0.030542544632364124,0.09540556750926767,0.9851615302187684,12.443153,False,lineage_leiden,Hepatocyte,2982
ADAMTS9-AS2,,1.0,1.0,0.0,False,lineage_leiden,Hepatocyte,2982
ADAMTSL4-AS1,-0.008022167618949574,0.661462085004005,1.0,15.380108,False,lineage_leiden,Hepatocyte,2982
ADIPOQ-AS1,,1.0,1.0,0.0,False,lineage_leiden,Hepatocyte,2982
ADORA2A-AS1,-0.029989353298026638,0.10156132672795862,0.9851615302187684,13.283976,False,lineage_leiden,Hepatocyte,2982
ADPGK-AS1,0.015444075306931015,0.3991937758638466,1.0,13.163369,False,lineage_leiden,Hepatocyte,2982
AFAP1-AS1,,1.0,1.0,0.0,False,lineage_leiden,Hepatocyte,2982
AGAP2-AS1,,1.0,1.0,0.0,False,lineage_leiden,Hepatocyte,2982
AGBL5-AS1,,1.0,1.0,0.0,False,lineage_leiden,Hepatocyte,2982
AIRN,,1.0,1.0,0.0,False,lineage_leiden,Hepatocyte,2982
ALG13-AS1,,1.0,1.0,0.0,False,lineage_leiden,Hepatocyte,2982
ALKBH3-AS1,,1.0,1.0,0.0,False,lineage_leiden,Hepatocyte,2982
AP4B1-AS1,-0.00266233033559474,0.884455841970037,1.0,13.0655,False,lineage_leiden,Hepatocyte,2982
APOA1-AS,,1.0,1.0,0.0,False,lineage_leiden,Hepatocyte,2982
APOBEC3B-AS1,,1.0,1.0,0.0,False,lineage_leiden,Hepatocyte,2982
AQP4-AS1,,1.0,1.0,0.0,False,lineage_leiden,Hepatocyte,2982
ARAP1-AS1,,1.0,1.0,0.0,False,lineage_leiden,Hepatocyte,2982
ARAP1-AS2,,1.0,1.0,0.0,False,lineage_leiden,Hepatocyte,2982
ARHGAP26-AS1,,1.0,1.0,0.0,False,lineage_leiden,Hepatocyte,2982
ARHGAP31-AS1,,1.0,1.0,0.0,False,lineage_leiden,Hepatocyte,2982
ARHGAP5-AS1,,1.0,1.0,0.0,False,lineage_leiden,Hepatocyte,2982
ARIH2OS,0.039445740747077115,0.031242052055951968,0.7286997547104472,14.78054,False,lineage_leiden,Hepatocyte,2982
ARMCX3-AS1,,1.0,1.0,0.0,False,lineage_leiden,Hepatocyte,2982
ARSD-AS1,,1.0,1.0,0.0,False,lineage_leiden,Hepatocyte,2982
ASB16-AS1,0.005849945085554315,0.7494832646903333,1.0,2.3593326,False,lineage_leiden,Hepatocyte,2982
ASMTL-AS1,,1.0,1.0,0.0,False,lineage_leiden,Hepatocyte,2982
ATP11A-AS1,0.0009042550657439745,0.9606335290145492,1.0,13.074827,False,lineage_leiden,Hepatocyte,2982
ATP1B3-AS1,,1.0,1.0,0.0,False,lineage_leiden,Hepatocyte,2982
ATP6V0E2-AS1,,1.0,1.0,0.0,False,lineage_leiden,Hepatocyte,2982
BACH1-IT2,,1.0,1.0,0.0,False,lineage_leiden,Hepatocyte,2982
BCAR4,,1.0,1.0,0.0,False,lineage_leiden,Hepatocyte,2982
BCDIN3D-AS1,,1.0,1.0,0.0,False,lineage_leiden,Hepatocyte,2982
BDNF-AS,,1.0,1.0,0.0,False,lineage_leiden,Hepatocyte,2982
BFSP2-AS1,0.016606378325015814,0.36466158785108727,1.0,13.157713,False,lineage_leiden,Hepatocyte,2982
BHLHE40-AS1,0.012616345291006399,0.49101959716913046,1.0,13.268499,False,lineage_leiden,Hepatocyte,2982
BLACE,,1.0,1.0,0.0,False,lineage_leiden,Hepatocyte,2982
BOK-AS1,,1.0,1.0,0.0,False,lineage_leiden,Hepatocyte,2982
BRWD1-AS1,,1.0,1.0,0.0,False,lineage_leiden,Hepatocyte,2982
BSN-AS1,,1.0,1.0,0.0,False,lineage_leiden,Hepatocyte,2982
BTBD9-AS1,,1.0,1.0,0.0,False,lineage_leiden,Hepatocyte,2982
C10orf55,,1.0,1.0,0.0,False,lineage_leiden,Hepatocyte,2982
C14orf178,,1.0,1.0,0.0,False,lineage_leiden,Hepatocyte,2982
C1QTNF1-AS1,,1.0,1.0,0.0,False,lineage_leiden,Hepatocyte,2982
C1RL-AS1,0.007454668740045417,0.684068779266862,1.0,14.504662,False,lineage_leiden,Hepatocyte,2982
C1orf220,,1.0,1.0,0.0,False,lineage_leiden,Hepatocyte,2982
C21orf91-OT1,,1.0,1.0,0.0,False,lineage_leiden,Hepatocyte,2982
C2orf27A,,1.0,1.0,0.0,False,lineage_leiden,Hepatocyte,2982
C5orf60,,1.0,1.0,0.0,False,lineage_leiden,Hepatocyte,2982
C5orf64,,1.0,1.0,0.0,False,lineage_leiden,Hepatocyte,2982
C6orf47-AS1,,1.0,1.0,0.0,False,lineage_leiden,Hepatocyte,2982
C8orf44,-0.01594274136990458,0.38414379773179724,1.0,14.1341,False,lineage_leiden,Hepatocyte,2982
C9orf163,,1.0,1.0,0.0,False,lineage_leiden,Hepatocyte,2982
CACNA1C-AS1,,1.0,1.0,0.0,False,lineage_leiden,Hepatocyte,2982
CACNA1C-AS2,,1.0,1.0,0.0,False,lineage_leiden,Hepatocyte,2982
CACTIN-AS1,,1.0,1.0,0.0,False,lineage_leiden,Hepatocyte,2982
CAHM,-0.025136822784692064,0.1699684518498925,1.0,15.350272,False,lineage_leiden,Hepatocyte,2982
CASC11,,1.0,1.0,0.0,False,lineage_leiden,Hepatocyte,2982
CASC15,,1.0,1.0,0.0,False,lineage_leiden,Hepatocyte,2982
CASC18,,1.0,1.0,0.0,False,lineage_leiden,Hepatocyte,2982
CASC19,,1.0,1.0,0.0,False,lineage_leiden,Hepatocyte,2982
CASC2,,1.0,1.0,0.0,False,lineage_leiden,Hepatocyte,2982
CASC20,,1.0,1.0,0.0,False,lineage_leiden,Hepatocyte,2982
CASC8,,1.0,1.0,0.0,False,lineage_leiden,Hepatocyte,2982
CASK-AS1,,1.0,1.0,0.0,False,lineage_leiden,Hepatocyte,2982
CCDC140,,1.0,1.0,0.0,False,lineage_leiden,Hepatocyte,2982
CCDC144NL,,1.0,1.0,0.0,False,lineage_leiden,Hepatocyte,2982
CCDC148-AS1,,1.0,1.0,0.0,False,lineage_leiden,Hepatocyte,2982
CCDC183-AS1,,1.0,1.0,0.0,False,lineage_leiden,Hepatocyte,2982
CCDC26,,1.0,1.0,0.0,False,lineage_leiden,Hepatocyte,2982
CCND2-AS1,,1.0,1.0,0.0,False,lineage_leiden,Hepatocyte,2982
CCNT2-AS1,-3.854165498995637e-05,0.9983214209492022,1.0,13.237612,False,lineage_leiden,Hepatocyte,2982
CD27-AS1,0.0001944719687737636,0.9915304445003853,1.0,13.253683,False,lineage_leiden,Hepatocyte,2982
CDKN2B-AS1,,1.0,1.0,0.0,False,lineage_leiden,Hepatocyte,2982
CELF2-AS1,,1.0,1.0,0.0,False,lineage_leiden,Hepatocyte,2982
CERS6-AS1,,1.0,1.0,0.0,False,lineage_leiden,Hepatocyte,2982
CFLAR-AS1,,1.0,1.0,0.0,False,lineage_leiden,Hepatocyte,2982
CIRBP-AS1,,1.0,1.0,0.0,False,lineage_leiden,Hepatocyte,2982
CKMT2-AS1,,1.0,1.0,0.0,False,lineage_leiden,Hepatocyte,2982
CLLU1,,1.0,1.0,0.0,False,lineage_leiden,Hepatocyte,2982
CLRN1-AS1,-0.0024787227096276006,0.8923740658178094,1.0,13.089368,False,lineage_leiden,Hepatocyte,2982
CLYBL-AS1,,1.0,1.0,0.0,False,lineage_leiden,Hepatocyte,2982
COL4A2-AS1,,1.0,1.0,0.0,False,lineage_leiden,Hepatocyte,2982
COL4A2-AS2,,1.0,1.0,0.0,False,lineage_leiden,Hepatocyte,2982
COLCA1,,1.0,1.0,0.0,False,lineage_leiden,Hepatocyte,2982
CPB2-AS1,-0.030734033940404026,0.09334566001199862,0.9851615302187684,13.178712,False,lineage_leiden,Hepatocyte,2982
CRNDE,,1.0,1.0,0.0,False,lineage_leiden,Hepatocyte,2982
CSNK1G2-AS1,,1.0,1.0,0.0,False,lineage_leiden,Hepatocyte,2982
CTC-338M12.4,0.0050531900732751515,0.7826793209183784,1.0,13.128757,False,lineage_leiden,Hepatocyte,2982
CYP1B1-AS1,-0.02952126832281799,0.10701337076658884,0.9851615302187684,12.94635,False,lineage_leiden,Hepatocyte,2982
CYP4A22-AS1,,1.0,1.0,0.0,False,lineage_leiden,Hepatocyte,2982
CYP4F35P,0.0014759026721755332,0.935790373964695,1.0,13.05264,False,lineage_leiden,Hepatocyte,2982
DAB1-AS1,,1.0,1.0,0.0,False,lineage_leiden,Hepatocyte,2982
DACT3-AS1,,1.0,1.0,0.0,False,lineage_leiden,Hepatocyte,2982
DBH-AS1,,1.0,1.0,0.0,False,lineage_leiden,Hepatocyte,2982
DCTN1-AS1,,1.0,1.0,0.0,False,lineage_leiden,Hepatocyte,2982
DDX11-AS1,,1.0,1.0,0.0,False,lineage_leiden,Hepatocyte,2982
DDX39B-AS1,,1.0,1.0,0.0,False,lineage_leiden,Hepatocyte,2982
DENND5B-AS1,,1.0,1.0,0.0,False,lineage_leiden,Hepatocyte,2982
DGCR5,,1.0,1.0,0.0,False,lineage_leiden,Hepatocyte,2982
DGUOK-AS1,,1.0,1.0,0.0,False,lineage_leiden,Hepatocyte,2982
DHRS4-AS1,,1.0,1.0,0.0,False,lineage_leiden,Hepatocyte,2982
DIAPH2-AS1,,1.0,1.0,0.0,False,lineage_leiden,Hepatocyte,2982
DICER1-AS1,0.018566665967338376,0.3107998903456984,1.0,14.792261,False,lineage_leiden,Hepatocyte,2982
DIO2-AS1,,1.0,1.0,0.0,False,lineage_leiden,Hepatocyte,2982
DIO3OS,,1.0,1.0,0.0,False,lineage_leiden,Hepatocyte,2982
DIRC3,0.00202413018397716,0.9120232798118613,1.0,13.256128,False,lineage_leiden,Hepatocyte,2982
DLEU1,0.05079226817055366,0.005532466093957101,0.2652510132824988,14.125611,False,lineage_leiden,Hepatocyte,2982
DLEU2L,0.00974602630633254,0.5947277275482196,1.0,15.111291,False,lineage_leiden,Hepatocyte,2982
DLG1-AS1,,1.0,1.0,0.0,False,lineage_leiden,Hepatocyte,2982
DLG3-AS1,,1.0,1.0,0.0,False,lineage_leiden,Hepatocyte,2982
DLG5-AS1,,1.0,1.0,0.0,False,lineage_leiden,Hepatocyte,2982
DLGAP1-AS1,-0.009442926953535264,0.6062373848595957,1.0,1.6599607,False,lineage_leiden,Hepatocyte,2982
DLGAP1-AS2,0.01183434911689544,0.5182805459371532,1.0,2.526194,False,lineage_leiden,Hepatocyte,2982
DLGAP1-AS3,,1.0,1.0,0.0,False,lineage_leiden,Hepatocyte,2982
DLGAP1-AS5,,1.0,1.0,0.0,False,lineage_leiden,Hepatocyte,2982
DNAH10OS,,1.0,1.0,0.0,False,lineage_leiden,Hepatocyte,2982
DNAH17-AS1,,1.0,1.0,0.0,False,lineage_leiden,Hepatocyte,2982
DNAJC27-AS1,0.02169873307235843,0.23619130518338444,1.0,13.313366,False,lineage_leiden,Hepatocyte,2982
DNAJC9-AS1,,1.0,1.0,0.0,False,lineage_leiden,Hepatocyte,2982
DNM1P35,,1.0,1.0,0.0,False,lineage_leiden,Hepatocyte,2982
DNM3OS,,1.0,1.0,0.0,False,lineage_leiden,Hepatocyte,2982
DNMBP-AS1,,1.0,1.0,0.0,False,lineage_leiden,Hepatocyte,2982
DOCK9-AS1,,1.0,1.0,0.0,False,lineage_leiden,Hepatocyte,2982
DPP10-AS1,,1.0,1.0,0.0,False,lineage_leiden,Hepatocyte,2982
DPYD-AS1,,1.0,1.0,0.0,False,lineage_leiden,Hepatocyte,2982
DPYD-AS2,,1.0,1.0,0.0,False,lineage_leiden,Hepatocyte,2982
DSCAM-AS1,,1.0,1.0,0.0,False,lineage_leiden,Hepatocyte,2982
DSCR9,,1.0,1.0,0.0,False,lineage_leiden,Hepatocyte,2982
EAF1-AS1,0.029648927861511257,0.10550396023834979,0.9851615302187684,12.612649,False,lineage_leiden,Hepatocyte,2982
EDNRB-AS1,,1.0,1.0,0.0,False,lineage_leiden,Hepatocyte,2982
EDRF1-AS1,,1.0,1.0,0.0,False,lineage_leiden,Hepatocyte,2982
EFCAB14-AS1,,1.0,1.0,0.0,False,lineage_leiden,Hepatocyte,2982
EGOT,0.026223396906575262,0.152245452356571,1.0,12.691664,False,lineage_leiden,Hepatocyte,2982
ELFN2,,1.0,1.0,0.0,False,lineage_leiden,Hepatocyte,2982
ELMO1-AS1,0.02603190759853536,0.1552623414937998,1.0,13.022743,False,lineage_leiden,Hepatocyte,2982
ENO1-AS1,0.02852631806224814,0.11937075399518017,1.0,13.043591,False,lineage_leiden,Hepatocyte,2982
ENTPD1-AS1,0.026256044601764856,0.15173557272710847,1.0,14.11357,False,lineage_leiden,Hepatocyte,2982
ENTPD3-AS1,0.00809178210125598,0.6587095575461831,1.0,15.063021,False,lineage_leiden,Hepatocyte,2982
EPB41L4A-AS1,0.038372047924370975,0.03614414769656761,0.7526388506411484,15.242907,False,lineage_leiden,Hepatocyte,2982
EPHA1-AS1,0.04012028046503895,0.028463415616904658,0.6823313243719089,13.549147,False,lineage_leiden,Hepatocyte,2982
EPN2-AS1,-0.007648934026704914,0.6762969162331122,1.0,13.174103,False,lineage_leiden,Hepatocyte,2982
EXTL3-AS1,-0.026843852682898333,0.14277628651690344,1.0,13.214991,False,lineage_leiden,Hepatocyte,2982
EZR-AS1,,1.0,1.0,0.0,False,lineage_leiden,Hepatocyte,2982
FAM106A,-0.023393610465541177,0.20156333204628896,1.0,13.128757,False,lineage_leiden,Hepatocyte,2982
FAM138B,,1.0,1.0,0.0,False,lineage_leiden,Hepatocyte,2982
FAM13A-AS1,0.004027735394757236,0.8259848548103744,1.0,1.5884497,False,lineage_leiden,Hepatocyte,2982
FAM182B,,1.0,1.0,0.0,False,lineage_leiden,Hepatocyte,2982
FAM201A,,1.0,1.0,0.0,False,lineage_leiden,Hepatocyte,2982
FAM215A,,1.0,1.0,0.0,False,lineage_leiden,Hepatocyte,2982
FAM218A,,1.0,1.0,0.0,False,lineage_leiden,Hepatocyte,2982
FAM222A-AS1,,1.0,1.0,0.0,False,lineage_leiden,Hepatocyte,2982
FAM224B,,1.0,1.0,0.0,False,lineage_leiden,Hepatocyte,2982
FAM225A,-0.007627657436922702,0.6771464564632296,1.0,12.822084,False,lineage_leiden,Hepatocyte,2982
FAM225B,,1.0,1.0,0.0,False,lineage_leiden,Hepatocyte,2982
FAM230A,,1.0,1.0,0.0,False,lineage_leiden,Hepatocyte,2982
FAM230C,0.026648928702219483,0.14570117834328972,1.0,12.619492,False,lineage_leiden,Hepatocyte,2982
FAM27E3,,1.0,1.0,0.0,False,lineage_leiden,Hepatocyte,2982
FAM41C,-0.001348729372499683,0.9413126354982552,1.0,14.844668,False,lineage_leiden,Hepatocyte,2982
FAM53B-AS1,,1.0,1.0,0.0,False,lineage_leiden,Hepatocyte,2982
FAM66B,,1.0,1.0,0.0,False,lineage_leiden,Hepatocyte,2982
FAM66C,0.0434569065344007,0.01763435339386269,0.5388350786148434,13.399361,False,lineage_leiden,Hepatocyte,2982
FAM66D,,1.0,1.0,0.0,False,lineage_leiden,Hepatocyte,2982
FAM66E,,1.0,1.0,0.0,False,lineage_leiden,Hepatocyte,2982
FAM74A4,,1.0,1.0,0.0,False,lineage_leiden,Hepatocyte,2982
FAM74A6,-0.011521273367067346,0.5294097876897228,1.0,13.313366,False,lineage_leiden,Hepatocyte,2982
FAM83A-AS1,,1.0,1.0,0.0,False,lineage_leiden,Hepatocyte,2982
FAM83C-AS1,,1.0,1.0,0.0,False,lineage_leiden,Hepatocyte,2982
FAM85B,0.00482300784994036,0.7923467701881207,1.0,14.169988,False,lineage_leiden,Hepatocyte,2982
FAM87A,,1.0,1.0,0.0,False,lineage_leiden,Hepatocyte,2982
FAM87B,,1.0,1.0,0.0,False,lineage_leiden,Hepatocyte,2982
FAM99B,,1.0,1.0,0.0,False,lineage_leiden,Hepatocyte,2982
FARP1-AS1,-0.00035191206620921136,0.9846743387010329,1.0,13.20661,False,lineage_leiden,Hepatocyte,2982
FBXL19-AS1,,1.0,1.0,0.0,False,lineage_leiden,Hepatocyte,2982
FENDRR,,1.0,1.0,0.0,False,lineage_leiden,Hepatocyte,2982
FGD5-AS1,-0.03428352280347716,0.06121914280353574,0.9152978330342524,1.7139199,False,lineage_leiden,Hepatocyte,2982
FGF13-AS1,,1.0,1.0,0.0,False,lineage_leiden,Hepatocyte,2982
FGF14-AS2,,1.0,1.0,0.0,False,lineage_leiden,Hepatocyte,2982
FLG-AS1,,1.0,1.0,0.0,False,lineage_leiden,Hepatocyte,2982
FLNB-AS1,,1.0,1.0,0.0,False,lineage_leiden,Hepatocyte,2982
FOXD2-AS1,0.027457439113943508,0.13386290761848826,1.0,12.6574955,False,lineage_leiden,Hepatocyte,2982
FOXN3-AS1,-0.0036532576534367514,0.8419396983805634,1.0,14.072583,False,lineage_leiden,Hepatocyte,2982
FOXN3-AS2,,1.0,1.0,0.0,False,lineage_leiden,Hepatocyte,2982
FOXP1-AS1,,1.0,1.0,0.0,False,lineage_leiden,Hepatocyte,2982
FRY-AS1,0.02090894879116041,0.2536887408705666,1.0,13.807875,False,lineage_leiden,Hepatocyte,2982
FTX,-0.0056241965204129035,0.7588448549222305,1.0,1.8685269,False,lineage_leiden,Hepatocyte,2982
GAS5-AS1,0.004159573302422283,0.8203845163672548,1.0,13.172662,False,lineage_leiden,Hepatocyte,2982
GAS6-AS1,,1.0,1.0,0.0,False,lineage_leiden,Hepatocyte,2982
GATA3-AS1,,1.0,1.0,0.0,False,lineage_leiden,Hepatocyte,2982
GATA6-AS1,,1.0,1.0,0.0,False,lineage_leiden,Hepatocyte,2982
GDNF-AS1,,1.0,1.0,0.0,False,lineage_leiden,Hepatocyte,2982
GFOD1-AS1,,1.0,1.0,0.0,False,lineage_leiden,Hepatocyte,2982
GGNBP1,,1.0,1.0,0.0,False,lineage_leiden,Hepatocyte,2982
GHRLOS,0.009134288828929915,0.6180585977054468,1.0,13.267668,False,lineage_leiden,Hepatocyte,2982
GK-AS1,,1.0,1.0,0.0,False,lineage_leiden,Hepatocyte,2982
GNAS-AS1,,1.0,1.0,0.0,False,lineage_leiden,Hepatocyte,2982
GNG12-AS1,,1.0,1.0,0.0,False,lineage_leiden,Hepatocyte,2982
GOLGA8M,0.02090424946102247,0.25379548352731396,1.0,13.10421,False,lineage_leiden,Hepatocyte,2982
GPR158-AS1,,1.0,1.0,0.0,False,lineage_leiden,Hepatocyte,2982
GRIK1-AS1,,1.0,1.0,0.0,False,lineage_leiden,Hepatocyte,2982
GRM7-AS1,,1.0,1.0,0.0,False,lineage_leiden,Hepatocyte,2982
GRPEL2-AS1,,1.0,1.0,0.0,False,lineage_leiden,Hepatocyte,2982
GS1-24F4.2,,1.0,1.0,0.0,False,lineage_leiden,Hepatocyte,2982
GS1-279B7.1,,1.0,1.0,0.0,False,lineage_leiden,Hepatocyte,2982
GSN-AS1,-0.013123186481943914,0.47377074628882765,1.0,13.266836,False,lineage_leiden,Hepatocyte,2982
GTSCR1,,1.0,1.0,0.0,False,lineage_leiden,Hepatocyte,2982
HAND2-AS1,,1.0,1.0,0.0,False,lineage_leiden,Hepatocyte,2982
HAR1A,0.030372331914106442,0.09726699538555515,0.9851615302187684,12.613726,False,lineage_leiden,Hepatocyte,2982
HAR1B,,1.0,1.0,0.0,False,lineage_leiden,Hepatocyte,2982
HAS2-AS1,,1.0,1.0,0.0,False,lineage_leiden,Hepatocyte,2982
HCFC1-AS1,,1.0,1.0,0.0,False,lineage_leiden,Hepatocyte,2982
HCG11,0.009238381068874152,0.6140604745632052,1.0,13.921246,False,lineage_leiden,Hepatocyte,2982
HCG14,,1.0,1.0,0.0,False,lineage_leiden,Hepatocyte,2982
HCG15,0.002159573862894433,0.9061627103790311,1.0,13.295727,False,lineage_leiden,Hepatocyte,2982
HCG17,0.02788297090958773,0.12793837236658637,1.0,12.45101,False,lineage_leiden,Hepatocyte,2982
HCG18,0.04995191790786569,0.0063658111357314615,0.2891418426387501,2.6141217,False,lineage_leiden,Hepatocyte,2982
HCG20,0.013823988011589326,0.45047964156823733,1.0,13.271003,False,lineage_leiden,Hepatocyte,2982
HCG21,,1.0,1.0,0.0,False,lineage_leiden,Hepatocyte,2982
HCG22,,1.0,1.0,0.0,False,lineage_leiden,Hepatocyte,2982
HCG24,,1.0,1.0,0.0,False,lineage_leiden,Hepatocyte,2982
HCG25,,1.0,1.0,0.0,False,lineage_leiden,Hepatocyte,2982
HCG27,-0.03517390182654822,0.054787890477836915,0.8639334515501906,2.040725,False,lineage_leiden,Hepatocyte,2982
HCG9,,1.0,1.0,0.0,False,lineage_leiden,Hepatocyte,2982
HDAC11-AS1,,1.0,1.0,0.0,False,lineage_leiden,Hepatocyte,2982
HEXA-AS1,,1.0,1.0,0.0,False,lineage_leiden,Hepatocyte,2982
HHIP-AS1,,1.0,1.0,0.0,False,lineage_leiden,Hepatocyte,2982
HIF1A-AS1,,1.0,1.0,0.0,False,lineage_leiden,Hepatocyte,2982
HLA-DQB1-AS1,,1.0,1.0,0.0,False,lineage_leiden,Hepatocyte,2982
HM13-AS1,,1.0,1.0,0.0,False,lineage_leiden,Hepatocyte,2982
HMGA1P4,0.011792613212436942,0.5197571627738276,1.0,14.259743,False,lineage_leiden,Hepatocyte,2982
HMGN3-AS1,,1.0,1.0,0.0,False,lineage_leiden,Hepatocyte,2982
HNF1A-AS1,,1.0,1.0,0.0,False,lineage_leiden,Hepatocyte,2982
HNF4A-AS1,,1.0,1.0,0.0,False,lineage_leiden,Hepatocyte,2982
HOTAIRM1,-0.09559170816540562,1.6966271921169758e-07,3.6604731669923755e-05,1.3765122,False,lineage_leiden,Hepatocyte,2982
HOTTIP,,1.0,1.0,0.0,False,lineage_leiden,Hepatocyte,2982
HOXA-AS2,-0.008394585089058564,0.6467909483476879,1.0,13.124719,False,lineage_leiden,Hepatocyte,2982
HOXA-AS3,,1.0,1.0,0.0,False,lineage_leiden,Hepatocyte,2982
HOXA10-AS,,1.0,1.0,0.0,False,lineage_leiden,Hepatocyte,2982
HOXA11-AS,,1.0,1.0,0.0,False,lineage_leiden,Hepatocyte,2982
HOXB-AS1,0.0056210282027686085,0.7589764975823649,1.0,13.214224,False,lineage_leiden,Hepatocyte,2982
HOXB-AS2,,1.0,1.0,0.0,False,lineage_leiden,Hepatocyte,2982
HOXB-AS3,,1.0,1.0,0.0,False,lineage_leiden,Hepatocyte,2982
HOXC-AS2,,1.0,1.0,0.0,False,lineage_leiden,Hepatocyte,2982
HOXD-AS2,,1.0,1.0,0.0,False,lineage_leiden,Hepatocyte,2982
HULC,,1.0,1.0,0.0,False,lineage_leiden,Hepatocyte,2982
HYI-AS1,,1.0,1.0,0.0,False,lineage_leiden,Hepatocyte,2982
IDH1-AS1,,1.0,1.0,0.0,False,lineage_leiden,Hepatocyte,2982
IDI2-AS1,-0.02184414260619345,0.23306510787374324,1.0,15.541982,False,lineage_leiden,Hepatocyte,2982
IFNG-AS1,0.03799339349260785,0.03802263202889328,0.7526388506411484,13.040001,False,lineage_leiden,Hepatocyte,2982
IGBP1-AS1,,1.0,1.0,0.0,False,lineage_leiden,Hepatocyte,2982
IGBP1-AS2,,1.0,1.0,0.0,False,lineage_leiden,Hepatocyte,2982
IGFBP7-AS1,,1.0,1.0,0.0,False,lineage_leiden,Hepatocyte,2982
IL12A-AS1,,1.0,1.0,0.0,False,lineage_leiden,Hepatocyte,2982
IL20RB-AS1,,1.0,1.0,0.0,False,lineage_leiden,Hepatocyte,2982
IL21-AS1,,1.0,1.0,0.0,False,lineage_leiden,Hepatocyte,2982
IL21R-AS1,,1.0,1.0,0.0,False,lineage_leiden,Hepatocyte,2982
INHBA-AS1,,1.0,1.0,0.0,False,lineage_leiden,Hepatocyte,2982
INTS6-AS1,0.02944719183624586,0.10789704025845642,0.9851615302187684,14.8299465,False,lineage_leiden,Hepatocyte,2982
IPO9-AS1,,1.0,1.0,0.0,False,lineage_leiden,Hepatocyte,2982
IQCH-AS1,0.024490440719967428,0.18122059707212473,1.0,13.289669,False,lineage_leiden,Hepatocyte,2982
ISM1-AS1,,1.0,1.0,0.0,False,lineage_leiden,Hepatocyte,2982
ITCH-AS1,,1.0,1.0,0.0,False,lineage_leiden,Hepatocyte,2982
ITGB2-AS1,0.009832143267096362,0.5914758827404396,1.0,1.2609854,False,lineage_leiden,Hepatocyte,2982
ITIH4-AS1,,1.0,1.0,0.0,False,lineage_leiden,Hepatocyte,2982
ITPK1-AS1,,1.0,1.0,0.0,False,lineage_leiden,Hepatocyte,2982
ITPKB-AS1,,1.0,1.0,0.0,False,lineage_leiden,Hepatocyte,2982
JARID2-AS1,-0.006278638549643242,0.7318079209970928,1.0,14.261023,False,lineage_leiden,Hepatocyte,2982
JAZF1-AS1,0.025074461058335856,0.17103066899106198,1.0,12.728363,False,lineage_leiden,Hepatocyte,2982
JMJD1C-AS1,0.0004787232700997512,0.9791528399726495,1.0,13.530741,False,lineage_leiden,Hepatocyte,2982
JPX,0.03706585206696789,0.04297761619092592,0.8062974515819362,2.3140483,False,lineage_leiden,Hepatocyte,2982
KANSL1-AS1,0.036721603744222196,0.04495048416654742,0.8081722465777171,3.014079,False,lineage_leiden,Hepatocyte,2982
KBTBD11-OT1,,1.0,1.0,0.0,False,lineage_leiden,Hepatocyte,2982
KCNIP2-AS1,,1.0,1.0,0.0,False,lineage_leiden,Hepatocyte,2982
KCNJ2-AS1,-0.009268662096615284,0.6128995403901011,1.0,15.860702,False,lineage_leiden,Hepatocyte,2982
KCNQ1-AS1,,1.0,1.0,0.0,False,lineage_leiden,Hepatocyte,2982
KCNQ1OT1,0.03396484292716656,0.06366779064056664,0.926546593727709,15.275185,False,lineage_leiden,Hepatocyte,2982
KCNQ5-AS1,,1.0,1.0,0.0,False,lineage_leiden,Hepatocyte,2982
KCTD21-AS1,0.03282969701700208,0.07305523198538323,0.9851615302187684,13.185009,False,lineage_leiden,Hepatocyte,2982
KDM4A-AS1,-0.01913349537141049,0.29625709503350683,1.0,13.239996,False,lineage_leiden,Hepatocyte,2982
KIAA0087,,1.0,1.0,0.0,False,lineage_leiden,Hepatocyte,2982
KIF25-AS1,,1.0,1.0,0.0,False,lineage_leiden,Hepatocyte,2982
KIF9-AS1,-0.01631861276645044,0.37303246532734596,1.0,14.148412,False,lineage_leiden,Hepatocyte,2982
KLHL6-AS1,,1.0,1.0,0.0,False,lineage_leiden,Hepatocyte,2982
KMT2E-AS1,-0.008461106778673563,0.6441845454668004,1.0,1.9123232,False,lineage_leiden,Hepatocyte,2982
KRTAP5-AS1,,1.0,1.0,0.0,False,lineage_leiden,Hepatocyte,2982
KTN1-AS1,0.03814332195993232,0.037269147923578085,0.7526388506411484,13.227374,False,lineage_leiden,Hepatocyte,2982
LAMTOR5-AS1,,1.0,1.0,0.0,False,lineage_leiden,Hepatocyte,2982
LATS2-AS1,0.021648930103399862,0.23726881643927852,1.0,13.211168,False,lineage_leiden,Hepatocyte,2982
LBX2-AS1,-0.002946736241469182,0.8722136322866858,1.0,13.132759,False,lineage_leiden,Hepatocyte,2982
LDLRAD4-AS1,,1.0,1.0,0.0,False,lineage_leiden,Hepatocyte,2982
LEMD1-AS1,,1.0,1.0,0.0,False,lineage_leiden,Hepatocyte,2982
LENG8-AS1,0.037755383357057415,0.039245363011415624,0.7526388506411484,14.35902,False,lineage_leiden,Hepatocyte,2982
LGALS8-AS1,0.02788297090958773,0.12793837236658637,1.0,12.45101,False,lineage_leiden,Hepatocyte,2982
LIFR-AS1,,1.0,1.0,0.0,False,lineage_leiden,Hepatocyte,2982
LIMD1-AS1,-0.006485102567750024,0.7233450825082725,1.0,14.071004,False,lineage_leiden,Hepatocyte,2982
LINC-PINT,-0.036211104723596205,0.04801629157350113,0.8297697272148905,2.3222773,False,lineage_leiden,Hepatocyte,2982
LINC-ROR,,1.0,1.0,0.0,False,lineage_leiden,Hepatocyte,2982
LINC00092,,1.0,1.0,0.0,False,lineage_leiden,Hepatocyte,2982
LINC00102,0.02547871626419787,0.16423260078618673,1.0,12.405638,False,lineage_leiden,Hepatocyte,2982
LINC00106,,1.0,1.0,0.0,False,lineage_leiden,Hepatocyte,2982
LINC00114,,1.0,1.0,0.0,False,lineage_leiden,Hepatocyte,2982
LINC00115,0.015414889297211989,0.4000854731042274,1.0,13.291393,False,lineage_leiden,Hepatocyte,2982
LINC00158,,1.0,1.0,0.0,False,lineage_leiden,Hepatocyte,2982
LINC00159,,1.0,1.0,0.0,False,lineage_leiden,Hepatocyte,2982
LINC00161,,1.0,1.0,0.0,False,lineage_leiden,Hepatocyte,2982
LINC00174,-0.02437479671116283,0.18329070019672386,1.0,13.150709,False,lineage_leiden,Hepatocyte,2982
LINC00184,,1.0,1.0,0.0,False,lineage_leiden,Hepatocyte,2982
LINC00200,,1.0,1.0,0.0,False,lineage_leiden,Hepatocyte,2982
LINC00205,-0.02319958850738866,0.20532866515244894,1.0,13.163369,False,lineage_leiden,Hepatocyte,2982
LINC00221,,1.0,1.0,0.0,False,lineage_leiden,Hepatocyte,2982
LINC00222,,1.0,1.0,0.0,False,lineage_leiden,Hepatocyte,2982
LINC00226,,1.0,1.0,0.0,False,lineage_leiden,Hepatocyte,2982
LINC00237,,1.0,1.0,0.0,False,lineage_leiden,Hepatocyte,2982
LINC00240,,1.0,1.0,0.0,False,lineage_leiden,Hepatocyte,2982
LINC00242,,1.0,1.0,0.0,False,lineage_leiden,Hepatocyte,2982
LINC00261,,1.0,1.0,0.0,False,lineage_leiden,Hepatocyte,2982
LINC00265,0.006337615355140408,0.7293871151868017,1.0,13.222542,False,lineage_leiden,Hepatocyte,2982
LINC00276,,1.0,1.0,0.0,False,lineage_leiden,Hepatocyte,2982
LINC00278,,1.0,1.0,0.0,False,lineage_leiden,Hepatocyte,2982
LINC00298,,1.0,1.0,0.0,False,lineage_leiden,Hepatocyte,2982
LINC00299,,1.0,1.0,0.0,False,lineage_leiden,Hepatocyte,2982
LINC00304,,1.0,1.0,0.0,False,lineage_leiden,Hepatocyte,2982
LINC00305,,1.0,1.0,0.0,False,lineage_leiden,Hepatocyte,2982
LINC00309,-0.013445854145116058,0.4629655638758086,1.0,14.109964,False,lineage_leiden,Hepatocyte,2982
LINC00310,-0.028840417449787232,0.11535438410784493,1.0,12.699919,False,lineage_leiden,Hepatocyte,2982
LINC00311,,1.0,1.0,0.0,False,lineage_leiden,Hepatocyte,2982
LINC00313,,1.0,1.0,0.0,False,lineage_leiden,Hepatocyte,2982
LINC00315,,1.0,1.0,0.0,False,lineage_leiden,Hepatocyte,2982
LINC00319,,1.0,1.0,0.0,False,lineage_leiden,Hepatocyte,2982
LINC00322,,1.0,1.0,0.0,False,lineage_leiden,Hepatocyte,2982
LINC00323,,1.0,1.0,0.0,False,lineage_leiden,Hepatocyte,2982
LINC00324,0.029560276229525537,0.1065503486558815,0.9851615302187684,16.406841,False,lineage_leiden,Hepatocyte,2982
LINC00327,-0.026989354138734864,0.14062251359751743,1.0,13.233572,False,lineage_leiden,Hepatocyte,2982
LINC00330,-0.013478719627030775,0.4618727553790905,1.0,13.129434,False,lineage_leiden,Hepatocyte,2982
LINC00332,,1.0,1.0,0.0,False,lineage_leiden,Hepatocyte,2982
LINC00333,,1.0,1.0,0.0,False,lineage_leiden,Hepatocyte,2982
LINC00334,,1.0,1.0,0.0,False,lineage_leiden,Hepatocyte,2982
LINC00336,,1.0,1.0,0.0,False,lineage_leiden,Hepatocyte,2982
LINC00339,0.04495051384098408,0.014094124173091934,0.5012728209992893,14.280083,False,lineage_leiden,Hepatocyte,2982
LINC00342,0.015111868096164114,0.4094139729689807,1.0,13.088092,False,lineage_leiden,Hepatocyte,2982
LINC00355,,1.0,1.0,0.0,False,lineage_leiden,Hepatocyte,2982
LINC00359,,1.0,1.0,0.0,False,lineage_leiden,Hepatocyte,2982
LINC00379,,1.0,1.0,0.0,False,lineage_leiden,Hepatocyte,2982
LINC00381,,1.0,1.0,0.0,False,lineage_leiden,Hepatocyte,2982
LINC00384,,1.0,1.0,0.0,False,lineage_leiden,Hepatocyte,2982
LINC00393,,1.0,1.0,0.0,False,lineage_leiden,Hepatocyte,2982
LINC00398,,1.0,1.0,0.0,False,lineage_leiden,Hepatocyte,2982
LINC00399,,1.0,1.0,0.0,False,lineage_leiden,Hepatocyte,2982
LINC00402,,1.0,1.0,0.0,False,lineage_leiden,Hepatocyte,2982
LINC00407,,1.0,1.0,0.0,False,lineage_leiden,Hepatocyte,2982
LINC00412,,1.0,1.0,0.0,False,lineage_leiden,Hepatocyte,2982
LINC00426,0.043277955541026224,0.018106856639432744,0.5388350786148434,14.5375,False,lineage_leiden,Hepatocyte,2982
LINC00427,,1.0,1.0,0.0,False,lineage_leiden,Hepatocyte,2982
LINC00449,0.021606376923835435,0.23819222149132074,1.0,13.077335,False,lineage_leiden,Hepatocyte,2982
LINC00461,,1.0,1.0,0.0,False,lineage_leiden,Hepatocyte,2982
LINC00462,,1.0,1.0,0.0,False,lineage_leiden,Hepatocyte,2982
LINC00469,,1.0,1.0,0.0,False,lineage_leiden,Hepatocyte,2982
LINC00470,,1.0,1.0,0.0,False,lineage_leiden,Hepatocyte,2982
LINC00472,,1.0,1.0,0.0,False,lineage_leiden,Hepatocyte,2982
LINC00479,,1.0,1.0,0.0,False,lineage_leiden,Hepatocyte,2982
LINC00482,-0.02145744079535996,0.24144409887920146,1.0,13.164791,False,lineage_leiden,Hepatocyte,2982
LINC00484,-0.022308504386648408,0.22327842266062506,1.0,13.218836,False,lineage_leiden,Hepatocyte,2982
LINC00485,,1.0,1.0,0.0,False,lineage_leiden,Hepatocyte,2982
LINC00486,,1.0,1.0,0.0,False,lineage_leiden,Hepatocyte,2982
LINC00487,,1.0,1.0,0.0,False,lineage_leiden,Hepatocyte,2982
LINC00491,,1.0,1.0,0.0,False,lineage_leiden,Hepatocyte,2982
LINC00494,,1.0,1.0,0.0,False,lineage_leiden,Hepatocyte,2982
LINC00500,,1.0,1.0,0.0,False,lineage_leiden,Hepatocyte,2982
LINC00501,,1.0,1.0,0.0,False,lineage_leiden,Hepatocyte,2982
LINC00504,0.030946799838226142,0.0910988687407675,0.9851615302187684,12.403032,False,lineage_leiden,Hepatocyte,2982
LINC00507,,1.0,1.0,0.0,False,lineage_leiden,Hepatocyte,2982
LINC00511,,1.0,1.0,0.0,False,lineage_leiden,Hepatocyte,2982
LINC00525,,1.0,1.0,0.0,False,lineage_leiden,Hepatocyte,2982
LINC00526,0.030542544632364124,0.09540556750926767,0.9851615302187684,12.443153,False,lineage_leiden,Hepatocyte,2982
LINC00528,0.01963478553998074,0.28378107653179346,1.0,14.613636,False,lineage_leiden,Hepatocyte,2982
LINC00534,,1.0,1.0,0.0,False,lineage_leiden,Hepatocyte,2982
LINC00543,,1.0,1.0,0.0,False,lineage_leiden,Hepatocyte,2982
LINC00544,,1.0,1.0,0.0,False,lineage_leiden,Hepatocyte,2982
LINC00545,,1.0,1.0,0.0,False,lineage_leiden,Hepatocyte,2982
LINC00551,,1.0,1.0,0.0,False,lineage_leiden,Hepatocyte,2982
LINC00562,0.021393611026013323,0.24284727951749221,1.0,12.895357,False,lineage_leiden,Hepatocyte,2982
LINC00563,,1.0,1.0,0.0,False,lineage_leiden,Hepatocyte,2982
LINC00570,,1.0,1.0,0.0,False,lineage_leiden,Hepatocyte,2982
LINC00571,,1.0,1.0,0.0,False,lineage_leiden,Hepatocyte,2982
LINC00574,,1.0,1.0,0.0,False,lineage_leiden,Hepatocyte,2982
LINC00578,,1.0,1.0,0.0,False,lineage_leiden,Hepatocyte,2982
LINC00582,,1.0,1.0,0.0,False,lineage_leiden,Hepatocyte,2982
LINC00592,,1.0,1.0,0.0,False,lineage_leiden,Hepatocyte,2982
LINC00595,,1.0,1.0,0.0,False,lineage_leiden,Hepatocyte,2982
LINC00598,,1.0,1.0,0.0,False,lineage_leiden,Hepatocyte,2982
LINC00601,,1.0,1.0,0.0,False,lineage_leiden,Hepatocyte,2982
LINC00604,,1.0,1.0,0.0,False,lineage_leiden,Hepatocyte,2982
LINC00607,,1.0,1.0,0.0,False,lineage_leiden,Hepatocyte,2982
LINC00608,,1.0,1.0,0.0,False,lineage_leiden,Hepatocyte,2982
LINC00621,,1.0,1.0,0.0,False,lineage_leiden,Hepatocyte,2982
LINC00623,0.008744694796238793,0.6331225134665258,1.0,13.289669,False,lineage_leiden,Hepatocyte,2982
LINC00629,,1.0,1.0,0.0,False,lineage_leiden,Hepatocyte,2982
LINC00630,0.02143616420557775,0.2419111905398949,1.0,13.022896,False,lineage_leiden,Hepatocyte,2982
LINC00632,,1.0,1.0,0.0,False,lineage_leiden,Hepatocyte,2982
LINC00636,,1.0,1.0,0.0,False,lineage_leiden,Hepatocyte,2982
LINC00638,0.027244673216121396,0.13690364420176296,1.0,12.45954,False,lineage_leiden,Hepatocyte,2982
LINC00639,-0.004665464729279145,0.7989819823020383,1.0,1.7062495,False,lineage_leiden,Hepatocyte,2982
LINC00640,,1.0,1.0,0.0,False,lineage_leiden,Hepatocyte,2982
LINC00642,,1.0,1.0,0.0,False,lineage_leiden,Hepatocyte,2982
LINC00648,,1.0,1.0,0.0,False,lineage_leiden,Hepatocyte,2982
LINC00649,0.04426998856543222,0.015620940021793924,0.5012728209992893,15.044905,False,lineage_leiden,Hepatocyte,2982
LINC00654,,1.0,1.0,0.0,False,lineage_leiden,Hepatocyte,2982
LINC00656,-0.012518648567262829,0.4943827604430282,1.0,14.128817,False,lineage_leiden,Hepatocyte,2982
LINC00659,0.03325215297030054,0.06943727109086212,0.9665220153453872,12.911343,False,lineage_leiden,Hepatocyte,2982
LINC00662,0.04860912284672078,0.007933462835390032,0.3423289213470799,14.679312,False,lineage_leiden,Hepatocyte,2982
LINC00663,0.029776587400204522,0.10401148244341257,0.9851615302187684,12.333969,False,lineage_leiden,Hepatocyte,2982
LINC00664,-0.017624056958675197,0.3360092770043675,1.0,1.5661626,False,lineage_leiden,Hepatocyte,2982
LINC00665,,1.0,1.0,0.0,False,lineage_leiden,Hepatocyte,2982
LINC00667,-0.0008146073925592124,0.9645336017658257,1.0,14.733499,False,lineage_leiden,Hepatocyte,2982
LINC00671,0.029961833207448812,0.10187563010020965,0.9851615302187684,14.776285,False,lineage_leiden,Hepatocyte,2982
LINC00677,,1.0,1.0,0.0,False,lineage_leiden,Hepatocyte,2982
LINC00678,,1.0,1.0,0.0,False,lineage_leiden,Hepatocyte,2982
LINC00682,,1.0,1.0,0.0,False,lineage_leiden,Hepatocyte,2982
LINC00683,,1.0,1.0,0.0,False,lineage_leiden,Hepatocyte,2982
LINC00685,0.03126288488071839,0.08784149309146723,0.9851615302187684,13.132822,False,lineage_leiden,Hepatocyte,2982
LINC00686,,1.0,1.0,0.0,False,lineage_leiden,Hepatocyte,2982
LINC00687,,1.0,1.0,0.0,False,lineage_leiden,Hepatocyte,2982
LINC00691,,1.0,1.0,0.0,False,lineage_leiden,Hepatocyte,2982
LINC00692,,1.0,1.0,0.0,False,lineage_leiden,Hepatocyte,2982
LINC00702,,1.0,1.0,0.0,False,lineage_leiden,Hepatocyte,2982
LINC00707,,1.0,1.0,0.0,False,lineage_leiden,Hepatocyte,2982
LINC00838,0.014265953448972586,0.4361306518674829,1.0,12.69767,False,lineage_leiden,Hepatocyte,2982
LINC00839,,1.0,1.0,0.0,False,lineage_leiden,Hepatocyte,2982
LINC00842,,1.0,1.0,0.0,False,lineage_leiden,Hepatocyte,2982
LINC00844,,1.0,1.0,0.0,False,lineage_leiden,Hepatocyte,2982
LINC00847,0.015313347057052642,0.403197126397709,1.0,14.677025,False,lineage_leiden,Hepatocyte,2982
LINC00852,,1.0,1.0,0.0,False,lineage_leiden,Hepatocyte,2982
LINC00853,,1.0,1.0,0.0,False,lineage_leiden,Hepatocyte,2982
LINC00861,0.09327611500935055,3.3504506175445373e-07,5.782877765881871e-05,16.606838,False,lineage_leiden,Hepatocyte,2982
LINC00862,-0.00010821309014889309,0.995287091216322,1.0,14.117901,False,lineage_leiden,Hepatocyte,2982
LINC00863,0.01707446330022446,0.35129825734100245,1.0,13.256128,False,lineage_leiden,Hepatocyte,2982
LINC00865,,1.0,1.0,0.0,False,lineage_leiden,Hepatocyte,2982
LINC00867,,1.0,1.0,0.0,False,lineage_leiden,Hepatocyte,2982
LINC00868,,1.0,1.0,0.0,False,lineage_leiden,Hepatocyte,2982
LINC00869,0.008393614669082306,0.6468290027856636,1.0,13.152802,False,lineage_leiden,Hepatocyte,2982
LINC00870,,1.0,1.0,0.0,False,lineage_leiden,Hepatocyte,2982
LINC00871,,1.0,1.0,0.0,False,lineage_leiden,Hepatocyte,2982
LINC00877,-0.024518505010169885,0.18072085360196508,1.0,2.6291628,False,lineage_leiden,Hepatocyte,2982
LINC00880,,1.0,1.0,0.0,False,lineage_leiden,Hepatocyte,2982
LINC00881,,1.0,1.0,0.0,False,lineage_leiden,Hepatocyte,2982
LINC00882,,1.0,1.0,0.0,False,lineage_leiden,Hepatocyte,2982
LINC00885,,1.0,1.0,0.0,False,lineage_leiden,Hepatocyte,2982
LINC00886,,1.0,1.0,0.0,False,lineage_leiden,Hepatocyte,2982
LINC00887,0.010287231159699099,0.5744285975994758,1.0,13.264349,False,lineage_leiden,Hepatocyte,2982
LINC00896,,1.0,1.0,0.0,False,lineage_leiden,Hepatocyte,2982
LINC00900,,1.0,1.0,0.0,False,lineage_leiden,Hepatocyte,2982
LINC00907,,1.0,1.0,0.0,False,lineage_leiden,Hepatocyte,2982
LINC00910,0.03604558839910135,0.04904725178768632,0.8299564371132018,14.446011,False,lineage_leiden,Hepatocyte,2982
LINC00920,0.031053182787137194,0.08999188330870111,0.9851615302187684,12.23564,False,lineage_leiden,Hepatocyte,2982
LINC00923,,1.0,1.0,0.0,False,lineage_leiden,Hepatocyte,2982
LINC00924,-0.029989353298026638,0.10156132672795862,0.9851615302187684,13.283976,False,lineage_leiden,Hepatocyte,2982
LINC00926,0.024482835320221604,0.18135620355183665,1.0,13.208885,False,lineage_leiden,Hepatocyte,2982
LINC00929,,1.0,1.0,0.0,False,lineage_leiden,Hepatocyte,2982
LINC00937,0.029212835417123634,0.11073078613119412,0.9851615302187684,1.9361742,False,lineage_leiden,Hepatocyte,2982
LINC00938,-0.0009415449219307666,0.959011526212823,1.0,14.115507,False,lineage_leiden,Hepatocyte,2982
LINC00939,,1.0,1.0,0.0,False,lineage_leiden,Hepatocyte,2982
LINC00940,,1.0,1.0,0.0,False,lineage_leiden,Hepatocyte,2982
LINC00941,,1.0,1.0,0.0,False,lineage_leiden,Hepatocyte,2982
LINC00943,,1.0,1.0,0.0,False,lineage_leiden,Hepatocyte,2982
LINC00944,0.03009573624693769,0.10035359262153565,0.9851615302187684,12.760819,False,lineage_leiden,Hepatocyte,2982
LINC00951,,1.0,1.0,0.0,False,lineage_leiden,Hepatocyte,2982
LINC00954,0.044665674640532164,0.014716392519243435,0.5012728209992893,14.606843,False,lineage_leiden,Hepatocyte,2982
LINC00957,0.0003142446346759434,0.986314573225121,1.0,13.995949,False,lineage_leiden,Hepatocyte,2982
LINC00958,0.006621454491262192,0.7177745045715628,1.0,2.0863547,False,lineage_leiden,Hepatocyte,2982
LINC00960,,1.0,1.0,0.0,False,lineage_leiden,Hepatocyte,2982
LINC00964,,1.0,1.0,0.0,False,lineage_leiden,Hepatocyte,2982
LINC00968,-0.017522455657581752,0.33880296334542515,1.0,13.132143,False,lineage_leiden,Hepatocyte,2982
LINC00970,,1.0,1.0,0.0,False,lineage_leiden,Hepatocyte,2982
LINC00971,,1.0,1.0,0.0,False,lineage_leiden,Hepatocyte,2982
LINC00987,0.056617481404687045,0.0019818771273326834,0.1315661508375466,15.305567,False,lineage_leiden,Hepatocyte,2982
LINC00989,,1.0,1.0,0.0,False,lineage_leiden,Hepatocyte,2982
LINC00992,,1.0,1.0,0.0,False,lineage_leiden,Hepatocyte,2982
LINC00996,0.04185050894881929,0.022289221887329087,0.5893652117352127,14.0289955,False,lineage_leiden,Hepatocyte,2982
LINC01001,-0.05140740696943742,0.004986269176960916,0.2652510132824988,1.1247654,False,lineage_leiden,Hepatocyte,2982
LINC01003,0.03444761347589327,0.059989037661812065,0.9152978330342524,15.450163,False,lineage_leiden,Hepatocyte,2982
LINC01004,0.020799090745922125,0.25619228148269985,1.0,13.971884,False,lineage_leiden,Hepatocyte,2982
LINC01010,0.01194680516271157,0.5143126660402366,1.0,12.978186,False,lineage_leiden,Hepatocyte,2982
LINC01011,0.012788047785485417,0.48513871437960404,1.0,13.12539,False,lineage_leiden,Hepatocyte,2982
LINC01013,,1.0,1.0,0.0,False,lineage_leiden,Hepatocyte,2982
LINC01018,,1.0,1.0,0.0,False,lineage_leiden,Hepatocyte,2982
LINC01023,,1.0,1.0,0.0,False,lineage_leiden,Hepatocyte,2982
LINC01030,-0.016244676298718227,0.3752022774037606,1.0,13.200581,False,lineage_leiden,Hepatocyte,2982
LINC01031,,1.0,1.0,0.0,False,lineage_leiden,Hepatocyte,2982
LINC01036,,1.0,1.0,0.0,False,lineage_leiden,Hepatocyte,2982
LINC01048,,1.0,1.0,0.0,False,lineage_leiden,Hepatocyte,2982
LINC01050,,1.0,1.0,0.0,False,lineage_leiden,Hepatocyte,2982
LINC01054,,1.0,1.0,0.0,False,lineage_leiden,Hepatocyte,2982
LINC01058,,1.0,1.0,0.0,False,lineage_leiden,Hepatocyte,2982
LINC01063,-0.002130669883548796,0.9074129512406006,1.0,14.164242,False,lineage_leiden,Hepatocyte,2982
LINC01068,,1.0,1.0,0.0,False,lineage_leiden,Hepatocyte,2982
LINC01072,,1.0,1.0,0.0,False,lineage_leiden,Hepatocyte,2982
LINC01085,,1.0,1.0,0.0,False,lineage_leiden,Hepatocyte,2982
LINC01087,,1.0,1.0,0.0,False,lineage_leiden,Hepatocyte,2982
LINC01088,,1.0,1.0,0.0,False,lineage_leiden,Hepatocyte,2982
LINC01090,,1.0,1.0,0.0,False,lineage_leiden,Hepatocyte,2982
LINC01091,,1.0,1.0,0.0,False,lineage_leiden,Hepatocyte,2982
LINC01093,0.026582142141907093,0.14671380705780931,1.0,14.166436,False,lineage_leiden,Hepatocyte,2982
LINC01094,-0.007632076406621219,0.6769699802411806,1.0,14.105576,False,lineage_leiden,Hepatocyte,2982
LINC01095,,1.0,1.0,0.0,False,lineage_leiden,Hepatocyte,2982
LINC01099,,1.0,1.0,0.0,False,lineage_leiden,Hepatocyte,2982
LINC01102,,1.0,1.0,0.0,False,lineage_leiden,Hepatocyte,2982
LINC01104,,1.0,1.0,0.0,False,lineage_leiden,Hepatocyte,2982
LINC01106,,1.0,1.0,0.0,False,lineage_leiden,Hepatocyte,2982
LINC01111,,1.0,1.0,0.0,False,lineage_leiden,Hepatocyte,2982
LINC01114,,1.0,1.0,0.0,False,lineage_leiden,Hepatocyte,2982
LINC01115,0.007153034091522819,0.6962024112718433,1.0,13.158418,False,lineage_leiden,Hepatocyte,2982
LINC01116,-0.011526940697719156,0.5292072507226075,1.0,15.344886,False,lineage_leiden,Hepatocyte,2982
LINC01117,,1.0,1.0,0.0,False,lineage_leiden,Hepatocyte,2982
LINC01118,,1.0,1.0,0.0,False,lineage_leiden,Hepatocyte,2982
LINC01119,,1.0,1.0,0.0,False,lineage_leiden,Hepatocyte,2982
LINC01122,0.023372333875758967,0.20197376728037175,1.0,13.163369,False,lineage_leiden,Hepatocyte,2982
LINC01123,,1.0,1.0,0.0,False,lineage_leiden,Hepatocyte,2982
LINC01124,,1.0,1.0,0.0,False,lineage_leiden,Hepatocyte,2982
LINC01132,,1.0,1.0,0.0,False,lineage_leiden,Hepatocyte,2982
LINC01133,,1.0,1.0,0.0,False,lineage_leiden,Hepatocyte,2982
LINC01134,0.02881914086000502,0.11562304914591558,1.0,12.578478,False,lineage_leiden,Hepatocyte,2982
LINC01135,,1.0,1.0,0.0,False,lineage_leiden,Hepatocyte,2982
LINC01138,,1.0,1.0,0.0,False,lineage_leiden,Hepatocyte,2982
LINC01140,,1.0,1.0,0.0,False,lineage_leiden,Hepatocyte,2982
LINC01149,,1.0,1.0,0.0,False,lineage_leiden,Hepatocyte,2982
LINC01150,,1.0,1.0,0.0,False,lineage_leiden,Hepatocyte,2982
LINC01151,,1.0,1.0,0.0,False,lineage_leiden,Hepatocyte,2982
LINC01152,,1.0,1.0,0.0,False,lineage_leiden,Hepatocyte,2982
LINC01160,,1.0,1.0,0.0,False,lineage_leiden,Hepatocyte,2982
LINC01166,,1.0,1.0,0.0,False,lineage_leiden,Hepatocyte,2982
LIPE-AS1,0.02179085339407076,0.23420736391385993,1.0,14.188681,False,lineage_leiden,Hepatocyte,2982
LL22NC03-63E9.3,,1.0,1.0,0.0,False,lineage_leiden,Hepatocyte,2982
LMCD1-AS1,,1.0,1.0,0.0,False,lineage_leiden,Hepatocyte,2982
LMLN-AS1,,1.0,1.0,0.0,False,lineage_leiden,Hepatocyte,2982
LOH12CR2,-0.004731025441280016,0.7962189822443912,1.0,2.7932057,False,lineage_leiden,Hepatocyte,2982
LOXL1-AS1,-0.03136923327739493,0.08676688100637457,0.9851615302187684,14.142574,False,lineage_leiden,Hepatocyte,2982
LPP-AS1,,1.0,1.0,0.0,False,lineage_leiden,Hepatocyte,2982
LPP-AS2,-0.01090840944688943,0.5515420249185439,1.0,14.124092,False,lineage_leiden,Hepatocyte,2982
LRP4-AS1,,1.0,1.0,0.0,False,lineage_leiden,Hepatocyte,2982
LUCAT1,-0.05108497718161828,0.0052661667675801644,0.2652510132824988,1.0965286,False,lineage_leiden,Hepatocyte,2982
LY86-AS1,,1.0,1.0,0.0,False,lineage_leiden,Hepatocyte,2982
MAFG-AS1,,1.0,1.0,0.0,False,lineage_leiden,Hepatocyte,2982
MALAT1,0.013130372422567966,0.47352861132149265,1.0,0.13322306,False,lineage_leiden,Hepatocyte,2982
MAMDC2-AS1,,1.0,1.0,0.0,False,lineage_leiden,Hepatocyte,2982
MAP3K14-AS1,,1.0,1.0,0.0,False,lineage_leiden,Hepatocyte,2982
MAPKAPK5-AS1,0.08647909969714944,2.25288739253373e-06,0.0003240403032927682,16.15609,False,lineage_leiden,Hepatocyte,2982
MAST4-AS1,,1.0,1.0,0.0,False,lineage_leiden,Hepatocyte,2982
MATN1-AS1,0.017362408692942238,0.3432338326837585,1.0,14.544785,False,lineage_leiden,Hepatocyte,2982
MBNL1-AS1,0.005640364633424511,0.7581731834720901,1.0,13.241592,False,lineage_leiden,Hepatocyte,2982
MCCC1-AS1,,1.0,1.0,0.0,False,lineage_leiden,Hepatocyte,2982
MCF2L-AS1,,1.0,1.0,0.0,False,lineage_leiden,Hepatocyte,2982
MCM3AP-AS1,0.014074464140932686,0.44231502349744023,1.0,13.253683,False,lineage_leiden,Hepatocyte,2982
MDC1-AS1,,1.0,1.0,0.0,False,lineage_leiden,Hepatocyte,2982
MDS2,-0.016095740170242744,0.37959670626986286,1.0,13.090007,False,lineage_leiden,Hepatocyte,2982
MED4-AS1,,1.0,1.0,0.0,False,lineage_leiden,Hepatocyte,2982
MEF2C-AS1,0.010575254085187617,0.5637609693989005,1.0,14.016302,False,lineage_leiden,Hepatocyte,2982
MEG3,0.031963431154021144,0.08095645080950303,0.9851615302187684,13.551456,False,lineage_leiden,Hepatocyte,2982
MEG8,,1.0,1.0,0.0,False,lineage_leiden,Hepatocyte,2982
MEG9,,1.0,1.0,0.0,False,lineage_leiden,Hepatocyte,2982
MEIS1-AS2,,1.0,1.0,0.0,False,lineage_leiden,Hepatocyte,2982
MIAT,0.09995274677582901,4.5104763743044664e-08,1.2975137036749182e-05,17.086555,False,lineage_leiden,Hepatocyte,2982
MID1IP1-AS1,,1.0,1.0,0.0,False,lineage_leiden,Hepatocyte,2982
MIMT1,,1.0,1.0,0.0,False,lineage_leiden,Hepatocyte,2982
MIR155HG,0.04073171659227947,0.02613125909071582,0.6632728410378752,14.890881,False,lineage_leiden,Hepatocyte,2982
MIR181A1HG,0.015861697682638422,0.3865658376151235,1.0,13.233655,False,lineage_leiden,Hepatocyte,2982
MIR181A2HG,,1.0,1.0,0.0,False,lineage_leiden,Hepatocyte,2982
MIR202HG,,1.0,1.0,0.0,False,lineage_leiden,Hepatocyte,2982
MIR210HG,,1.0,1.0,0.0,False,lineage_leiden,Hepatocyte,2982
MIR22HG,-0.018266934372900844,0.31867710023222745,1.0,2.1531003,False,lineage_leiden,Hepatocyte,2982
MIR4458HG,,1.0,1.0,0.0,False,lineage_leiden,Hepatocyte,2982
MIR4500HG,,1.0,1.0,0.0,False,lineage_leiden,Hepatocyte,2982
MIR497HG,,1.0,1.0,0.0,False,lineage_leiden,Hepatocyte,2982
MIR503HG,0.003779352738775102,0.8365597513245425,1.0,13.373501,False,lineage_leiden,Hepatocyte,2982
MIS18A-AS1,,1.0,1.0,0.0,False,lineage_leiden,Hepatocyte,2982
MKNK1-AS1,-0.006840423614980889,0.7088600606637375,1.0,12.93127,False,lineage_leiden,Hepatocyte,2982
MNX1-AS1,,1.0,1.0,0.0,False,lineage_leiden,Hepatocyte,2982
MNX1-AS2,,1.0,1.0,0.0,False,lineage_leiden,Hepatocyte,2982
MORC2-AS1,-0.02054254743472488,0.2621052529936688,1.0,13.261048,False,lineage_leiden,Hepatocyte,2982
MORF4L2-AS1,0.003088232746323964,0.8661341250796681,1.0,13.169789,False,lineage_leiden,Hepatocyte,2982
MPRIP-AS1,-0.002627658838103079,0.8859502191169759,1.0,13.16408,False,lineage_leiden,Hepatocyte,2982
MRPL23-AS1,,1.0,1.0,0.0,False,lineage_leiden,Hepatocyte,2982
MTUS2-AS1,,1.0,1.0,0.0,False,lineage_leiden,Hepatocyte,2982
MYCBP2-AS1,,1.0,1.0,0.0,False,lineage_leiden,Hepatocyte,2982
MYLK-AS1,,1.0,1.0,0.0,False,lineage_leiden,Hepatocyte,2982
NAALADL2-AS2,,1.0,1.0,0.0,False,lineage_leiden,Hepatocyte,2982
NALCN-AS1,,1.0,1.0,0.0,False,lineage_leiden,Hepatocyte,2982
NAPA-AS1,,1.0,1.0,0.0,False,lineage_leiden,Hepatocyte,2982
NAV2-AS2,,1.0,1.0,0.0,False,lineage_leiden,Hepatocyte,2982
NAV2-AS3,,1.0,1.0,0.0,False,lineage_leiden,Hepatocyte,2982
NCAM1-AS1,,1.0,1.0,0.0,False,lineage_leiden,Hepatocyte,2982
NCBP2-AS1,0.025010631288989227,0.17212302922173595,1.0,12.86098,False,lineage_leiden,Hepatocyte,2982
NDUFB2-AS1,-0.02577658852114883,0.1593551513383077,1.0,13.132759,False,lineage_leiden,Hepatocyte,2982
NEAT1,-0.33497509762902455,4.1892515372869967e-79,3.6153240766786785e-76,0.48570812,False,lineage_leiden,Hepatocyte,2982
NEBL-AS1,,1.0,1.0,0.0,False,lineage_leiden,Hepatocyte,2982
NEXN-AS1,0.025010631288989227,0.17212302922173595,1.0,12.86098,False,lineage_leiden,Hepatocyte,2982
NFE4,-0.04664656646291647,0.010847294993263076,0.4351246289866855,1.9856522,False,lineage_leiden,Hepatocyte,2982
NFYC-AS1,0.015814395557190247,0.3879837856366732,1.0,13.261048,False,lineage_leiden,Hepatocyte,2982
NIFK-AS1,-0.01256140950190795,0.49290922222490446,1.0,14.757502,False,lineage_leiden,Hepatocyte,2982
NNT-AS1,0.03779824730194957,0.03902272561172926,0.7526388506411484,12.833014,False,lineage_leiden,Hepatocyte,2982
NOP14-AS1,0.023735115745098182,0.19505852803052087,1.0,13.243992,False,lineage_leiden,Hepatocyte,2982
NPHP3-AS1,,1.0,1.0,0.0,False,lineage_leiden,Hepatocyte,2982
NR2F2-AS1,,1.0,1.0,0.0,False,lineage_leiden,Hepatocyte,2982
NUCB1-AS1,,1.0,1.0,0.0,False,lineage_leiden,Hepatocyte,2982
NUTM2A-AS1,0.03326444825261943,0.06933421601259414,0.9665220153453872,15.449784,False,lineage_leiden,Hepatocyte,2982
NXF5,,1.0,1.0,0.0,False,lineage_leiden,Hepatocyte,2982
ODF2-AS1,,1.0,1.0,0.0,False,lineage_leiden,Hepatocyte,2982
OGFR-AS1,,1.0,1.0,0.0,False,lineage_leiden,Hepatocyte,2982
OPA1-AS1,,1.0,1.0,0.0,False,lineage_leiden,Hepatocyte,2982
OR2A1-AS1,,1.0,1.0,0.0,False,lineage_leiden,Hepatocyte,2982
OSBPL10-AS1,,1.0,1.0,0.0,False,lineage_leiden,Hepatocyte,2982
OSGEPL1-AS1,,1.0,1.0,0.0,False,lineage_leiden,Hepatocyte,2982
OSTN-AS1,,1.0,1.0,0.0,False,lineage_leiden,Hepatocyte,2982
OTX2-AS1,,1.0,1.0,0.0,False,lineage_leiden,Hepatocyte,2982
OVCH1-AS1,0.02212239486673963,0.2271649039296917,1.0,13.186476,False,lineage_leiden,Hepatocyte,2982
PAN3-AS1,-0.007401122731001405,0.6862169011669916,1.0,14.170347,False,lineage_leiden,Hepatocyte,2982
PAPPA-AS1,,1.0,1.0,0.0,False,lineage_leiden,Hepatocyte,2982
PART1,,1.0,1.0,0.0,False,lineage_leiden,Hepatocyte,2982
PAXBP1-AS1,-0.003110425308228009,0.8651813127071272,1.0,13.190159,False,lineage_leiden,Hepatocyte,2982
PAXIP1-AS2,0.013959545278801383,0.44605041369275106,1.0,14.17033,False,lineage_leiden,Hepatocyte,2982
PCA3,,1.0,1.0,0.0,False,lineage_leiden,Hepatocyte,2982
PCAT1,0.017176906727135625,0.3484154983755226,1.0,13.724737,False,lineage_leiden,Hepatocyte,2982
PCAT6,,1.0,1.0,0.0,False,lineage_leiden,Hepatocyte,2982
PCAT7,,1.0,1.0,0.0,False,lineage_leiden,Hepatocyte,2982
PCBP1-AS1,0.007822448954183986,0.6693841939179846,1.0,1.079828,False,lineage_leiden,Hepatocyte,2982
PCCA-AS1,,1.0,1.0,0.0,False,lineage_leiden,Hepatocyte,2982
PCDH9-AS1,,1.0,1.0,0.0,False,lineage_leiden,Hepatocyte,2982
PCOLCE-AS1,-0.01179786903423609,0.5195710924212882,1.0,12.92201,False,lineage_leiden,Hepatocyte,2982
PDCD4-AS1,-0.02809083424212171,0.12511944741026718,1.0,2.003387,False,lineage_leiden,Hepatocyte,2982
PEX5L-AS1,,1.0,1.0,0.0,False,lineage_leiden,Hepatocyte,2982
PGM5-AS1,,1.0,1.0,0.0,False,lineage_leiden,Hepatocyte,2982
PHKA2-AS1,,1.0,1.0,0.0,False,lineage_leiden,Hepatocyte,2982
PINK1-AS,,1.0,1.0,0.0,False,lineage_leiden,Hepatocyte,2982
PITPNA-AS1,0.033869224988645655,0.06441807140632971,0.926546593727709,14.840912,False,lineage_leiden,Hepatocyte,2982
PLCXD2-AS1,,1.0,1.0,0.0,False,lineage_leiden,Hepatocyte,2982
PLS1-AS1,,1.0,1.0,0.0,False,lineage_leiden,Hepatocyte,2982
POT1-AS1,,1.0,1.0,0.0,False,lineage_leiden,Hepatocyte,2982
POU6F2-AS1,,1.0,1.0,0.0,False,lineage_leiden,Hepatocyte,2982
PPP1R26-AS1,,1.0,1.0,0.0,False,lineage_leiden,Hepatocyte,2982
PRC1-AS1,,1.0,1.0,0.0,False,lineage_leiden,Hepatocyte,2982
PRICKLE2-AS3,,1.0,1.0,0.0,False,lineage_leiden,Hepatocyte,2982
PRKAG2-AS1,-0.01644826661272997,0.3692463147687534,1.0,14.038741,False,lineage_leiden,Hepatocyte,2982
PRKAR2A-AS1,,1.0,1.0,0.0,False,lineage_leiden,Hepatocyte,2982
PRKCQ-AS1,0.08165376164915986,8.025208152934002e-06,0.0009893935194260062,16.895144,False,lineage_leiden,Hepatocyte,2982
PRKG1-AS1,,1.0,1.0,0.0,False,lineage_leiden,Hepatocyte,2982
PRKX-AS1,,1.0,1.0,0.0,False,lineage_leiden,Hepatocyte,2982
PRMT5-AS1,0.012372251340094682,0.49944537507195114,1.0,14.259026,False,lineage_leiden,Hepatocyte,2982
PROSER2-AS1,,1.0,1.0,0.0,False,lineage_leiden,Hepatocyte,2982
PROX1-AS1,,1.0,1.0,0.0,False,lineage_leiden,Hepatocyte,2982
PRR7-AS1,-0.01126595428968081,0.5385749684658999,1.0,13.141707,False,lineage_leiden,Hepatocyte,2982
PRRT3-AS1,,1.0,1.0,0.0,False,lineage_leiden,Hepatocyte,2982
PSMD6-AS2,-0.002318199273977596,0.8993055912061405,1.0,15.135843,False,lineage_leiden,Hepatocyte,2982
PSMG3-AS1,,1.0,1.0,0.0,False,lineage_leiden,Hepatocyte,2982
PTCSC3,,1.0,1.0,0.0,False,lineage_leiden,Hepatocyte,2982
PTOV1-AS1,0.021076616144562833,0.24990069801142367,1.0,13.185009,False,lineage_leiden,Hepatocyte,2982
PWRN1,,1.0,1.0,0.0,False,lineage_leiden,Hepatocyte,2982
PXN-AS1,0.03620164435929124,0.04807472347710837,0.8297697272148905,12.980387,False,lineage_leiden,Hepatocyte,2982
RAB11B-AS1,0.04286945963144863,0.019227172944365968,0.5531016750329276,13.887192,False,lineage_leiden,Hepatocyte,2982
RAD21-AS1,,1.0,1.0,0.0,False,lineage_leiden,Hepatocyte,2982
RAI1-AS1,,1.0,1.0,0.0,False,lineage_leiden,Hepatocyte,2982
RAMP2-AS1,0.01085296509425744,0.5535664711452122,1.0,13.300966,False,lineage_leiden,Hepatocyte,2982
RAP2C-AS1,-0.0007929689364708983,0.9654751015191194,1.0,13.521647,False,lineage_leiden,Hepatocyte,2982
RASAL2-AS1,,1.0,1.0,0.0,False,lineage_leiden,Hepatocyte,2982
RASSF8-AS1,,1.0,1.0,0.0,False,lineage_leiden,Hepatocyte,2982
RBM26-AS1,,1.0,1.0,0.0,False,lineage_leiden,Hepatocyte,2982
RBMS3-AS2,,1.0,1.0,0.0,False,lineage_leiden,Hepatocyte,2982
RBMS3-AS3,,1.0,1.0,0.0,False,lineage_leiden,Hepatocyte,2982
RBPMS-AS1,,1.0,1.0,0.0,False,lineage_leiden,Hepatocyte,2982
RFPL1S,,1.0,1.0,0.0,False,lineage_leiden,Hepatocyte,2982
RFPL3S,,1.0,1.0,0.0,False,lineage_leiden,Hepatocyte,2982
RGMB-AS1,,1.0,1.0,0.0,False,lineage_leiden,Hepatocyte,2982
RGPD4-AS1,0.022180844847955142,0.22593914859834607,1.0,13.083643,False,lineage_leiden,Hepatocyte,2982
RHPN1-AS1,,1.0,1.0,0.0,False,lineage_leiden,Hepatocyte,2982
RMDN2-AS1,,1.0,1.0,0.0,False,lineage_leiden,Hepatocyte,2982
RN7SL832P,-0.00030489664114774295,0.9867216423704287,1.0,13.208885,False,lineage_leiden,Hepatocyte,2982
RNASEH2B-AS1,0.024563822903562786,0.1799160342029333,1.0,12.95384,False,lineage_leiden,Hepatocyte,2982
RNF157-AS1,,1.0,1.0,0.0,False,lineage_leiden,Hepatocyte,2982
RNF185-AS1,,1.0,1.0,0.0,False,lineage_leiden,Hepatocyte,2982
RNU6ATAC35P,,1.0,1.0,0.0,False,lineage_leiden,Hepatocyte,2982
RRM1-AS1,,1.0,1.0,0.0,False,lineage_leiden,Hepatocyte,2982
RUSC1-AS1,-0.035525639143147714,0.05240739653668517,0.8533506266256472,13.086818,False,lineage_leiden,Hepatocyte,2982
RUVBL1-AS1,-0.018053186430206175,0.32437370948840827,1.0,13.266006,False,lineage_leiden,Hepatocyte,2982
SAMSN1-AS1,0.003797871276124693,0.8357702799166028,1.0,13.104862,False,lineage_leiden,Hepatocyte,2982
SAP30L-AS1,-0.027202120036556972,0.1375181338212693,1.0,13.036364,False,lineage_leiden,Hepatocyte,2982
SAPCD1-AS1,0.01924690551893059,0.2934029452192449,1.0,13.287949,False,lineage_leiden,Hepatocyte,2982
SBF2-AS1,0.03139360822365257,0.08652208141734,0.9851615302187684,12.49062,False,lineage_leiden,Hepatocyte,2982
SCARNA9,0.005319947043127543,0.771517676586124,1.0,13.243992,False,lineage_leiden,Hepatocyte,2982
SCGB1B2P,,1.0,1.0,0.0,False,lineage_leiden,Hepatocyte,2982
SDCBP2-AS1,0.038349923937566824,0.03625168654897898,0.7526388506411484,13.779896,False,lineage_leiden,Hepatocyte,2982
SEC24B-AS1,,1.0,1.0,0.0,False,lineage_leiden,Hepatocyte,2982
SEC62-AS1,,1.0,1.0,0.0,False,lineage_leiden,Hepatocyte,2982
SEMA3B-AS1,,1.0,1.0,0.0,False,lineage_leiden,Hepatocyte,2982
SENCR,0.0040549003124499515,0.824830183054361,1.0,2.208354,False,lineage_leiden,Hepatocyte,2982
SERTAD4-AS1,,1.0,1.0,0.0,False,lineage_leiden,Hepatocyte,2982
SFTA1P,,1.0,1.0,0.0,False,lineage_leiden,Hepatocyte,2982
SFTA3,,1.0,1.0,0.0,False,lineage_leiden,Hepatocyte,2982
SH3BP5-AS1,0.02006613390697504,0.27333437278935796,1.0,13.045988,False,lineage_leiden,Hepatocyte,2982
SH3RF3-AS1,,1.0,1.0,0.0,False,lineage_leiden,Hepatocyte,2982
SHANK2-AS1,,1.0,1.0,0.0,False,lineage_leiden,Hepatocyte,2982
SHANK2-AS3,,1.0,1.0,0.0,False,lineage_leiden,Hepatocyte,2982
SIAH2-AS1,,1.0,1.0,0.0,False,lineage_leiden,Hepatocyte,2982
SIDT1-AS1,0.05321253406484291,0.0036531618711103065,0.21017857965121295,13.908487,False,lineage_leiden,Hepatocyte,2982
SIGLEC5,-0.013123275352339083,0.4737677513273106,1.0,2.960217,False,lineage_leiden,Hepatocyte,2982
SIX3-AS1,,1.0,1.0,0.0,False,lineage_leiden,Hepatocyte,2982
SLC16A1-AS1,0.04020690222325596,0.028122494063222588,0.6823313243719089,13.461462,False,lineage_leiden,Hepatocyte,2982
SLC22A18AS,0.035551353947578794,0.05223680734181209,0.8533506266256472,14.77725,False,lineage_leiden,Hepatocyte,2982
SLC25A21-AS1,,1.0,1.0,0.0,False,lineage_leiden,Hepatocyte,2982
SLC25A30-AS1,0.031117012556483827,0.08933290325876814,0.9851615302187684,12.566788,False,lineage_leiden,Hepatocyte,2982
SLC26A4-AS1,,1.0,1.0,0.0,False,lineage_leiden,Hepatocyte,2982
SLC8A1-AS1,-0.018159569379117228,0.3215302572979219,1.0,13.102256,False,lineage_leiden,Hepatocyte,2982
SLC9A9-AS2,,1.0,1.0,0.0,False,lineage_leiden,Hepatocyte,2982
SMAD5-AS1,,1.0,1.0,0.0,False,lineage_leiden,Hepatocyte,2982
SMARCA5-AS1,,1.0,1.0,0.0,False,lineage_leiden,Hepatocyte,2982
SMCR2,,1.0,1.0,0.0,False,lineage_leiden,Hepatocyte,2982
SMCR5,0.0006489359883574405,0.9717432081336309,1.0,13.239996,False,lineage_leiden,Hepatocyte,2982
SMIM2-AS1,-0.00884042305450874,0.6294066772824541,1.0,13.217295,False,lineage_leiden,Hepatocyte,2982
SNAI3-AS1,,1.0,1.0,0.0,False,lineage_leiden,Hepatocyte,2982
SNAP25-AS1,,1.0,1.0,0.0,False,lineage_leiden,Hepatocyte,2982
SNHG10,-0.020758748215527027,0.2571159337680381,1.0,13.2035885,False,lineage_leiden,Hepatocyte,2982
SNHG12,0.0613731175937479,0.0007988287143328458,0.05744909837243716,15.833519,False,lineage_leiden,Hepatocyte,2982
SNHG15,0.06215552955699006,0.000683706840901461,0.05363990942708735,14.82193,False,lineage_leiden,Hepatocyte,2982
SNHG18,,1.0,1.0,0.0,False,lineage_leiden,Hepatocyte,2982
SNHG7,0.0716408303321276,9.020512509002969e-05,0.0077847022952695615,2.6847167,False,lineage_leiden,Hepatocyte,2982
SNHG8,0.041773631417169714,0.02253656081953884,0.5893652117352127,2.7260745,False,lineage_leiden,Hepatocyte,2982
SNHG9,0.028588521655237766,0.11856678274049856,1.0,16.13427,False,lineage_leiden,Hepatocyte,2982
SNRK-AS1,-0.0009255316555261857,0.9597080374222209,1.0,12.640734,False,lineage_leiden,Hepatocyte,2982
SPATA13,-0.011893441666791689,0.5161935642121644,1.0,1.254817,False,lineage_leiden,Hepatocyte,2982
SPATA13-AS1,,1.0,1.0,0.0,False,lineage_leiden,Hepatocyte,2982
SPATA41,0.025074461058335856,0.17103066899106198,1.0,12.728363,False,lineage_leiden,Hepatocyte,2982
SPATA8,,1.0,1.0,0.0,False,lineage_leiden,Hepatocyte,2982
SPIN4-AS1,,1.0,1.0,0.0,False,lineage_leiden,Hepatocyte,2982
SRGAP2-AS1,,1.0,1.0,0.0,False,lineage_leiden,Hepatocyte,2982
SRRM2-AS1,-0.028797864270222812,0.1158922056308936,1.0,13.008792,False,lineage_leiden,Hepatocyte,2982
SSBP3-AS1,,1.0,1.0,0.0,False,lineage_leiden,Hepatocyte,2982
ST20,-0.05590194164226626,0.0022597459873253244,0.13929719907583965,1.4584352,False,lineage_leiden,Hepatocyte,2982
ST3GAL6-AS1,,1.0,1.0,0.0,False,lineage_leiden,Hepatocyte,2982
ST7-AS1,,1.0,1.0,0.0,False,lineage_leiden,Hepatocyte,2982
ST7-AS2,,1.0,1.0,0.0,False,lineage_leiden,Hepatocyte,2982
ST7-OT4,,1.0,1.0,0.0,False,lineage_leiden,Hepatocyte,2982
ST8SIA6-AS1,-0.0012021273226949308,0.947682038207423,1.0,13.239201,False,lineage_leiden,Hepatocyte,2982
STARD4-AS1,,1.0,1.0,0.0,False,lineage_leiden,Hepatocyte,2982
STAU2-AS1,,1.0,1.0,0.0,False,lineage_leiden,Hepatocyte,2982
STEAP3-AS1,,1.0,1.0,0.0,False,lineage_leiden,Hepatocyte,2982
STK24-AS1,0.031390389785956506,0.08655437247222784,0.9851615302187684,13.291763,False,lineage_leiden,Hepatocyte,2982
STX18-AS1,0.025092758355054843,0.1707184944668785,1.0,12.989258,False,lineage_leiden,Hepatocyte,2982
STXBP5-AS1,0.03150842716841658,0.08537643323966633,0.9851615302187684,14.171625,False,lineage_leiden,Hepatocyte,2982
SUCLA2-AS1,,1.0,1.0,0.0,False,lineage_leiden,Hepatocyte,2982
SYP-AS1,,1.0,1.0,0.0,False,lineage_leiden,Hepatocyte,2982
SZT2-AS1,,1.0,1.0,0.0,False,lineage_leiden,Hepatocyte,2982
TAB3-AS2,,1.0,1.0,0.0,False,lineage_leiden,Hepatocyte,2982
TAPT1-AS1,0.024477664982457462,0.18144843514367823,1.0,14.561405,False,lineage_leiden,Hepatocyte,2982
TBC1D3P1-DHX40P1,,1.0,1.0,0.0,False,lineage_leiden,Hepatocyte,2982
TCEAL3-AS1,,1.0,1.0,0.0,False,lineage_leiden,Hepatocyte,2982
TERC,,1.0,1.0,0.0,False,lineage_leiden,Hepatocyte,2982
TET2-AS1,,1.0,1.0,0.0,False,lineage_leiden,Hepatocyte,2982
TEX26-AS1,,1.0,1.0,0.0,False,lineage_leiden,Hepatocyte,2982
TEX41,,1.0,1.0,0.0,False,lineage_leiden,Hepatocyte,2982
TFAP2A-AS1,,1.0,1.0,0.0,False,lineage_leiden,Hepatocyte,2982
THAP7-AS1,0.031107584690412166,0.08942999155683609,0.9851615302187684,13.457907,False,lineage_leiden,Hepatocyte,2982
THAP9-AS1,-0.03043925414650888,0.09653170847226254,0.9851615302187684,3.098682,False,lineage_leiden,Hepatocyte,2982
THOC7-AS1,,1.0,1.0,0.0,False,lineage_leiden,Hepatocyte,2982
TIPARP-AS1,,1.0,1.0,0.0,False,lineage_leiden,Hepatocyte,2982
TLR8-AS1,0.004657718174732099,0.799308621188645,1.0,12.866212,False,lineage_leiden,Hepatocyte,2982
TM4SF1-AS1,,1.0,1.0,0.0,False,lineage_leiden,Hepatocyte,2982
TM4SF19-AS1,,1.0,1.0,0.0,False,lineage_leiden,Hepatocyte,2982
TMEM105,,1.0,1.0,0.0,False,lineage_leiden,Hepatocyte,2982
TMEM254-AS1,,1.0,1.0,0.0,False,lineage_leiden,Hepatocyte,2982
TMEM44-AS1,0.031715406364455724,0.08334220577832013,0.9851615302187684,13.301844,False,lineage_leiden,Hepatocyte,2982
TMEM72-AS1,,1.0,1.0,0.0,False,lineage_leiden,Hepatocyte,2982
TMEM78,,1.0,1.0,0.0,False,lineage_leiden,Hepatocyte,2982
TMEM9B-AS1,0.00447872214915545,0.806865777094358,1.0,12.918947,False,lineage_leiden,Hepatocyte,2982
TMLHE-AS1,0.01902169551537318,0.29908883699044164,1.0,14.71916,False,lineage_leiden,Hepatocyte,2982
TMPO-AS1,0.04551659841566843,0.012925964735039097,0.48500467679733655,13.358774,False,lineage_leiden,Hepatocyte,2982
TNK2-AS1,0.03096807642800835,0.09087660052215678,0.9851615302187684,13.231985,False,lineage_leiden,Hepatocyte,2982
TP53TG1,0.07688473386530963,2.6344751574580705e-05,0.0025261689565403496,15.916228,False,lineage_leiden,Hepatocyte,2982
TP73-AS1,0.0220309185482496,0.2290927540668477,1.0,13.581488,False,lineage_leiden,Hepatocyte,2982
TPRG1-AS1,,1.0,1.0,0.0,False,lineage_leiden,Hepatocyte,2982
TPRXL,,1.0,1.0,0.0,False,lineage_leiden,Hepatocyte,2982
TPT1-AS1,0.0011836969066222468,0.9484830273905275,1.0,3.0116978,False,lineage_leiden,Hepatocyte,2982
TPTEP1,-0.02587504359001776,0.1577673401749656,1.0,3.4081752,False,lineage_leiden,Hepatocyte,2982
TRAF3IP2-AS1,-0.018025058341905185,0.3251282571555673,1.0,14.625536,False,lineage_leiden,Hepatocyte,2982
TRAM2-AS1,0.012448952417872498,0.4967895213340836,1.0,13.120035,False,lineage_leiden,Hepatocyte,2982
TRAPPC12-AS1,0.02930850242499588,0.10956700315531961,0.9851615302187684,12.779219,False,lineage_leiden,Hepatocyte,2982
TRBV11-2,,1.0,1.0,0.0,False,lineage_leiden,Hepatocyte,2982
TRERNA1,,1.0,1.0,0.0,False,lineage_leiden,Hepatocyte,2982
TRIM16L,0.014265953448972586,0.4361306518674829,1.0,12.69767,False,lineage_leiden,Hepatocyte,2982
TRIM52-AS1,0.02227228439536573,0.22403104565649565,1.0,1.867568,False,lineage_leiden,Hepatocyte,2982
TSIX,0.046503797188182476,0.011092400738942156,0.4351246289866855,13.593596,False,lineage_leiden,Hepatocyte,2982
TSPEAR-AS1,,1.0,1.0,0.0,False,lineage_leiden,Hepatocyte,2982
TTC3-AS1,,1.0,1.0,0.0,False,lineage_leiden,Hepatocyte,2982
TTLL10-AS1,,1.0,1.0,0.0,False,lineage_leiden,Hepatocyte,2982
TTN-AS1,-0.0004267165659915712,0.9814171631289195,1.0,2.314364,False,lineage_leiden,Hepatocyte,2982
TTTY10,,1.0,1.0,0.0,False,lineage_leiden,Hepatocyte,2982
TTTY14,,1.0,1.0,0.0,False,lineage_leiden,Hepatocyte,2982
UBAC2-AS1,0.030606374401710757,0.09471492657274426,0.9851615302187684,12.399279,False,lineage_leiden,Hepatocyte,2982
UBBP4,0.030031906477591058,0.10107685218110335,0.9851615302187684,12.857096,False,lineage_leiden,Hepatocyte,2982
UBOX5-AS1,,1.0,1.0,0.0,False,lineage_leiden,Hepatocyte,2982
UBXN7-AS1,,1.0,1.0,0.0,False,lineage_leiden,Hepatocyte,2982
UGDH-AS1,,1.0,1.0,0.0,False,lineage_leiden,Hepatocyte,2982
UNC5B-AS1,,1.0,1.0,0.0,False,lineage_leiden,Hepatocyte,2982
UPK1A-AS1,,1.0,1.0,0.0,False,lineage_leiden,Hepatocyte,2982
USP2-AS1,,1.0,1.0,0.0,False,lineage_leiden,Hepatocyte,2982
USP3-AS1,0.030819140299532876,0.09244166777355187,0.9851615302187684,12.489042,False,lineage_leiden,Hepatocyte,2982
USP30-AS1,0.04205382459751808,0.021646430581797042,0.5893652117352127,13.96853,False,lineage_leiden,Hepatocyte,2982
UXT-AS1,-0.0013972584319672616,0.9392050050146149,1.0,13.035766,False,lineage_leiden,Hepatocyte,2982
VAC14-AS1,,1.0,1.0,0.0,False,lineage_leiden,Hepatocyte,2982
VAV3-AS1,,1.0,1.0,0.0,False,lineage_leiden,Hepatocyte,2982
VCAN-AS1,,1.0,1.0,0.0,False,lineage_leiden,Hepatocyte,2982
VIM-AS1,0.03513458552818152,0.05505948995974563,0.8639334515501906,2.4327428,False,lineage_leiden,Hepatocyte,2982
VIPR1-AS1,,1.0,1.0,0.0,False,lineage_leiden,Hepatocyte,2982
VPS13A-AS1,,1.0,1.0,0.0,False,lineage_leiden,Hepatocyte,2982
VPS9D1-AS1,,1.0,1.0,0.0,False,lineage_leiden,Hepatocyte,2982
WAC-AS1,0.014254105910334007,0.43651183028284996,1.0,0.873719,False,lineage_leiden,Hepatocyte,2982
WARS2-IT1,,1.0,1.0,0.0,False,lineage_leiden,Hepatocyte,2982
WASF3-AS1,,1.0,1.0,0.0,False,lineage_leiden,Hepatocyte,2982
WASIR1,,1.0,1.0,0.0,False,lineage_leiden,Hepatocyte,2982
WASIR2,,1.0,1.0,0.0,False,lineage_leiden,Hepatocyte,2982
WDFY3-AS1,,1.0,1.0,0.0,False,lineage_leiden,Hepatocyte,2982
WEE2-AS1,,1.0,1.0,0.0,False,lineage_leiden,Hepatocyte,2982
WNT5A-AS1,,1.0,1.0,0.0,False,lineage_leiden,Hepatocyte,2982
WT1-AS,,1.0,1.0,0.0,False,lineage_leiden,Hepatocyte,2982
WWC2-AS2,,1.0,1.0,0.0,False,lineage_leiden,Hepatocyte,2982
WWC3-AS1,,1.0,1.0,0.0,False,lineage_leiden,Hepatocyte,2982
WWTR1-AS1,,1.0,1.0,0.0,False,lineage_leiden,Hepatocyte,2982
XIAP-AS1,,1.0,1.0,0.0,False,lineage_leiden,Hepatocyte,2982
XIST,0.19991939898689096,2.926675234360049e-28,1.2628603636263613e-25,4.582321,False,lineage_leiden,Hepatocyte,2982
XXYLT1-AS2,0.030351055324324226,0.09750170052270829,0.9851615302187684,12.356388,False,lineage_leiden,Hepatocyte,2982
YEATS2-AS1,-0.01947871794561432,0.2876265501976668,1.0,13.141707,False,lineage_leiden,Hepatocyte,2982
ZBED3-AS1,,1.0,1.0,0.0,False,lineage_leiden,Hepatocyte,2982
ZBED5-AS1,0.037845951402874736,0.038776209787374984,0.7526388506411484,14.209361,False,lineage_leiden,Hepatocyte,2982
ZBTB11-AS1,0.028691481321311753,0.11724537845583508,1.0,12.787912,False,lineage_leiden,Hepatocyte,2982
ZBTB20-AS1,,1.0,1.0,0.0,False,lineage_leiden,Hepatocyte,2982
ZBTB20-AS2,0.030648927581275184,0.09425672803765564,0.9851615302187684,12.508785,False,lineage_leiden,Hepatocyte,2982
ZBTB20-AS3,,1.0,1.0,0.0,False,lineage_leiden,Hepatocyte,2982
ZBTB20-AS4,0.009287231439935173,0.6121880962197188,1.0,13.293123,False,lineage_leiden,Hepatocyte,2982
ZEB2-AS1,-0.019585100894525375,0.28500150239492783,1.0,13.041794,False,lineage_leiden,Hepatocyte,2982
ZFAS1,0.02926112847884486,0.11014209053824958,0.9851615302187684,0.8933103,False,lineage_leiden,Hepatocyte,2982
ZFAT-AS1,,1.0,1.0,0.0,False,lineage_leiden,Hepatocyte,2982
ZFX-AS1,,1.0,1.0,0.0,False,lineage_leiden,Hepatocyte,2982
ZFY-AS1,,1.0,1.0,0.0,False,lineage_leiden,Hepatocyte,2982
ZMIZ1-AS1,,1.0,1.0,0.0,False,lineage_leiden,Hepatocyte,2982
ZMYM4-AS1,0.010031912082312563,0.5839640751166485,1.0,13.273516,False,lineage_leiden,Hepatocyte,2982
ZMYND10-AS1,,1.0,1.0,0.0,False,lineage_leiden,Hepatocyte,2982
ZNF197-AS1,,1.0,1.0,0.0,False,lineage_leiden,Hepatocyte,2982
ZNF252P-AS1,-0.006163814921754063,0.7365286995344306,1.0,14.721159,False,lineage_leiden,Hepatocyte,2982
ZNF286B,0.03424449049958701,0.06151480222014675,0.9152978330342524,13.250437,False,lineage_leiden,Hepatocyte,2982
ZNF295-AS1,,1.0,1.0,0.0,False,lineage_leiden,Hepatocyte,2982
ZNF32-AS1,,1.0,1.0,0.0,False,lineage_leiden,Hepatocyte,2982
ZNF32-AS2,,1.0,1.0,0.0,False,lineage_leiden,Hepatocyte,2982
ZNF337-AS1,0.0012077387953310557,0.9474381730592517,1.0,13.260225,False,lineage_leiden,Hepatocyte,2982
ZNF503-AS1,,1.0,1.0,0.0,False,lineage_leiden,Hepatocyte,2982
ZNF571-AS1,,1.0,1.0,0.0,False,lineage_leiden,Hepatocyte,2982
ZNF630-AS1,,1.0,1.0,0.0,False,lineage_leiden,Hepatocyte,2982
ZNF667-AS1,0.038274208938349825,0.03662178218766062,0.7526388506411484,14.506908,False,lineage_leiden,Hepatocyte,2982
ZNF674-AS1,0.0026664814642952932,0.8842769514892121,1.0,14.727122,False,lineage_leiden,Hepatocyte,2982
ZNF781,,1.0,1.0,0.0,False,lineage_leiden,Hepatocyte,2982
ZNRF3-AS1,0.03678270602879438,0.04459483961708187,0.8081722465777171,14.194559,False,lineage_leiden,Hepatocyte,2982
ZRANB2-AS1,,1.0,1.0,0.0,False,lineage_leiden,Hepatocyte,2982
ZSCAN16-AS1,0.04424361731328495,0.015682927192330023,0.5012728209992893,16.037994,False,lineage_leiden,Hepatocyte,2982
A1BG-AS1,-0.02184736522596284,3.9750010247007646e-05,0.00022275492755303636,1.4237132,False,lineage_leiden,Kupffer,35366
A2M-AS1,-0.0501066315198175,4.157281965341366e-21,7.972742969087997e-20,2.6777124,False,lineage_leiden,Kupffer,35366
A2ML1-AS2,,1.0,1.0,0.0,False,lineage_leiden,Kupffer,35366
ABCC5-AS1,-0.007264488795112099,0.17190173672141737,0.3318818764890004,7.7533655,False,lineage_leiden,Kupffer,35366
ACTA2-AS1,-0.0045233757861516625,0.394972942731478,0.6163863464326681,9.124669,False,lineage_leiden,Kupffer,35366
ACVR2B-AS1,-0.00800890716421326,0.1320379119771562,0.2671452676690157,8.772683,False,lineage_leiden,Kupffer,35366
ADAM20P1,-0.013310347142932095,0.012309463556289093,0.04123446092786855,10.534204,False,lineage_leiden,Kupffer,35366
ADAMTS9-AS2,-0.0027049571423696404,0.6109813543635715,0.8169328313176542,8.649761,False,lineage_leiden,Kupffer,35366
ADAMTSL4-AS1,-0.010802031893391087,0.04221429347591106,0.11106992460277819,1.6971335,False,lineage_leiden,Kupffer,35366
ADIPOQ-AS1,,1.0,1.0,0.0,False,lineage_leiden,Kupffer,35366
ADORA2A-AS1,0.008723484085625705,0.10090154525546718,0.21907179460769685,4.53713,False,lineage_leiden,Kupffer,35366
ADPGK-AS1,-0.012090507325415315,0.022982500662447315,0.06862940509235999,1.354847,False,lineage_leiden,Kupffer,35366
AFAP1-AS1,-0.0021824501444608606,0.6815020684471313,0.8857474172739072,9.663744,False,lineage_leiden,Kupffer,35366
AGAP2-AS1,-0.03575664131388009,1.74087215795591e-11,1.7072416730863074e-10,13.588015,False,lineage_leiden,Kupffer,35366
AGBL5-AS1,-0.010492610604753774,0.048471733269866826,0.1239749059728746,10.427658,False,lineage_leiden,Kupffer,35366
AIRN,0.0060966922359834055,0.25158628620877943,0.44272179998829214,2.817336,False,lineage_leiden,Kupffer,35366
ALG13-AS1,0.005374334481575089,0.3121787742142276,0.5161116516223724,8.90677,False,lineage_leiden,Kupffer,35366
ALKBH3-AS1,-0.006578465503863545,0.21604772414274492,0.3992487921524387,9.410675,False,lineage_leiden,Kupffer,35366
AP4B1-AS1,-0.006366437422251671,0.2312159472412425,0.418321514610466,2.8912783,False,lineage_leiden,Kupffer,35366
APOA1-AS,,1.0,1.0,0.0,False,lineage_leiden,Kupffer,35366
APOBEC3B-AS1,0.0007094282461915804,0.8938696796204166,1.0,9.654853,False,lineage_leiden,Kupffer,35366
AQP4-AS1,-0.0003195231427681868,0.9520864065869512,1.0,8.752898,False,lineage_leiden,Kupffer,35366
ARAP1-AS1,0.005663158107766074,0.2868868250946194,0.48531050110079854,10.182258,False,lineage_leiden,Kupffer,35366
ARAP1-AS2,0.017451277601992273,0.0010307542521505865,0.004279245046790129,10.698,False,lineage_leiden,Kupffer,35366
ARHGAP26-AS1,0.002700899895110766,0.6115163488194723,0.8169328313176542,8.850418,False,lineage_leiden,Kupffer,35366
ARHGAP31-AS1,0.0037370482081412466,0.48220451875378023,0.6982256706115979,11.085136,False,lineage_leiden,Kupffer,35366
ARHGAP5-AS1,-0.04395065872945631,1.3508911734635223e-16,2.0100329012052062e-15,3.5363169,False,lineage_leiden,Kupffer,35366
ARIH2OS,-0.045899708332204095,5.817647501420881e-18,8.80812244513372e-17,1.491066,False,lineage_leiden,Kupffer,35366
ARMCX3-AS1,-0.004382223752292822,0.40988884206930437,0.6323668920637634,7.261051,False,lineage_leiden,Kupffer,35366
ARSD-AS1,-0.0005336192019742507,0.9200679816596615,1.0,9.6841,False,lineage_leiden,Kupffer,35366
ASB16-AS1,-0.03709320175678794,2.997387407480227e-12,3.316340170071072e-11,2.2671423,False,lineage_leiden,Kupffer,35366
ASMTL-AS1,-0.016739532888124027,0.0016432379413691728,0.0065350891400995205,2.2628455,False,lineage_leiden,Kupffer,35366
ATP11A-AS1,5.949284266665873e-05,0.9910736616693367,1.0,2.7278147,False,lineage_leiden,Kupffer,35366
ATP1B3-AS1,-0.00010902934664785291,0.9836419825970482,1.0,12.140074,False,lineage_leiden,Kupffer,35366
ATP6V0E2-AS1,-0.01371101663066206,0.009922935289790396,0.03467001277364013,10.938898,False,lineage_leiden,Kupffer,35366
BACH1-IT2,0.00483637115497843,0.36308948500637156,0.5824279285511127,1.6511846,False,lineage_leiden,Kupffer,35366
BCAR4,,1.0,1.0,0.0,False,lineage_leiden,Kupffer,35366
BCDIN3D-AS1,-0.0010614230442767597,0.8417913721665187,1.0,2.0154,False,lineage_leiden,Kupffer,35366
BDNF-AS,-0.010073064493893122,0.058184337037680264,0.14184486684609623,3.3931494,False,lineage_leiden,Kupffer,35366
BFSP2-AS1,-0.0015615858359661178,0.7690182640473187,0.9632260694816198,8.897494,False,lineage_leiden,Kupffer,35366
BHLHE40-AS1,-0.02377701328146628,7.75118733269327e-06,4.847300484140791e-05,11.554765,False,lineage_leiden,Kupffer,35366
BLACE,0.0027240644963242816,0.6084646258379902,0.8169328313176542,9.471689,False,lineage_leiden,Kupffer,35366
BOK-AS1,0.007170367063165048,0.17752392751956733,0.34045144322085913,9.026151,False,lineage_leiden,Kupffer,35366
BRWD1-AS1,-0.002391308034624262,0.652933583641788,0.8601380646695017,8.527261,False,lineage_leiden,Kupffer,35366
BSN-AS1,,1.0,1.0,0.0,False,lineage_leiden,Kupffer,35366
BTBD9-AS1,,1.0,1.0,0.0,False,lineage_leiden,Kupffer,35366
C10orf55,-0.017031157385566084,0.0013601672519874535,0.005485160460117628,10.999308,False,lineage_leiden,Kupffer,35366
C14orf178,-0.007471157605419896,0.16002584292155977,0.31172123730888435,9.614608,False,lineage_leiden,Kupffer,35366
C1QTNF1-AS1,-0.0006364855241658854,0.90472690390715,1.0,9.105435,False,lineage_leiden,Kupffer,35366
C1RL-AS1,0.013177899354275093,0.013203377714895003,0.04332515196940832,2.0085912,False,lineage_leiden,Kupffer,35366
C1orf220,-0.006112800457318348,0.2503357724081913,0.44270444997596126,10.000059,False,lineage_leiden,Kupffer,35366
C21orf91-OT1,-0.0012788803700999145,0.8099458229720372,1.0,8.6898365,False,lineage_leiden,Kupffer,35366
C2orf27A,-0.012092017921272702,0.022965413907414627,0.06862940509235999,3.2607965,False,lineage_leiden,Kupffer,35366
C5orf60,-0.0020055568500865887,0.7060628306986032,0.908095712209977,8.088128,False,lineage_leiden,Kupffer,35366
C5orf64,-0.020345524248117065,0.00013002587279706975,0.0006486261747044578,11.242196,False,lineage_leiden,Kupffer,35366
C6orf47-AS1,-0.0023599362000310646,0.6571936981085329,0.8619424946317081,9.716759,False,lineage_leiden,Kupffer,35366
C8orf44,-0.02114217304353818,7.000486159278005e-05,0.00037758872221605735,1.6370935,False,lineage_leiden,Kupffer,35366
C9orf163,-0.003853358597446107,0.46867664354614497,0.6849573995709154,9.728161,False,lineage_leiden,Kupffer,35366
CACNA1C-AS1,-0.010244661160495975,0.05403223229072431,0.13322804704827168,9.38775,False,lineage_leiden,Kupffer,35366
CACNA1C-AS2,-0.03024370906647411,1.2802004800545758e-08,1.0043754675337263e-07,4.381007,False,lineage_leiden,Kupffer,35366
CACTIN-AS1,-0.00691866195681852,0.19323012054504893,0.36330630507707457,8.559793,False,lineage_leiden,Kupffer,35366
CAHM,-0.01984388946602609,0.00018992955409243272,0.0009106066954542746,1.6039724,False,lineage_leiden,Kupffer,35366
CASC11,-0.017128469209445746,0.001276208741808682,0.005195132755570248,3.6015425,False,lineage_leiden,Kupffer,35366
CASC15,-0.0020146921391164126,0.7047866473846529,0.9078072786462023,3.7338166,False,lineage_leiden,Kupffer,35366
CASC18,,1.0,1.0,0.0,False,lineage_leiden,Kupffer,35366
CASC19,,1.0,1.0,0.0,False,lineage_leiden,Kupffer,35366
CASC2,-0.01641872291856582,0.0020165810056155292,0.007874703202923989,10.330173,False,lineage_leiden,Kupffer,35366
CASC20,,1.0,1.0,0.0,False,lineage_leiden,Kupffer,35366
CASC8,0.018845385857668262,0.0003937698319812384,0.0017426839230759422,11.169423,False,lineage_leiden,Kupffer,35366
CASK-AS1,-0.007171408775592052,0.1774609622662548,0.34045144322085913,7.9549065,False,lineage_leiden,Kupffer,35366
CCDC140,0.0012152571453853784,0.8192331137601679,1.0,9.182846,False,lineage_leiden,Kupffer,35366
CCDC144NL,-0.030688464573111102,7.815861419500502e-09,6.363290948140503e-08,2.8046198,False,lineage_leiden,Kupffer,35366
CCDC148-AS1,,1.0,1.0,0.0,False,lineage_leiden,Kupffer,35366
CCDC183-AS1,-0.008150334968135714,0.1253470627964466,0.25633771372827824,9.575791,False,lineage_leiden,Kupffer,35366
CCDC26,-0.04727707647602045,5.81485799609128e-19,9.468344246465613e-18,2.778617,False,lineage_leiden,Kupffer,35366
CCND2-AS1,-0.013372791536094617,0.011906929447876479,0.04030793991596109,10.730511,False,lineage_leiden,Kupffer,35366
CCNT2-AS1,-0.006319199441796601,0.23469592538298928,0.4228446421827135,2.821989,False,lineage_leiden,Kupffer,35366
CD27-AS1,-0.09631171033457189,1.1979867147098314e-73,1.0338625347945845e-71,2.2564414,False,lineage_leiden,Kupffer,35366
CDKN2B-AS1,-0.013186973854813041,0.013140349424430936,0.04328290669192327,10.994023,False,lineage_leiden,Kupffer,35366
CELF2-AS1,0.0026499981249120405,0.6182458729290384,0.8233737474348151,9.623394,False,lineage_leiden,Kupffer,35366
CERS6-AS1,0.012646064324942512,0.017396870939600767,0.054793794236771755,10.027078,False,lineage_leiden,Kupffer,35366
CFLAR-AS1,0.004815416091454399,0.3651724019804487,0.5835995979798653,1.4619231,False,lineage_leiden,Kupffer,35366
CIRBP-AS1,0.00039143893250249924,0.9413200613650866,1.0,8.568021,False,lineage_leiden,Kupffer,35366
CKMT2-AS1,-0.03045419929891956,1.0144372435456506e-08,8.031737075044922e-08,1.6189399,False,lineage_leiden,Kupffer,35366
CLLU1,-0.012468783798321417,0.01903376268083268,0.05866477569128072,11.848769,False,lineage_leiden,Kupffer,35366
CLRN1-AS1,0.0021540008709344466,0.6854302263964727,0.8894840569997373,7.68979,False,lineage_leiden,Kupffer,35366
CLYBL-AS1,,1.0,1.0,0.0,False,lineage_leiden,Kupffer,35366
COL4A2-AS1,-0.024453480948004078,4.240958759902701e-06,2.711072155404468e-05,12.118813,False,lineage_leiden,Kupffer,35366
COL4A2-AS2,-0.006908098865952954,0.1939108819445584,0.3637936763438129,10.564775,False,lineage_leiden,Kupffer,35366
COLCA1,,1.0,1.0,0.0,False,lineage_leiden,Kupffer,35366
CPB2-AS1,-0.008206882205091356,0.12274699209706398,0.2516167557714162,9.944615,False,lineage_leiden,Kupffer,35366
CRNDE,0.0064575388192083735,0.22460844672455144,0.4098035719308412,2.1875105,False,lineage_leiden,Kupffer,35366
CSNK1G2-AS1,-0.0055446124475143225,0.2970952879826148,0.4988195204844291,8.586702,False,lineage_leiden,Kupffer,35366
CTC-338M12.4,-0.011604747678093523,0.029082398763122283,0.08422184608246487,1.8360581,False,lineage_leiden,Kupffer,35366
CYP1B1-AS1,0.03274187224150152,7.32885402401213e-10,6.324801022722468e-09,5.6255574,False,lineage_leiden,Kupffer,35366
CYP4A22-AS1,-0.0043535836335308505,0.4129556816314131,0.6327960739464416,7.9837294,False,lineage_leiden,Kupffer,35366
CYP4F35P,0.004367522564600234,0.4114613791536975,0.6323668920637634,8.803919,False,lineage_leiden,Kupffer,35366
DAB1-AS1,,1.0,1.0,0.0,False,lineage_leiden,Kupffer,35366
DACT3-AS1,-0.00805202140041575,0.1299695179548807,0.2646881149870862,8.410952,False,lineage_leiden,Kupffer,35366
DBH-AS1,-0.006901084400784899,0.19436391617628365,0.3638526239916112,8.08027,False,lineage_leiden,Kupffer,35366
DCTN1-AS1,-0.003979601899256351,0.4542343107960909,0.670092667037652,8.209703,False,lineage_leiden,Kupffer,35366
DDX11-AS1,-0.009969267910910342,0.06082218335149441,0.14661883863782033,9.74858,False,lineage_leiden,Kupffer,35366
DDX39B-AS1,-0.0006239682544792592,0.906591897294751,1.0,9.536151,False,lineage_leiden,Kupffer,35366
DENND5B-AS1,-0.0075626962713727175,0.15496837432912877,0.3039493341955412,9.106707,False,lineage_leiden,Kupffer,35366
DGCR5,-0.012151078993693666,0.022305951120583693,0.06707329552983878,8.448391,False,lineage_leiden,Kupffer,35366
DGUOK-AS1,-0.02214730033095955,3.108728761600491e-05,0.00017767105438816052,1.9157743,False,lineage_leiden,Kupffer,35366
DHRS4-AS1,0.008713664023769272,0.10128580075141488,0.21907179460769685,7.6633787,False,lineage_leiden,Kupffer,35366
DIAPH2-AS1,0.0033721015434332994,0.5259948426880414,0.7441533594094749,9.227287,False,lineage_leiden,Kupffer,35366
DICER1-AS1,-0.023951797418735696,6.642730957938228e-06,4.184435632628241e-05,1.5059295,False,lineage_leiden,Kupffer,35366
DIO2-AS1,-0.008997530660127458,0.09063900056559376,0.20264626292255808,7.807575,False,lineage_leiden,Kupffer,35366
DIO3OS,-0.012592386719078492,0.017878950662691653,0.05570229033177941,8.704926,False,lineage_leiden,Kupffer,35366
DIRC3,-0.06387455897200665,2.6575977214149365e-33,1.042503106173223e-31,5.6064415,False,lineage_leiden,Kupffer,35366
DLEU1,-0.04168102506546611,4.4483572761903604e-15,5.816564135382244e-14,3.50464,False,lineage_leiden,Kupffer,35366
DLEU2L,-0.017116189370082073,0.0012865331930680594,0.005212573453604391,1.7724557,False,lineage_leiden,Kupffer,35366
DLG1-AS1,-4.6282692135207134e-05,0.9930556626211366,1.0,9.034852,False,lineage_leiden,Kupffer,35366
DLG3-AS1,,1.0,1.0,0.0,False,lineage_leiden,Kupffer,35366
DLG5-AS1,-0.0035420826799152957,0.5053489062200689,0.7244453589168097,8.202912,False,lineage_leiden,Kupffer,35366
DLGAP1-AS1,-0.02616019786199935,8.640472592531351e-07,5.735944497965043e-06,0.5682597,False,lineage_leiden,Kupffer,35366
DLGAP1-AS2,0.05329632196727926,1.129729051999909e-23,2.565674136515583e-22,2.3809195,False,lineage_leiden,Kupffer,35366
DLGAP1-AS3,0.006997671020366871,0.1881938049130088,0.35616502991211973,9.106223,False,lineage_leiden,Kupffer,35366
DLGAP1-AS5,,1.0,1.0,0.0,False,lineage_leiden,Kupffer,35366
DNAH10OS,0.0006059475011986081,0.9092777767428724,1.0,9.6755,False,lineage_leiden,Kupffer,35366
DNAH17-AS1,0.0030663979722658063,0.5641805227017125,0.7790204657465245,11.116707,False,lineage_leiden,Kupffer,35366
DNAJC27-AS1,-0.0005969912462053277,0.9106130377629642,1.0,0.9579458,False,lineage_leiden,Kupffer,35366
DNAJC9-AS1,-0.00868165550040331,0.10254637864013634,0.22069208171181462,8.71902,False,lineage_leiden,Kupffer,35366
DNM1P35,-0.01979950442606499,0.00019632535837366428,0.000930927386134463,11.451456,False,lineage_leiden,Kupffer,35366
DNM3OS,-0.01404985463762897,0.008236170984679622,0.029615898165743806,9.946948,False,lineage_leiden,Kupffer,35366
DNMBP-AS1,-0.05327188987317633,1.1836431255702607e-23,2.619189788120859e-22,6.1392508,False,lineage_leiden,Kupffer,35366
DOCK9-AS1,-0.03772590825446871,1.2753718372046994e-12,1.5077341034351448e-11,12.364304,False,lineage_leiden,Kupffer,35366
DPP10-AS1,-0.0006069930896362094,0.9091219097498325,1.0,8.254504,False,lineage_leiden,Kupffer,35366
DPYD-AS1,0.00904076172584806,0.08909956440080609,0.2012903771672661,7.5111322,False,lineage_leiden,Kupffer,35366
DPYD-AS2,0.003030731679786849,0.5687210919910304,0.7827851712731407,8.059748,False,lineage_leiden,Kupffer,35366
DSCAM-AS1,-0.006220252132664835,0.24210510685376613,0.4343798486794182,8.61045,False,lineage_leiden,Kupffer,35366
DSCR9,-0.01078995275054138,0.04244508288393218,0.1113377098140835,9.825357,False,lineage_leiden,Kupffer,35366
EAF1-AS1,-0.00475905742963365,0.3708113346766268,0.5903783629055301,0.6056156,False,lineage_leiden,Kupffer,35366
EDNRB-AS1,-0.00855185022826228,0.10778685114594248,0.22967914207147744,8.976825,False,lineage_leiden,Kupffer,35366
EDRF1-AS1,0.009772416576208531,0.06609705015502897,0.15713981896360882,9.27246,False,lineage_leiden,Kupffer,35366
EFCAB14-AS1,-0.008900130548202722,0.0941857983381003,0.20895204104313767,8.331111,False,lineage_leiden,Kupffer,35366
EGOT,-0.013188408780309677,0.013130407334807652,0.04328290669192327,3.8022442,False,lineage_leiden,Kupffer,35366
ELFN2,-0.008241768294337133,0.12116404736278306,0.24955745316009972,8.632587,False,lineage_leiden,Kupffer,35366
ELMO1-AS1,-0.010182962739995622,0.055495733764288444,0.13644677560849267,10.042897,False,lineage_leiden,Kupffer,35366
ENO1-AS1,-0.001988971740748617,0.7083818519890548,0.9097225271823725,1.5573363,False,lineage_leiden,Kupffer,35366
ENTPD1-AS1,-0.03858067741530984,3.932335008894315e-13,4.848007303822562e-12,1.4929209,False,lineage_leiden,Kupffer,35366
ENTPD3-AS1,-0.05404735336826359,2.6677024497904167e-24,6.395075594914249e-23,0.89652014,False,lineage_leiden,Kupffer,35366
EPB41L4A-AS1,-0.07752556567084377,2.775546916129736e-48,1.3307205492333124e-46,0.7238667,False,lineage_leiden,Kupffer,35366
EPHA1-AS1,-0.03604788160890054,1.1928513739488809e-11,1.1970124833928887e-10,1.5232646,False,lineage_leiden,Kupffer,35366
EPN2-AS1,0.005695553534985541,0.2841388143122888,0.4827003873061127,2.8936768,False,lineage_leiden,Kupffer,35366
EXTL3-AS1,-0.0009999648915429502,0.8508411407932255,1.0,10.979677,False,lineage_leiden,Kupffer,35366
EZR-AS1,0.0016357489385006962,0.7583822855815027,0.9536750913882855,8.104296,False,lineage_leiden,Kupffer,35366
FAM106A,-0.019261043592856967,0.0002918699261245174,0.0013542136894917124,2.5986757,False,lineage_leiden,Kupffer,35366
FAM138B,-0.008611576205923026,0.10534985245062083,0.22560030437936918,7.8933954,False,lineage_leiden,Kupffer,35366
FAM13A-AS1,0.0012828940823833106,0.8093608098987423,1.0,1.4967461,False,lineage_leiden,Kupffer,35366
FAM182B,-0.00025351092756247407,0.9619766924378131,1.0,8.718145,False,lineage_leiden,Kupffer,35366
FAM201A,0.01620769483844547,0.0023030303906876916,0.00887283583555124,10.020689,False,lineage_leiden,Kupffer,35366
FAM215A,-0.004601504218176851,0.38685989376593094,0.6081240224407986,8.323011,False,lineage_leiden,Kupffer,35366
FAM218A,-0.010977565595884,0.03897850244405387,0.10471424689703908,10.026321,False,lineage_leiden,Kupffer,35366
FAM222A-AS1,,1.0,1.0,0.0,False,lineage_leiden,Kupffer,35366
FAM224B,-0.008003216148553559,0.13231283177086495,0.2671452676690157,7.926199,False,lineage_leiden,Kupffer,35366
FAM225A,-0.034651923827907764,7.110110445922578e-11,6.669592733512157e-10,2.3535395,False,lineage_leiden,Kupffer,35366
FAM225B,-0.011191971567347574,0.035314214633113766,0.09674973723294343,2.2910614,False,lineage_leiden,Kupffer,35366
FAM230A,-0.02151983590402295,5.180878812553167e-05,0.00028478333854989703,1.955575,False,lineage_leiden,Kupffer,35366
FAM230C,-0.01634203331085506,0.0021166660733266535,0.00822830099676082,3.5570545,False,lineage_leiden,Kupffer,35366
FAM27E3,0.005049042817193026,0.34237251461981794,0.5502187711674169,9.936451,False,lineage_leiden,Kupffer,35366
FAM41C,-0.01666759023607535,0.0017209505440893753,0.006812753759399683,1.161932,False,lineage_leiden,Kupffer,35366
FAM53B-AS1,-0.0013923400599122754,0.7934507686118526,0.9852489400173076,8.314745,False,lineage_leiden,Kupffer,35366
FAM66B,-0.00936815471802952,0.07811365493424005,0.18121528012970206,9.16572,False,lineage_leiden,Kupffer,35366
FAM66C,-0.023425860762906658,1.0535473767940535e-05,6.494367044094772e-05,2.7950225,False,lineage_leiden,Kupffer,35366
FAM66D,-0.014378050292228462,0.0068518788840312705,0.024950090619911335,9.728782,False,lineage_leiden,Kupffer,35366
FAM66E,-0.006501587685029436,0.22146247022456694,0.4057794305813191,7.9904537,False,lineage_leiden,Kupffer,35366
FAM74A4,-0.021040031767504085,7.587947049626029e-05,0.0004017422272286664,10.343783,False,lineage_leiden,Kupffer,35366
FAM74A6,-0.009794193517148619,0.06549556843113481,0.15613998772394846,8.807095,False,lineage_leiden,Kupffer,35366
FAM83A-AS1,-0.029341036512212523,3.412749707034753e-08,2.583511401027186e-07,11.116331,False,lineage_leiden,Kupffer,35366
FAM83C-AS1,0.006526877942403859,0.21967056823807815,0.4042125807877643,8.986476,False,lineage_leiden,Kupffer,35366
FAM85B,-0.019025931350080884,0.0003459878352368594,0.0015551432385906754,10.391589,False,lineage_leiden,Kupffer,35366
FAM87A,,1.0,1.0,0.0,False,lineage_leiden,Kupffer,35366
FAM87B,-0.022325834059885575,2.6816995263311e-05,0.00015743582933494825,11.097136,False,lineage_leiden,Kupffer,35366
FAM99B,,1.0,1.0,0.0,False,lineage_leiden,Kupffer,35366
FARP1-AS1,-0.012253627421014782,0.021199983085332302,0.0639705783309153,10.77026,False,lineage_leiden,Kupffer,35366
FBXL19-AS1,0.0035322289238008987,0.506533982381607,0.7249400112691987,1.1431475,False,lineage_leiden,Kupffer,35366
FENDRR,0.003640524504267033,0.4935902741010741,0.711132565190696,7.5004377,False,lineage_leiden,Kupffer,35366
FGD5-AS1,-0.04344901605780616,2.970258848352596e-16,4.202185878898836e-15,0.6628845,False,lineage_leiden,Kupffer,35366
FGF13-AS1,-0.012508039637490607,0.01866012540314322,0.05771931262692688,8.904346,False,lineage_leiden,Kupffer,35366
FGF14-AS2,-0.03184597502861119,2.0956524759224125e-09,1.7906416700208337e-08,4.8333964,False,lineage_leiden,Kupffer,35366
FLG-AS1,-0.001913067089335917,0.719029502846964,0.9165767517827621,8.281717,False,lineage_leiden,Kupffer,35366
FLNB-AS1,,1.0,1.0,0.0,False,lineage_leiden,Kupffer,35366
FOXD2-AS1,-0.005119890713187154,0.33564225227170524,0.5424330781095161,1.6478782,False,lineage_leiden,Kupffer,35366
FOXN3-AS1,0.01066151894023654,0.04496567843147047,0.11688367616373198,2.0721517,False,lineage_leiden,Kupffer,35366
FOXN3-AS2,-0.011784938418293544,0.02667394174275224,0.07776895852701075,9.764428,False,lineage_leiden,Kupffer,35366
FOXP1-AS1,-0.010258820301941779,0.05370095726201759,0.13279061924676555,9.308198,False,lineage_leiden,Kupffer,35366
FRY-AS1,0.016290922019294878,0.002185877786510134,0.008459249012368815,3.0166383,False,lineage_leiden,Kupffer,35366
FTX,-0.03618927551435523,9.917815970407674e-12,1.0069500214660968e-10,1.8958507,False,lineage_leiden,Kupffer,35366
GAS5-AS1,-0.00506164446734326,0.34116914140761434,0.5493077780499462,2.6595001,False,lineage_leiden,Kupffer,35366
GAS6-AS1,-0.010651065926307211,0.045176267677935325,0.11707843545362819,10.185128,False,lineage_leiden,Kupffer,35366
GATA3-AS1,,1.0,1.0,0.0,False,lineage_leiden,Kupffer,35366
GATA6-AS1,0.009430149414199143,0.07616302636828348,0.17764511285359091,9.501455,False,lineage_leiden,Kupffer,35366
GDNF-AS1,,1.0,1.0,0.0,False,lineage_leiden,Kupffer,35366
GFOD1-AS1,0.0006505916628854598,0.9026258092916569,1.0,8.069674,False,lineage_leiden,Kupffer,35366
GGNBP1,,1.0,1.0,0.0,False,lineage_leiden,Kupffer,35366
GHRLOS,-0.01978531431206475,0.00019841245343135428,0.0009356827721926707,2.3522491,False,lineage_leiden,Kupffer,35366
GK-AS1,-0.005273349767567133,0.32135848232085856,0.5272478521728154,1.5526414,False,lineage_leiden,Kupffer,35366
GNAS-AS1,-0.005518732010152564,0.29935587006299874,0.5016390599308115,7.950905,False,lineage_leiden,Kupffer,35366
GNG12-AS1,-0.023072055898569335,1.4292397348811084e-05,8.565513133349976e-05,10.697522,False,lineage_leiden,Kupffer,35366
GOLGA8M,-0.004736376577064831,0.3730958259410701,0.5907921060314559,11.366525,False,lineage_leiden,Kupffer,35366
GPR158-AS1,,1.0,1.0,0.0,False,lineage_leiden,Kupffer,35366
GRIK1-AS1,-0.014625958426281876,0.005948882542175153,0.02184632184637088,9.2616625,False,lineage_leiden,Kupffer,35366
GRM7-AS1,0.010463529701572787,0.04909795777955705,0.12498978632376911,12.30008,False,lineage_leiden,Kupffer,35366
GRPEL2-AS1,,1.0,1.0,0.0,False,lineage_leiden,Kupffer,35366
GS1-24F4.2,-0.004376494333944309,0.41050127352918897,0.6323668920637634,7.8666763,False,lineage_leiden,Kupffer,35366
GS1-279B7.1,0.003849926486343842,0.4690727962299085,0.6849573995709154,8.481704,False,lineage_leiden,Kupffer,35366
GSN-AS1,-0.04639817026528015,2.5475510338864437e-18,3.9973391677163655e-17,3.4171429,False,lineage_leiden,Kupffer,35366
GTSCR1,0.0032134224091960027,0.5456497877077356,0.761967260180867,8.475103,False,lineage_leiden,Kupffer,35366
HAND2-AS1,-0.012685267112034864,0.017052028575454185,0.0541025759581506,10.998443,False,lineage_leiden,Kupffer,35366
HAR1A,-0.0224703837358279,2.3774375058159344e-05,0.0001414985218978725,10.843222,False,lineage_leiden,Kupffer,35366
HAR1B,-0.014027993703659668,0.008336706942419376,0.02985302112575901,10.714777,False,lineage_leiden,Kupffer,35366
HAS2-AS1,,1.0,1.0,0.0,False,lineage_leiden,Kupffer,35366
HCFC1-AS1,-0.0017842212125829813,0.737228052252602,0.9317112415020505,10.058443,False,lineage_leiden,Kupffer,35366
HCG11,-0.04869297205057448,5.0831793169844274e-20,9.139132813661585e-19,1.3520799,False,lineage_leiden,Kupffer,35366
HCG14,-0.010119719457225364,0.057030011174013434,0.13982073762265226,10.286002,False,lineage_leiden,Kupffer,35366
HCG15,0.004752545580270951,0.3714663395801887,0.5903783629055301,9.964148,False,lineage_leiden,Kupffer,35366
HCG17,0.002126240639276927,0.6892714594122966,0.8918159962111124,10.420182,False,lineage_leiden,Kupffer,35366
HCG18,-0.0218254908629043,4.0464217744005956e-05,0.00022529432201985253,1.2025912,False,lineage_leiden,Kupffer,35366
HCG20,-0.0002956878470467653,0.9556567606927111,1.0,10.758376,False,lineage_leiden,Kupffer,35366
HCG21,,1.0,1.0,0.0,False,lineage_leiden,Kupffer,35366
HCG22,,1.0,1.0,0.0,False,lineage_leiden,Kupffer,35366
HCG24,-0.005434874159778862,0.30675926540296333,0.5110680425535856,7.449727,False,lineage_leiden,Kupffer,35366
HCG25,-0.006092737288455136,0.2518939818456257,0.44272179998829214,2.2693129,False,lineage_leiden,Kupffer,35366
HCG27,0.00524240674308607,0.32420619373352494,0.5299051992273334,1.85781,False,lineage_leiden,Kupffer,35366
HCG9,-0.002250126291313039,0.6721924210968067,0.8768976039907843,8.650002,False,lineage_leiden,Kupffer,35366
HDAC11-AS1,0.00616930863771443,0.24598327450407845,0.43860240887813984,8.921176,False,lineage_leiden,Kupffer,35366
HEXA-AS1,-0.00011452526224347815,0.98281753742791,1.0,1.7128963,False,lineage_leiden,Kupffer,35366
HHIP-AS1,-0.016421228571237692,0.0020133854547672073,0.007874703202923989,9.982682,False,lineage_leiden,Kupffer,35366
HIF1A-AS1,-0.011853821136436783,0.0257998450402646,0.07547547888050288,9.117782,False,lineage_leiden,Kupffer,35366
HLA-DQB1-AS1,-0.0011506113891636776,0.8286957033877499,1.0,9.3402,False,lineage_leiden,Kupffer,35366
HM13-AS1,0.005915549122898046,0.26594913651936475,0.4581119856611014,9.673544,False,lineage_leiden,Kupffer,35366
HMGA1P4,-0.007659396817385493,0.14975853272136908,0.29779173672475,1.1476784,False,lineage_leiden,Kupffer,35366
HMGN3-AS1,-0.020531225167330937,0.00011276595384354658,0.0005827366357304233,1.9084239,False,lineage_leiden,Kupffer,35366
HNF1A-AS1,-0.003123835140473787,0.5569052651451439,0.7714434090212828,8.774034,False,lineage_leiden,Kupffer,35366
HNF4A-AS1,,1.0,1.0,0.0,False,lineage_leiden,Kupffer,35366
HOTAIRM1,0.03825795504417195,6.150030629480741e-13,7.475318920058985e-12,1.3792131,False,lineage_leiden,Kupffer,35366
HOTTIP,-0.0045877507905144185,0.3882806632713774,0.6092476589149067,8.788042,False,lineage_leiden,Kupffer,35366
HOXA-AS2,-0.019991166292912588,0.0001700821605726491,0.0008246118234505403,2.7237682,False,lineage_leiden,Kupffer,35366
HOXA-AS3,-0.0018159651883721312,0.7327302886153003,0.9299209398161826,8.218102,False,lineage_leiden,Kupffer,35366
HOXA10-AS,0.0032243036600521887,0.544290423607615,0.7613008680281552,10.413594,False,lineage_leiden,Kupffer,35366
HOXA11-AS,,1.0,1.0,0.0,False,lineage_leiden,Kupffer,35366
HOXB-AS1,-0.08759681890689328,3.4067724135120185e-61,2.4500371607173933e-59,3.6645083,False,lineage_leiden,Kupffer,35366
HOXB-AS2,,1.0,1.0,0.0,False,lineage_leiden,Kupffer,35366
HOXB-AS3,-0.01196753829317191,0.024410987527145243,0.07239409703067473,9.961519,False,lineage_leiden,Kupffer,35366
HOXC-AS2,-0.006079694152093418,0.2529105995298123,0.44272179998829214,7.6918936,False,lineage_leiden,Kupffer,35366
HOXD-AS2,,1.0,1.0,0.0,False,lineage_leiden,Kupffer,35366
HULC,-0.04307524846493701,5.311918224884646e-16,7.393847464637821e-15,12.69865,False,lineage_leiden,Kupffer,35366
HYI-AS1,0.004298368651337224,0.41890643226414814,0.6342519425377239,10.659631,False,lineage_leiden,Kupffer,35366
IDH1-AS1,-0.021363668390611365,5.8710142899721155e-05,0.00031865945485823495,2.0418944,False,lineage_leiden,Kupffer,35366
IDI2-AS1,-0.00825172872132468,0.12071503923968074,0.24955745316009972,11.510351,False,lineage_leiden,Kupffer,35366
IFNG-AS1,-0.006559916904990608,0.21734535277451295,0.40078854582137746,10.704203,False,lineage_leiden,Kupffer,35366
IGBP1-AS1,-0.008425766579451304,0.113077900070703,0.23859713389001636,8.880447,False,lineage_leiden,Kupffer,35366
IGBP1-AS2,,1.0,1.0,0.0,False,lineage_leiden,Kupffer,35366
IGFBP7-AS1,-0.0019526535503770854,0.7134694876567972,0.9110267703388488,8.666885,False,lineage_leiden,Kupffer,35366
IL12A-AS1,-0.007927691997595876,0.136003347698943,0.2723223107624153,8.182032,False,lineage_leiden,Kupffer,35366
IL20RB-AS1,,1.0,1.0,0.0,False,lineage_leiden,Kupffer,35366
IL21-AS1,,1.0,1.0,0.0,False,lineage_leiden,Kupffer,35366
IL21R-AS1,0.0008348173167753986,0.875253539408703,1.0,8.312013,False,lineage_leiden,Kupffer,35366
INHBA-AS1,-0.007463936433283781,0.1604300585252914,0.31172123730888435,2.4919777,False,lineage_leiden,Kupffer,35366
INTS6-AS1,-0.01917266151306879,0.0003112095819623037,0.0014285844108163197,0.7576132,False,lineage_leiden,Kupffer,35366
IPO9-AS1,-0.012456840685184394,0.019148727488825238,0.058809081220128755,1.3727221,False,lineage_leiden,Kupffer,35366
IQCH-AS1,-0.041809604361548694,3.667084397134487e-15,4.868759745733942e-14,1.58919,False,lineage_leiden,Kupffer,35366
ISM1-AS1,,1.0,1.0,0.0,False,lineage_leiden,Kupffer,35366
ITCH-AS1,-0.003702362959226713,0.4862794137895685,0.70177112725819,10.709085,False,lineage_leiden,Kupffer,35366
ITGB2-AS1,0.036549343402819845,6.178630021184323e-12,6.582910750965519e-11,3.6436796,False,lineage_leiden,Kupffer,35366
ITIH4-AS1,0.005994273733079211,0.25963915517569147,0.4508422352447118,8.518451,False,lineage_leiden,Kupffer,35366
ITPK1-AS1,-0.01727410289317708,0.0011594612621937269,0.004771847386608072,4.165333,False,lineage_leiden,Kupffer,35366
ITPKB-AS1,-0.018945112183649308,0.00036666412637842747,0.0016310883560030048,1.6543517,False,lineage_leiden,Kupffer,35366
JARID2-AS1,0.0023619042639555546,0.6569261167978854,0.8619424946317081,3.5022397,False,lineage_leiden,Kupffer,35366
JAZF1-AS1,0.016091538002070697,0.0024761609922906926,0.009497453050430522,11.86703,False,lineage_leiden,Kupffer,35366
JMJD1C-AS1,-0.025497536813799508,1.621573430844896e-06,1.068257916655836e-05,3.4416056,False,lineage_leiden,Kupffer,35366
JPX,-0.05095066364476866,9.016314342101992e-22,1.768427108462277e-20,0.83158946,False,lineage_leiden,Kupffer,35366
KANSL1-AS1,-0.01094274496877875,0.03960308553369843,0.1054859963443881,0.36961126,False,lineage_leiden,Kupffer,35366
KBTBD11-OT1,0.0107506364596373,0.04320367997035756,0.11264282723389298,9.780451,False,lineage_leiden,Kupffer,35366
KCNIP2-AS1,-0.010354406633313844,0.05150865682709313,0.12884629229501846,8.817486,False,lineage_leiden,Kupffer,35366
KCNJ2-AS1,-0.026874271496091878,4.3113683951893034e-07,2.9529451786098166e-06,1.678771,False,lineage_leiden,Kupffer,35366
KCNQ1-AS1,-0.009054824843612594,0.08860334839592222,0.2006947235319708,7.7554264,False,lineage_leiden,Kupffer,35366
KCNQ1OT1,-0.040327432873283754,3.2806810867593434e-14,4.225713101303453e-13,1.1394584,False,lineage_leiden,Kupffer,35366
KCNQ5-AS1,,1.0,1.0,0.0,False,lineage_leiden,Kupffer,35366
KCTD21-AS1,-0.004212317263794553,0.4282804555825237,0.6394568047884394,1.2867556,False,lineage_leiden,Kupffer,35366
KDM4A-AS1,0.000378235180950737,0.943296019295717,1.0,2.3969164,False,lineage_leiden,Kupffer,35366
KIAA0087,0.0037254240670677383,0.4835680751782019,0.6990272175524092,7.763936,False,lineage_leiden,Kupffer,35366
KIF25-AS1,,1.0,1.0,0.0,False,lineage_leiden,Kupffer,35366
KIF9-AS1,-0.013441863312366872,0.011475307038868603,0.039143043377642704,2.0107064,False,lineage_leiden,Kupffer,35366
KLHL6-AS1,-0.027099600688841808,3.449577655691262e-07,2.381588413489247e-06,4.7101636,False,lineage_leiden,Kupffer,35366
KMT2E-AS1,0.004291447830829684,0.4196558599141079,0.6342519425377239,0.72487164,False,lineage_leiden,Kupffer,35366
KRTAP5-AS1,-0.012364162971544617,0.02006166143235373,0.061177433979227105,10.356297,False,lineage_leiden,Kupffer,35366
KTN1-AS1,-0.010858224620064492,0.04115456014540785,0.10861279940515896,1.813776,False,lineage_leiden,Kupffer,35366
LAMTOR5-AS1,-0.013340398897046562,0.012114260777554498,0.04083830879308411,1.2762022,False,lineage_leiden,Kupffer,35366
LATS2-AS1,0.011535713621760861,0.030053503628228388,0.08522007231994073,1.3671007,False,lineage_leiden,Kupffer,35366
LBX2-AS1,-0.020141262534595434,0.00015187341263688933,0.0007446974721911108,1.1786842,False,lineage_leiden,Kupffer,35366
LDLRAD4-AS1,0.00250302519997708,0.6378555071318784,0.8459632800026919,9.868518,False,lineage_leiden,Kupffer,35366
LEMD1-AS1,,1.0,1.0,0.0,False,lineage_leiden,Kupffer,35366
LENG8-AS1,-0.009530111051191923,0.07310161494890513,0.17143123288289436,1.6977158,False,lineage_leiden,Kupffer,35366
LGALS8-AS1,-0.011165355390577494,0.035752490618789,0.0973324902334855,3.4143314,False,lineage_leiden,Kupffer,35366
LIFR-AS1,-0.0009799124269431257,0.8537982010047549,1.0,9.165997,False,lineage_leiden,Kupffer,35366
LIMD1-AS1,0.00939347074849273,0.07731224229732302,0.17983952857840907,3.5561447,False,lineage_leiden,Kupffer,35366
LINC-PINT,-0.10480949936182968,6.070316112203457e-87,8.731138008052639e-85,1.7479413,False,lineage_leiden,Kupffer,35366
LINC-ROR,0.012599025767795523,0.017818697800024055,0.05570229033177941,8.969787,False,lineage_leiden,Kupffer,35366
LINC00092,-0.012905643213547728,0.01522294644784404,0.04865704734996077,8.884062,False,lineage_leiden,Kupffer,35366
LINC00102,-0.003454951963451227,0.5158782303946268,0.7346582719976286,8.947919,False,lineage_leiden,Kupffer,35366
LINC00106,-0.008953002669988672,0.09224691329204038,0.2057082330000797,1.8351793,False,lineage_leiden,Kupffer,35366
LINC00114,-0.0033847143036665767,0.5244482190271986,0.7441533594094749,9.231233,False,lineage_leiden,Kupffer,35366
LINC00115,-0.019721475380497608,0.00020806241512163814,0.0009758579578802919,1.2027564,False,lineage_leiden,Kupffer,35366
LINC00158,-0.007510489759451414,0.15783767673796997,0.3081762783368056,10.042391,False,lineage_leiden,Kupffer,35366
LINC00159,-0.0036087522752434563,0.4973693078724858,0.7153828544899254,8.881047,False,lineage_leiden,Kupffer,35366
LINC00161,,1.0,1.0,0.0,False,lineage_leiden,Kupffer,35366
LINC00174,-0.030624721134419396,8.392149359359604e-09,6.768621399184429e-08,2.8573618,False,lineage_leiden,Kupffer,35366
LINC00184,0.002318371135160371,0.662855174815781,0.8680485824977526,8.492297,False,lineage_leiden,Kupffer,35366
LINC00200,0.008790375966712003,0.09831490113104656,0.2158925182597791,9.750309,False,lineage_leiden,Kupffer,35366
LINC00205,-0.004493480402155553,0.3981043688178125,0.6179209897298061,0.9456439,False,lineage_leiden,Kupffer,35366
LINC00221,-0.009013473483414898,0.09006881314777757,0.20242027538159385,9.821165,False,lineage_leiden,Kupffer,35366
LINC00222,-0.011537075215473844,0.030034083894889076,0.08522007231994073,9.968561,False,lineage_leiden,Kupffer,35366
LINC00226,,1.0,1.0,0.0,False,lineage_leiden,Kupffer,35366
LINC00237,-0.012389408153323378,0.01980929110201528,0.06062205042921698,10.580348,False,lineage_leiden,Kupffer,35366
LINC00240,-0.004018666115268945,0.44981669024937215,0.665214159497148,7.488304,False,lineage_leiden,Kupffer,35366
LINC00242,-0.002712482947446464,0.609989540703708,0.8169328313176542,8.125267,False,lineage_leiden,Kupffer,35366
LINC00261,-0.02197162117490855,3.59146701260224e-05,0.00020257751842325052,10.682769,False,lineage_leiden,Kupffer,35366
LINC00265,-0.00013044624704006225,0.9804293288979979,1.0,3.6030617,False,lineage_leiden,Kupffer,35366
LINC00276,0.008742311115511842,0.10016809886669391,0.21879593760394242,7.539732,False,lineage_leiden,Kupffer,35366
LINC00278,0.011586568045488447,0.02933547624816449,0.08438838667388653,3.2998257,False,lineage_leiden,Kupffer,35366
LINC00298,0.001420433866656292,0.7893803433895021,0.9816069687970321,7.9279137,False,lineage_leiden,Kupffer,35366
LINC00299,0.003912106971696357,0.4619243766635821,0.6779604371780125,10.708947,False,lineage_leiden,Kupffer,35366
LINC00304,0.004205489606974293,0.42902941781171605,0.639468717740088,8.278759,False,lineage_leiden,Kupffer,35366
LINC00305,,1.0,1.0,0.0,False,lineage_leiden,Kupffer,35366
LINC00309,-0.004678860031791594,0.3789280468923212,0.5989283964616725,0.99481964,False,lineage_leiden,Kupffer,35366
LINC00310,-0.011474580313454328,0.030936607490383457,0.08640224033721981,9.668263,False,lineage_leiden,Kupffer,35366
LINC00311,-0.011903599496183175,0.02518369548530188,0.0744298945336148,10.06772,False,lineage_leiden,Kupffer,35366
LINC00313,-0.009736664341258564,0.06709439610748053,0.15907270285921893,8.02194,False,lineage_leiden,Kupffer,35366
LINC00315,,1.0,1.0,0.0,False,lineage_leiden,Kupffer,35366
LINC00319,-0.0045503716882167615,0.3921580611735386,0.6142148943607328,8.028853,False,lineage_leiden,Kupffer,35366
LINC00322,,1.0,1.0,0.0,False,lineage_leiden,Kupffer,35366
LINC00323,-0.010618984171176982,0.04582779399792329,0.1184113359886461,8.265562,False,lineage_leiden,Kupffer,35366
LINC00324,-0.012057595782745425,0.02335752250611467,0.06950876525095503,0.91332555,False,lineage_leiden,Kupffer,35366
LINC00327,-0.022205535311582873,2.962799076320851e-05,0.00017045970685765965,10.9412365,False,lineage_leiden,Kupffer,35366
LINC00330,-0.006286626031204971,0.2371170839782061,0.42631675723581636,9.664933,False,lineage_leiden,Kupffer,35366
LINC00332,-0.005511440023163546,0.29999487100297556,0.5017356078983874,7.8952055,False,lineage_leiden,Kupffer,35366
LINC00333,,1.0,1.0,0.0,False,lineage_leiden,Kupffer,35366
LINC00334,,1.0,1.0,0.0,False,lineage_leiden,Kupffer,35366
LINC00336,,1.0,1.0,0.0,False,lineage_leiden,Kupffer,35366
LINC00339,-0.04792408242877011,1.926172165986827e-19,3.324573158493263e-18,1.4396482,False,lineage_leiden,Kupffer,35366
LINC00342,-0.1331161220354033,1.61479073724119e-139,3.4839110155978676e-137,5.3054724,False,lineage_leiden,Kupffer,35366
LINC00355,-0.007108175352533368,0.1813132533951939,0.3454157564681067,8.664973,False,lineage_leiden,Kupffer,35366
LINC00359,0.004339366470874638,0.41448311839962504,0.6327960739464416,10.123149,False,lineage_leiden,Kupffer,35366
LINC00379,-0.02204697209901261,3.376287044859385e-05,0.00019169313945484537,11.216587,False,lineage_leiden,Kupffer,35366
LINC00381,,1.0,1.0,0.0,False,lineage_leiden,Kupffer,35366
LINC00384,,1.0,1.0,0.0,False,lineage_leiden,Kupffer,35366
LINC00393,,1.0,1.0,0.0,False,lineage_leiden,Kupffer,35366
LINC00398,-0.006750036098869534,0.20430867943293507,0.3791793340873612,8.056553,False,lineage_leiden,Kupffer,35366
LINC00399,0.004535724136213885,0.39368385878981393,0.6154876270572635,9.947969,False,lineage_leiden,Kupffer,35366
LINC00402,-0.002707331412246111,0.6106683759923309,0.8169328313176542,9.616817,False,lineage_leiden,Kupffer,35366
LINC00407,,1.0,1.0,0.0,False,lineage_leiden,Kupffer,35366
LINC00412,-0.006878844710854642,0.19580541676958937,0.36496776387074653,9.036383,False,lineage_leiden,Kupffer,35366
LINC00426,-0.014709728261967583,0.0056689164182289805,0.020907157559536794,2.2798843,False,lineage_leiden,Kupffer,35366
LINC00427,,1.0,1.0,0.0,False,lineage_leiden,Kupffer,35366
LINC00449,-0.01983575482265079,0.000191086889192979,0.0009110938418427672,2.577221,False,lineage_leiden,Kupffer,35366
LINC00461,-0.0020269119548401403,0.7030808600254733,0.9069638000029648,8.384617,False,lineage_leiden,Kupffer,35366
LINC00462,0.0038028306435291953,0.4745275190165503,0.6905855799515733,9.30601,False,lineage_leiden,Kupffer,35366
LINC00469,,1.0,1.0,0.0,False,lineage_leiden,Kupffer,35366
LINC00470,0.014617370769273589,0.005978276041653001,0.021861238237061608,3.8538942,False,lineage_leiden,Kupffer,35366
LINC00472,-0.03764603555306591,1.421737954029347e-12,1.65805385719909e-11,12.199408,False,lineage_leiden,Kupffer,35366
LINC00479,,1.0,1.0,0.0,False,lineage_leiden,Kupffer,35366
LINC00482,0.03348718616057174,2.993904343293625e-10,2.6636489157344316e-09,3.9811397,False,lineage_leiden,Kupffer,35366
LINC00484,-0.010000586898546392,0.06001601494034754,0.14508073079417347,1.9782763,False,lineage_leiden,Kupffer,35366
LINC00485,-0.008719393442117786,0.10106146929354005,0.21907179460769685,7.24335,False,lineage_leiden,Kupffer,35366
LINC00486,,1.0,1.0,0.0,False,lineage_leiden,Kupffer,35366
LINC00487,-0.03622780428394684,9.43013324805215e-12,9.688339277463103e-11,12.272092,False,lineage_leiden,Kupffer,35366
LINC00491,,1.0,1.0,0.0,False,lineage_leiden,Kupffer,35366
LINC00494,0.001783151246921552,0.737379812220047,0.9317112415020505,8.180108,False,lineage_leiden,Kupffer,35366
LINC00500,0.00284193927331553,0.5930419718869939,0.8098025660418919,8.957725,False,lineage_leiden,Kupffer,35366
LINC00501,-0.005419354542889485,0.308142603813348,0.511491090472718,8.857135,False,lineage_leiden,Kupffer,35366
LINC00504,-0.02020342100676986,0.00014488388212424174,0.000714484515846975,11.032205,False,lineage_leiden,Kupffer,35366
LINC00507,-0.008570949421269928,0.10700273939188472,0.22857268340395176,8.611957,False,lineage_leiden,Kupffer,35366
LINC00511,-0.011487603195308836,0.030746640113878194,0.08615048837102884,3.0475502,False,lineage_leiden,Kupffer,35366
LINC00525,,1.0,1.0,0.0,False,lineage_leiden,Kupffer,35366
LINC00526,-0.017271878112839204,0.0011611679619787892,0.004771847386608072,1.0424623,False,lineage_leiden,Kupffer,35366
LINC00528,0.011059361389029881,0.037544154875255184,0.10125189267920381,2.0713048,False,lineage_leiden,Kupffer,35366
LINC00534,,1.0,1.0,0.0,False,lineage_leiden,Kupffer,35366
LINC00543,-0.010453963518894275,0.049305433084791364,0.12510360458119668,10.207001,False,lineage_leiden,Kupffer,35366
LINC00544,-0.002827871942538123,0.5948730936532032,0.810398578095013,8.208883,False,lineage_leiden,Kupffer,35366
LINC00545,-0.010319179855588324,0.05230771574677067,0.12973669093878268,9.49262,False,lineage_leiden,Kupffer,35366
LINC00551,,1.0,1.0,0.0,False,lineage_leiden,Kupffer,35366
LINC00562,-0.01280768372280159,0.016013511373005797,0.0509950565125609,2.4725595,False,lineage_leiden,Kupffer,35366
LINC00563,0.009098053457566861,0.08709196205251203,0.1981779265900993,9.582189,False,lineage_leiden,Kupffer,35366
LINC00570,,1.0,1.0,0.0,False,lineage_leiden,Kupffer,35366
LINC00571,-0.017567896093354955,0.0009533950243131716,0.004013560516986669,11.028027,False,lineage_leiden,Kupffer,35366
LINC00574,-0.0028828305496152065,0.5877339421866633,0.8038262949399215,9.76399,False,lineage_leiden,Kupffer,35366
LINC00578,-0.010402840688610198,0.05042671451927108,0.12724635856763433,9.828564,False,lineage_leiden,Kupffer,35366
LINC00582,0.005276670477184794,0.3210538482509553,0.5272478521728154,8.972937,False,lineage_leiden,Kupffer,35366
LINC00592,0.002454669948551827,0.644363940211448,0.8515866468644405,9.38494,False,lineage_leiden,Kupffer,35366
LINC00595,-0.011595816610464769,0.029206491800148345,0.08429833586464221,10.013973,False,lineage_leiden,Kupffer,35366
LINC00598,,1.0,1.0,0.0,False,lineage_leiden,Kupffer,35366
LINC00601,,1.0,1.0,0.0,False,lineage_leiden,Kupffer,35366
LINC00604,-0.009543135476353043,0.07271024897131624,0.17105597128129083,8.882549,False,lineage_leiden,Kupffer,35366
LINC00607,0.005986961827387621,0.26022081864767654,0.4509449126364355,11.10135,False,lineage_leiden,Kupffer,35366
LINC00608,-0.008535132118471355,0.1084769358532216,0.23058028483086265,9.190288,False,lineage_leiden,Kupffer,35366
LINC00621,-0.01481565959725264,0.0053319234585197835,0.01991969673031417,10.354681,False,lineage_leiden,Kupffer,35366
LINC00623,0.011555380539658627,0.02977404951644318,0.08522007231994073,1.9964886,False,lineage_leiden,Kupffer,35366
LINC00629,-0.008360992823381527,0.11587457543857814,0.2421301661101524,8.946088,False,lineage_leiden,Kupffer,35366
LINC00630,-0.013590087012627556,0.01059564512579118,0.03640813033596153,12.032819,False,lineage_leiden,Kupffer,35366
LINC00632,0.004159818149127786,0.4340589092755218,0.6447381044832622,8.183156,False,lineage_leiden,Kupffer,35366
LINC00636,-0.004344201248707231,0.413963314123612,0.6327960739464416,7.497134,False,lineage_leiden,Kupffer,35366
LINC00638,-0.025034585200066947,2.4949978639430346e-06,1.6189347041976232e-05,3.240345,False,lineage_leiden,Kupffer,35366
LINC00639,-0.02498854642475333,2.603191053210749e-06,1.6765327454633405e-05,11.764387,False,lineage_leiden,Kupffer,35366
LINC00640,-0.006327158857128862,0.23410697873897673,0.42266594697016097,8.2585335,False,lineage_leiden,Kupffer,35366
LINC00642,-0.006101049256846969,0.2512476127943411,0.44272179998829214,7.61224,False,lineage_leiden,Kupffer,35366
LINC00648,-0.030485579010305932,9.797231984937262e-09,7.828714076852646e-08,12.235857,False,lineage_leiden,Kupffer,35366
LINC00649,-0.013250290296119807,0.012707931968853795,0.04234341810471361,3.0999403,False,lineage_leiden,Kupffer,35366
LINC00654,-0.028382923038947374,9.369972148894976e-08,6.911355525210567e-07,2.8839068,False,lineage_leiden,Kupffer,35366
LINC00656,0.027332749116739156,2.733752860129516e-07,1.9180721286924977e-06,4.148105,False,lineage_leiden,Kupffer,35366
LINC00659,0.007122852432641361,0.18041361532223285,0.3452260532662682,9.924765,False,lineage_leiden,Kupffer,35366
LINC00662,-0.03454852798266411,8.093378241726402e-11,7.510306906032134e-10,1.3729424,False,lineage_leiden,Kupffer,35366
LINC00663,-0.020556955923586806,0.00011055236527958354,0.0005817481172943938,11.611842,False,lineage_leiden,Kupffer,35366
LINC00664,0.014784785354901072,0.005428223737047679,0.020192056401173046,12.625629,False,lineage_leiden,Kupffer,35366
LINC00665,-0.02328728983758237,1.1878178071200904e-05,7.270118918756298e-05,5.3116164,False,lineage_leiden,Kupffer,35366
LINC00667,-0.0563607885906081,2.759457702509259e-26,7.681974184727388e-25,0.661875,False,lineage_leiden,Kupffer,35366
LINC00671,0.019163364806384305,0.00031331217212899703,0.0014306264790863727,4.0015216,False,lineage_leiden,Kupffer,35366
LINC00677,0.0010049890738578007,0.8501005706397288,1.0,10.186245,False,lineage_leiden,Kupffer,35366
LINC00678,-0.00845531934187265,0.11181972528958993,0.23652064442381399,7.4442368,False,lineage_leiden,Kupffer,35366
LINC00682,-0.00614323861014057,0.24798466134353397,0.44125930461746354,8.37195,False,lineage_leiden,Kupffer,35366
LINC00683,0.009163708685196193,0.0848363498073551,0.19411152938011056,10.198682,False,lineage_leiden,Kupffer,35366
LINC00685,-0.06528866774647668,1.015353922232845e-34,4.172621118509263e-33,1.3757253,False,lineage_leiden,Kupffer,35366
LINC00686,0.010881976061393706,0.04071345728257041,0.1081098881072562,9.956006,False,lineage_leiden,Kupffer,35366
LINC00687,0.006086153426087633,0.25240678936062116,0.44272179998829214,8.406488,False,lineage_leiden,Kupffer,35366
LINC00691,-0.009194311218230227,0.08380125301449284,0.19234170572209394,9.491644,False,lineage_leiden,Kupffer,35366
LINC00692,,1.0,1.0,0.0,False,lineage_leiden,Kupffer,35366
LINC00702,-0.009282382082831825,0.08087930541051254,0.18712825889885343,8.882549,False,lineage_leiden,Kupffer,35366
LINC00707,-0.007401919222529834,0.16393338952042605,0.31720743308548804,8.359233,False,lineage_leiden,Kupffer,35366
LINC00838,-0.013873198804546622,0.009080556864111886,0.03198579826011656,9.41537,False,lineage_leiden,Kupffer,35366
LINC00839,-0.0017178784213144555,0.7466570264479095,0.9406788522986073,8.855085,False,lineage_leiden,Kupffer,35366
LINC00842,-0.003280612860737665,0.5372828818896956,0.7551712167276993,9.188675,False,lineage_leiden,Kupffer,35366
LINC00844,-0.0380372916385435,8.332439494983498e-13,9.987354561348277e-12,12.372032,False,lineage_leiden,Kupffer,35366
LINC00847,-0.06609340225385411,1.5344129419006437e-35,6.620991844301277e-34,0.8659396,False,lineage_leiden,Kupffer,35366
LINC00852,-0.018618723983606138,0.00046249235245699377,0.00201581262712316,1.6936188,False,lineage_leiden,Kupffer,35366
LINC00853,-0.022315210450953627,2.7054643831086527e-05,0.00015775782179883562,10.719147,False,lineage_leiden,Kupffer,35366
LINC00861,-0.01867944192768176,0.0004430605180572582,0.0019409199344335728,3.2242599,False,lineage_leiden,Kupffer,35366
LINC00862,0.0076471765391727085,0.15040944012577995,0.2983984984564324,3.2715988,False,lineage_leiden,Kupffer,35366
LINC00863,0.012304281228795549,0.020671535436570236,0.06281526437239476,1.7360682,False,lineage_leiden,Kupffer,35366
LINC00865,-0.04998735332876952,5.149140494626217e-21,9.660235319266142e-20,4.479416,False,lineage_leiden,Kupffer,35366
LINC00867,0.00416081419347564,0.4339488594279573,0.6447381044832622,9.35504,False,lineage_leiden,Kupffer,35366
LINC00868,,1.0,1.0,0.0,False,lineage_leiden,Kupffer,35366
LINC00869,0.008009131332245453,0.13202709200493143,0.2671452676690157,8.703391,False,lineage_leiden,Kupffer,35366
LINC00870,,1.0,1.0,0.0,False,lineage_leiden,Kupffer,35366
LINC00871,,1.0,1.0,0.0,False,lineage_leiden,Kupffer,35366
LINC00877,0.09235885167126004,7.499583726347599e-68,5.883764323489071e-66,2.886916,False,lineage_leiden,Kupffer,35366
LINC00880,-0.0023847401735155034,0.6538245311972111,0.8601380646695017,9.105435,False,lineage_leiden,Kupffer,35366
LINC00881,-0.020383782621589148,0.00012627814832374468,0.0006372984912479045,10.481571,False,lineage_leiden,Kupffer,35366
LINC00882,0.0007876245586049947,0.8822525784266975,1.0,9.343034,False,lineage_leiden,Kupffer,35366
LINC00885,-0.009093143102902879,0.08726258644755241,0.1981779265900993,9.838235,False,lineage_leiden,Kupffer,35366
LINC00886,-0.019030978887171836,0.00034473338894569017,0.0015551432385906754,1.8125014,False,lineage_leiden,Kupffer,35366
LINC00887,-0.01358386261259748,0.010631342809573936,0.03640813033596153,3.387597,False,lineage_leiden,Kupffer,35366
LINC00896,-0.011529696196430204,0.030139456456248274,0.08522007231994073,11.61755,False,lineage_leiden,Kupffer,35366
LINC00900,-0.052274658451966535,7.794620306923823e-23,1.6406725182622584e-21,4.477928,False,lineage_leiden,Kupffer,35366
LINC00907,-0.004364287793577159,0.4118078717726941,0.6323668920637634,9.4692745,False,lineage_leiden,Kupffer,35366
LINC00910,-0.05503825417901497,3.8534188167635274e-25,9.780883643726247e-24,1.7455704,False,lineage_leiden,Kupffer,35366
LINC00920,-0.03603687148189417,1.2100864154099082e-11,1.2003500879295986e-10,2.2314014,False,lineage_leiden,Kupffer,35366
LINC00923,-0.029607670459913565,2.5620825037115944e-08,1.9741760720563446e-07,11.472612,False,lineage_leiden,Kupffer,35366
LINC00924,-0.0008690712125769769,0.8701795026736153,1.0,10.770627,False,lineage_leiden,Kupffer,35366
LINC00926,-0.023153956412741372,1.332321334462365e-05,8.097135997471979e-05,2.3385224,False,lineage_leiden,Kupffer,35366
LINC00929,,1.0,1.0,0.0,False,lineage_leiden,Kupffer,35366
LINC00937,0.043856317921568855,1.567702467238486e-16,2.2930969986895138e-15,1.847888,False,lineage_leiden,Kupffer,35366
LINC00938,-0.0028165637392255595,0.596346933597607,0.810398578095013,0.67514944,False,lineage_leiden,Kupffer,35366
LINC00939,-0.0028097588437325286,0.5972346415624894,0.810398578095013,7.8632774,False,lineage_leiden,Kupffer,35366
LINC00940,-0.005621458932860198,0.29045037699586257,0.48956772528794806,8.221128,False,lineage_leiden,Kupffer,35366
LINC00941,-0.0032654116672881832,0.5391701572596278,0.7565916190488761,8.982878,False,lineage_leiden,Kupffer,35366
LINC00943,-0.005833850019320825,0.2726083236844006,0.46864737717059307,8.453928,False,lineage_leiden,Kupffer,35366
LINC00944,-0.011340484924059629,0.032951987726239244,0.09114604297353997,10.989682,False,lineage_leiden,Kupffer,35366
LINC00951,,1.0,1.0,0.0,False,lineage_leiden,Kupffer,35366
LINC00954,0.011113096874780551,0.036626513520232856,0.0993983684527074,3.6778069,False,lineage_leiden,Kupffer,35366
LINC00957,-0.013052810773858349,0.014099834812744202,0.045573623383514034,2.6847749,False,lineage_leiden,Kupffer,35366
LINC00958,-0.005141203044680528,0.33363444649948515,0.5412152769343153,10.7890835,False,lineage_leiden,Kupffer,35366
LINC00960,-0.02673590382189466,4.939833769935618e-07,3.3567531838223926e-06,3.7911963,False,lineage_leiden,Kupffer,35366
LINC00964,-0.010448117089938765,0.04943259462594215,0.12510360458119668,8.579087,False,lineage_leiden,Kupffer,35366
LINC00968,0.013684046870589401,0.01006957611067367,0.0349989047566296,1.9238348,False,lineage_leiden,Kupffer,35366
LINC00970,-0.01745036435351063,0.001031382351949417,0.004279245046790129,9.74878,False,lineage_leiden,Kupffer,35366
LINC00971,-0.010758411616170997,0.043052758250430576,0.1125894859700654,11.155365,False,lineage_leiden,Kupffer,35366
LINC00987,-0.0479855365136788,1.7329485825348993e-19,3.052111483117588e-18,3.6964116,False,lineage_leiden,Kupffer,35366
LINC00989,-0.005324350588017048,0.31670059480394086,0.5215889567095439,8.362772,False,lineage_leiden,Kupffer,35366
LINC00992,,1.0,1.0,0.0,False,lineage_leiden,Kupffer,35366
LINC00996,-0.05807281475744695,8.291712898478367e-28,2.5556243683524397e-26,5.5403094,False,lineage_leiden,Kupffer,35366
LINC01001,0.05657340131742773,1.7957234830938394e-26,5.3438253996895975e-25,3.4503484,False,lineage_leiden,Kupffer,35366
LINC01003,0.014973278483208058,0.004863919496621028,0.01825027185036499,0.7599213,False,lineage_leiden,Kupffer,35366
LINC01004,0.0029116598146584714,0.5840049208922774,0.7999940424286276,0.94558144,False,lineage_leiden,Kupffer,35366
LINC01010,-0.020316533160063602,0.00013293533026396384,0.000659328678263223,2.9940157,False,lineage_leiden,Kupffer,35366
LINC01011,-0.03343640940538401,3.184136133347557e-10,2.8039892684478996e-09,1.933661,False,lineage_leiden,Kupffer,35366
LINC01013,-0.03746461942899899,1.8181403778780838e-12,2.0920735281450486e-11,12.346459,False,lineage_leiden,Kupffer,35366
LINC01018,-0.008243951573679286,0.12106551523394496,0.24955745316009972,8.748141,False,lineage_leiden,Kupffer,35366
LINC01023,-0.02787884045299339,1.5739932143126973e-07,1.1511492745354725e-06,1.8517346,False,lineage_leiden,Kupffer,35366
LINC01030,0.0012233071221212429,0.8180566010091899,1.0,9.738225,False,lineage_leiden,Kupffer,35366
LINC01031,-0.005145791548527926,0.33320318553986683,0.5412152769343153,8.144418,False,lineage_leiden,Kupffer,35366
LINC01036,,1.0,1.0,0.0,False,lineage_leiden,Kupffer,35366
LINC01048,,1.0,1.0,0.0,False,lineage_leiden,Kupffer,35366
LINC01050,-0.0027049755866708713,0.6109789227453105,0.8169328313176542,9.037672,False,lineage_leiden,Kupffer,35366
LINC01054,,1.0,1.0,0.0,False,lineage_leiden,Kupffer,35366
LINC01058,,1.0,1.0,0.0,False,lineage_leiden,Kupffer,35366
LINC01063,0.002493549758226963,0.6391286889475726,0.8459632800026919,1.7235436,False,lineage_leiden,Kupffer,35366
LINC01068,,1.0,1.0,0.0,False,lineage_leiden,Kupffer,35366
LINC01072,,1.0,1.0,0.0,False,lineage_leiden,Kupffer,35366
LINC01085,-0.0033738936340330632,0.525774947857716,0.7441533594094749,8.662038,False,lineage_leiden,Kupffer,35366
LINC01087,-0.006432313808633768,0.22642433591644748,0.41137726714925094,8.028305,False,lineage_leiden,Kupffer,35366
LINC01088,-0.008228599370418163,0.12175969624400455,0.25018718537756174,9.357979,False,lineage_leiden,Kupffer,35366
LINC01090,,1.0,1.0,0.0,False,lineage_leiden,Kupffer,35366
LINC01091,-0.008637220004237991,0.10431701639158596,0.22394424165656387,9.41988,False,lineage_leiden,Kupffer,35366
LINC01093,-0.0075965709522028595,0.1531279003533257,0.3010236401023237,10.944985,False,lineage_leiden,Kupffer,35366
LINC01094,-0.04744720299705009,4.354986999021615e-19,7.227603423376258e-18,2.0715313,False,lineage_leiden,Kupffer,35366
LINC01095,-0.0009652049527059584,0.8559683648746397,1.0,10.320775,False,lineage_leiden,Kupffer,35366
LINC01099,-0.008341251831115873,0.11673763749611818,0.2433443989351449,8.016591,False,lineage_leiden,Kupffer,35366
LINC01102,0.00522288568088385,0.3260111607486591,0.5318480750965837,8.357188,False,lineage_leiden,Kupffer,35366
LINC01104,-0.008498721701486103,0.10999196914373724,0.23322621467087282,8.911841,False,lineage_leiden,Kupffer,35366
LINC01106,-0.0002585120636411209,0.961227172728549,1.0,9.023306,False,lineage_leiden,Kupffer,35366
LINC01111,,1.0,1.0,0.0,False,lineage_leiden,Kupffer,35366
LINC01114,-0.020349652596453674,0.00012961647839983948,0.0006486261747044578,11.284354,False,lineage_leiden,Kupffer,35366
LINC01115,0.0007086711322723259,0.8939822744384402,1.0,8.160713,False,lineage_leiden,Kupffer,35366
LINC01116,-0.01835670915125201,0.0005558210020470788,0.002398367623833145,0.9394202,False,lineage_leiden,Kupffer,35366
LINC01117,-0.003280612860737665,0.5372828818896956,0.7551712167276993,9.188675,False,lineage_leiden,Kupffer,35366
LINC01118,-0.018387347957717796,0.0005440656545001997,0.0023594405016767457,10.978273,False,lineage_leiden,Kupffer,35366
LINC01119,-0.006884198242082209,0.19545770522034023,0.36496776387074653,10.696088,False,lineage_leiden,Kupffer,35366
LINC01122,0.0007708925944919486,0.8847362922197842,1.0,9.68956,False,lineage_leiden,Kupffer,35366
LINC01123,,1.0,1.0,0.0,False,lineage_leiden,Kupffer,35366
LINC01124,,1.0,1.0,0.0,False,lineage_leiden,Kupffer,35366
LINC01132,-0.003033579635771666,0.5683578865488577,0.7827851712731407,9.812365,False,lineage_leiden,Kupffer,35366
LINC01133,0.006195502999676957,0.2439837746768915,0.43593788311833825,9.337984,False,lineage_leiden,Kupffer,35366
LINC01134,0.0009909932552948076,0.8521638969702617,1.0,1.9760346,False,lineage_leiden,Kupffer,35366
LINC01135,-0.01097239761857605,0.039070669178269506,0.10471424689703908,10.975292,False,lineage_leiden,Kupffer,35366
LINC01138,0.008754809823160724,0.09968353750884684,0.21834236769069754,9.75892,False,lineage_leiden,Kupffer,35366
LINC01140,,1.0,1.0,0.0,False,lineage_leiden,Kupffer,35366
LINC01149,-0.007089506884756277,0.18246235069551547,0.3468392261018279,8.580271,False,lineage_leiden,Kupffer,35366
LINC01150,0.0011811720262397529,0.8242191708703397,1.0,8.2098675,False,lineage_leiden,Kupffer,35366
LINC01151,-0.008368336354217938,0.11555480427669804,0.24204804876405436,8.091255,False,lineage_leiden,Kupffer,35366
LINC01152,-0.009208998282808967,0.08330812314664565,0.19171976073481387,7.202792,False,lineage_leiden,Kupffer,35366
LINC01160,-0.008396843088341844,0.11432005932882214,0.24062978341652075,10.660206,False,lineage_leiden,Kupffer,35366
LINC01166,,1.0,1.0,0.0,False,lineage_leiden,Kupffer,35366
LIPE-AS1,0.04376946726843187,1.7974411584394478e-16,2.585319532888739e-15,1.6446488,False,lineage_leiden,Kupffer,35366
LL22NC03-63E9.3,0.003152975176563957,0.5532318127211671,0.7680182981602113,7.563299,False,lineage_leiden,Kupffer,35366
LMCD1-AS1,-0.0076367180982579415,0.15096821504687763,0.29882011372810874,10.303787,False,lineage_leiden,Kupffer,35366
LMLN-AS1,,1.0,1.0,0.0,False,lineage_leiden,Kupffer,35366
LOH12CR2,-0.005769994826257569,0.27789186701989843,0.47511089472057616,1.630321,False,lineage_leiden,Kupffer,35366
LOXL1-AS1,-0.0069196131881743604,0.19316890263762926,0.36330630507707457,9.740249,False,lineage_leiden,Kupffer,35366
LPP-AS1,-0.0009754212287256828,0.854460783992202,1.0,8.957574,False,lineage_leiden,Kupffer,35366
LPP-AS2,-0.01895417719184042,0.0003642887494245777,0.0016289180868052362,1.720458,False,lineage_leiden,Kupffer,35366
LRP4-AS1,-0.02053157336658533,0.00011273572156250266,0.0005827366357304233,3.2928495,False,lineage_leiden,Kupffer,35366
LUCAT1,0.10023569882486646,1.2046239676819874e-79,1.299488105136944e-77,2.489189,False,lineage_leiden,Kupffer,35366
LY86-AS1,0.019084526853665938,0.00033168473511205657,0.0015065469810616042,12.305935,False,lineage_leiden,Kupffer,35366
MAFG-AS1,-0.01607180563359299,0.002506728476453059,0.009572153429995532,11.207096,False,lineage_leiden,Kupffer,35366
MALAT1,-0.03473178613053047,6.43155581438887e-11,6.099376558041313e-10,0.11697292,False,lineage_leiden,Kupffer,35366
MAMDC2-AS1,-0.012944486461712439,0.014919111479363536,0.0478631717720845,9.309858,False,lineage_leiden,Kupffer,35366
MAP3K14-AS1,0.0016301559113930456,0.7591828363658774,0.9536750913882855,9.12667,False,lineage_leiden,Kupffer,35366
MAPKAPK5-AS1,-0.09780454663992184,6.688698890735794e-76,6.413719047449989e-74,1.3740733,False,lineage_leiden,Kupffer,35366
MAST4-AS1,-0.00826369150287827,0.12017748888365622,0.24955745316009972,8.750924,False,lineage_leiden,Kupffer,35366
MATN1-AS1,-0.05576553619549199,9.109773544318349e-26,2.382343808711132e-24,2.3226933,False,lineage_leiden,Kupffer,35366
MBNL1-AS1,-0.026216400891452777,8.185572387431207e-07,5.476084473141963e-06,1.6887589,False,lineage_leiden,Kupffer,35366
MCCC1-AS1,,1.0,1.0,0.0,False,lineage_leiden,Kupffer,35366
MCF2L-AS1,-0.013975811931215517,0.008581136098926072,0.030475392812235394,10.153181,False,lineage_leiden,Kupffer,35366
MCM3AP-AS1,-0.011264118129999253,0.03414920316073281,0.09415579018438472,11.716114,False,lineage_leiden,Kupffer,35366
MDC1-AS1,-0.007604240289011596,0.15271352858769957,0.3010236401023237,8.114433,False,lineage_leiden,Kupffer,35366
MDS2,-0.004320762719099674,0.41648687138074025,0.6327960739464416,7.8398657,False,lineage_leiden,Kupffer,35366
MED4-AS1,-0.0017639287101835236,0.7401080047874822,0.9337912399584753,8.423082,False,lineage_leiden,Kupffer,35366
MEF2C-AS1,-0.027521651576178714,2.2611363095867522e-07,1.6126947398127e-06,2.5782948,False,lineage_leiden,Kupffer,35366
MEG3,0.03370479223072738,2.2969078224574048e-10,2.0865594218744634e-09,3.8124843,False,lineage_leiden,Kupffer,35366
MEG8,0.010036366261886885,0.059105897453800474,0.1432819929849152,8.482325,False,lineage_leiden,Kupffer,35366
MEG9,0.010357397896263535,0.05144127827918276,0.12884629229501846,9.326271,False,lineage_leiden,Kupffer,35366
MEIS1-AS2,-0.004257739117266022,0.4233172909516491,0.6342519425377239,7.625454,False,lineage_leiden,Kupffer,35366
MIAT,-0.021048993226035588,7.534596420713126e-05,0.0004017422272286664,2.862721,False,lineage_leiden,Kupffer,35366
MID1IP1-AS1,-0.004606529728044676,0.3863415360056589,0.6081240224407986,10.487969,False,lineage_leiden,Kupffer,35366
MIMT1,,1.0,1.0,0.0,False,lineage_leiden,Kupffer,35366
MIR155HG,-0.06251518354098483,5.732783843811267e-32,2.0614135238371345e-30,3.3047738,False,lineage_leiden,Kupffer,35366
MIR181A1HG,-0.10120585091150791,3.635578110870293e-81,4.482148442401519e-79,1.350909,False,lineage_leiden,Kupffer,35366
MIR181A2HG,-0.020442723826107973,0.00012070303333467496,0.0006127453986342617,10.874008,False,lineage_leiden,Kupffer,35366
MIR202HG,0.002812278964198538,0.5969058183258306,0.810398578095013,9.116145,False,lineage_leiden,Kupffer,35366
MIR210HG,-0.02224675985949512,2.86345685208376e-05,0.00016584988344619362,12.53945,False,lineage_leiden,Kupffer,35366
MIR22HG,0.03681760516772773,4.330075054308099e-12,4.671068464834861e-11,1.5662019,False,lineage_leiden,Kupffer,35366
MIR4458HG,-0.056522125887201326,1.9920547097494448e-26,5.7304773817125695e-25,1.5834522,False,lineage_leiden,Kupffer,35366
MIR4500HG,,1.0,1.0,0.0,False,lineage_leiden,Kupffer,35366
MIR497HG,-0.013121602765575145,0.013600400194421347,0.044458883968884935,11.741771,False,lineage_leiden,Kupffer,35366
MIR503HG,-0.04181186320411961,3.654644185058827e-15,4.868759745733942e-14,4.216173,False,lineage_leiden,Kupffer,35366
MIS18A-AS1,0.0005539681218187314,0.9170306789150171,1.0,9.263816,False,lineage_leiden,Kupffer,35366
MKNK1-AS1,-0.005595885641106351,0.2926505063429485,0.492314594491159,9.0534,False,lineage_leiden,Kupffer,35366
MNX1-AS1,,1.0,1.0,0.0,False,lineage_leiden,Kupffer,35366
MNX1-AS2,,1.0,1.0,0.0,False,lineage_leiden,Kupffer,35366
MORC2-AS1,-0.011681933223895352,0.028028720284730534,0.08144372257819006,0.9383764,False,lineage_leiden,Kupffer,35366
MORF4L2-AS1,-0.013987845755833615,0.008524205937510762,0.03039830464492474,11.650633,False,lineage_leiden,Kupffer,35366
MPRIP-AS1,-0.031151034651196605,4.644537958935026e-09,3.817367865296121e-08,3.8256235,False,lineage_leiden,Kupffer,35366
MRPL23-AS1,-0.0031101016247219505,0.5586406509188676,0.7726071822804211,8.949727,False,lineage_leiden,Kupffer,35366
MTUS2-AS1,-0.001433060635289601,0.7875527530666065,0.9807475121161349,9.78392,False,lineage_leiden,Kupffer,35366
MYCBP2-AS1,-2.478179502421409e-05,0.9962816619496899,1.0,10.294747,False,lineage_leiden,Kupffer,35366
MYLK-AS1,-0.004745530008541515,0.3721728148066307,0.5904138587833131,1.5116863,False,lineage_leiden,Kupffer,35366
NAALADL2-AS2,,1.0,1.0,0.0,False,lineage_leiden,Kupffer,35366
NALCN-AS1,-0.013227854820584358,0.012859691829767098,0.04268428480418848,9.8069315,False,lineage_leiden,Kupffer,35366
NAPA-AS1,-0.023575287756781856,9.250372409250945e-06,5.743216826750766e-05,0.66420126,False,lineage_leiden,Kupffer,35366
NAV2-AS2,-0.021042415975172167,7.573718276085553e-05,0.0004017422272286664,10.044347,False,lineage_leiden,Kupffer,35366
NAV2-AS3,-0.005096976120343318,0.33780966460430073,0.5449154029037598,9.188675,False,lineage_leiden,Kupffer,35366
NCAM1-AS1,,1.0,1.0,0.0,False,lineage_leiden,Kupffer,35366
NCBP2-AS1,0.002105977234221349,0.6920804155424017,0.8941098781633124,10.968407,False,lineage_leiden,Kupffer,35366
NDUFB2-AS1,-0.010318834238052833,0.052315606543101245,0.12973669093878268,3.0908217,False,lineage_leiden,Kupffer,35366
NEAT1,0.2524071810259725,0.0,0.0,0.4300729,False,lineage_leiden,Kupffer,35366
NEBL-AS1,0.018161206390474933,0.0006365796871063527,0.0027062476353339033,9.905648,False,lineage_leiden,Kupffer,35366
NEXN-AS1,-0.016846009322733294,0.0015341335582391984,0.006129431762779761,10.094155,False,lineage_leiden,Kupffer,35366
NFE4,-0.01580291089275145,0.00295912690040222,0.011200554890557527,10.424219,False,lineage_leiden,Kupffer,35366
NFYC-AS1,-0.014369141973245458,0.006886505962576502,0.024970817839090425,1.7478347,False,lineage_leiden,Kupffer,35366
NIFK-AS1,-0.04647106493255461,2.256108442307013e-18,3.605595529094356e-17,1.0750012,False,lineage_leiden,Kupffer,35366
NNT-AS1,-0.06161752656548504,4.20289853162749e-31,1.3950390126132784e-29,1.7133651,False,lineage_leiden,Kupffer,35366
NOP14-AS1,-0.022387481362964284,2.54766595725298e-05,0.00015059148774721382,0.9266019,False,lineage_leiden,Kupffer,35366
NPHP3-AS1,-0.0018370525231837407,0.7297475053165003,0.9286806434791391,9.323543,False,lineage_leiden,Kupffer,35366
NR2F2-AS1,-0.00869595491251023,0.10198169711568691,0.2200255115270945,7.6556015,False,lineage_leiden,Kupffer,35366
NUCB1-AS1,,1.0,1.0,0.0,False,lineage_leiden,Kupffer,35366
NUTM2A-AS1,0.012551700272750418,0.018252114921016447,0.056660342362723715,0.6525681,False,lineage_leiden,Kupffer,35366
NXF5,,1.0,1.0,0.0,False,lineage_leiden,Kupffer,35366
ODF2-AS1,,1.0,1.0,0.0,False,lineage_leiden,Kupffer,35366
OGFR-AS1,-0.006511640650848381,0.22074893271256218,0.40533261474668336,2.8486176,False,lineage_leiden,Kupffer,35366
OPA1-AS1,,1.0,1.0,0.0,False,lineage_leiden,Kupffer,35366
OR2A1-AS1,-0.054346890642256916,1.4918244987401507e-24,3.6784129783221426e-23,13.353258,False,lineage_leiden,Kupffer,35366
OSBPL10-AS1,0.00222171217868961,0.6760950976799396,0.8800453533903285,7.612029,False,lineage_leiden,Kupffer,35366
OSGEPL1-AS1,-0.013307616804045436,0.012327335943673332,0.04123446092786855,3.7901468,False,lineage_leiden,Kupffer,35366
OSTN-AS1,0.0014447684922744104,0.7858592097464878,0.9800527427907789,9.619733,False,lineage_leiden,Kupffer,35366
OTX2-AS1,,1.0,1.0,0.0,False,lineage_leiden,Kupffer,35366
OVCH1-AS1,0.027262204751515005,2.9336387576435115e-07,2.041717941811573e-06,3.730164,False,lineage_leiden,Kupffer,35366
PAN3-AS1,-0.002728534394879637,0.6078765394378862,0.8169328313176542,0.90929794,False,lineage_leiden,Kupffer,35366
PAPPA-AS1,,1.0,1.0,0.0,False,lineage_leiden,Kupffer,35366
PART1,0.0019650973760114944,0.7117248446676182,0.9110267703388488,11.301771,False,lineage_leiden,Kupffer,35366
PAXBP1-AS1,-0.05347751889109021,7.98975447940321e-24,1.8635562474932353e-22,1.9368219,False,lineage_leiden,Kupffer,35366
PAXIP1-AS2,-0.03904894709923524,2.0418283081232668e-13,2.5537649708846075e-12,2.207117,False,lineage_leiden,Kupffer,35366
PCA3,0.0009529064426005489,0.8577839108747165,1.0,7.738346,False,lineage_leiden,Kupffer,35366
PCAT1,-0.036483571683442045,6.738768977606377e-12,7.092143448383296e-11,12.71648,False,lineage_leiden,Kupffer,35366
PCAT6,-0.009839699239103451,0.06425325739789176,0.15423566721665657,2.477273,False,lineage_leiden,Kupffer,35366
PCAT7,-0.0053496574177972645,0.31440585486283346,0.5187997184447902,9.835443,False,lineage_leiden,Kupffer,35366
PCBP1-AS1,-0.08367301908131745,5.634797231444849e-56,3.473450007669218e-54,1.6594226,False,lineage_leiden,Kupffer,35366
PCCA-AS1,-0.0002570425413628701,0.9614474063439329,1.0,8.804605,False,lineage_leiden,Kupffer,35366
PCDH9-AS1,,1.0,1.0,0.0,False,lineage_leiden,Kupffer,35366
PCOLCE-AS1,-0.001531631229359085,0.7733266358524521,0.967218676435748,8.652093,False,lineage_leiden,Kupffer,35366
PDCD4-AS1,-0.031354960401104005,3.6836122571988736e-09,3.0566897865025266e-08,0.7696533,False,lineage_leiden,Kupffer,35366
PEX5L-AS1,0.000887787949672558,0.8674092309168182,1.0,8.3318815,False,lineage_leiden,Kupffer,35366
PGM5-AS1,-0.001967023936883158,0.7114548725464217,0.9110267703388488,9.979655,False,lineage_leiden,Kupffer,35366
PHKA2-AS1,-0.006040109079867322,0.25601345583832075,0.4454427669122395,7.747656,False,lineage_leiden,Kupffer,35366
PINK1-AS,-0.01869407071439299,0.00043849410198530485,0.0019307163776189698,1.8773632,False,lineage_leiden,Kupffer,35366
PITPNA-AS1,-0.03474451277624142,6.32944300518099e-11,6.069232570523549e-10,0.82702446,False,lineage_leiden,Kupffer,35366
PLCXD2-AS1,,1.0,1.0,0.0,False,lineage_leiden,Kupffer,35366
PLS1-AS1,-0.009668345976313997,0.0690346574979341,0.16322440937182775,9.413199,False,lineage_leiden,Kupffer,35366
POT1-AS1,-0.010945434189846812,0.039554547724797696,0.1054859963443881,11.350726,False,lineage_leiden,Kupffer,35366
POU6F2-AS1,,1.0,1.0,0.0,False,lineage_leiden,Kupffer,35366
PPP1R26-AS1,-0.0033014545481106724,0.5347007285677353,0.7539979228005811,10.39846,False,lineage_leiden,Kupffer,35366
PRC1-AS1,-0.013042353529353389,0.014177155622307841,0.04565255709720772,9.889476,False,lineage_leiden,Kupffer,35366
PRICKLE2-AS3,-0.0075992755711539305,0.1529816731694235,0.3010236401023237,8.881648,False,lineage_leiden,Kupffer,35366
PRKAG2-AS1,0.056108088375973746,4.5886397484302753e-26,1.2374987821547898e-24,1.2311261,False,lineage_leiden,Kupffer,35366
PRKAR2A-AS1,-0.007190949922003382,0.17628289764826538,0.3395806711394041,2.854909,False,lineage_leiden,Kupffer,35366
PRKCQ-AS1,-0.0183194783772899,0.0005704238589927335,0.002449133285128005,0.9751115,False,lineage_leiden,Kupffer,35366
PRKG1-AS1,,1.0,1.0,0.0,False,lineage_leiden,Kupffer,35366
PRKX-AS1,,1.0,1.0,0.0,False,lineage_leiden,Kupffer,35366
PRMT5-AS1,-0.008823382383757296,0.0970582321560402,0.21384761008854283,11.277244,False,lineage_leiden,Kupffer,35366
PROSER2-AS1,0.008842836364717582,0.09632358810556656,0.21314681162847166,7.68884,False,lineage_leiden,Kupffer,35366
PROX1-AS1,-0.007765184858983485,0.1442132937604826,0.287427419203918,8.314159,False,lineage_leiden,Kupffer,35366
PRR7-AS1,-0.001519909735672359,0.7750144497998205,0.967926874352019,2.4973774,False,lineage_leiden,Kupffer,35366
PRRT3-AS1,-0.0027657097790487334,0.6029953784426716,0.8169309444207623,2.1015205,False,lineage_leiden,Kupffer,35366
PSMD6-AS2,-0.003427941969232733,0.5191652138752111,0.7381212184090727,1.3413839,False,lineage_leiden,Kupffer,35366
PSMG3-AS1,0.005739425710916137,0.2804457518202916,0.4773662402779322,0.92773485,False,lineage_leiden,Kupffer,35366
PTCSC3,-0.0061179257118282185,0.24993880026892787,0.44270444997596126,8.619214,False,lineage_leiden,Kupffer,35366
PTOV1-AS1,-0.011218887086109547,0.03487568024343005,0.09585258614675203,2.705655,False,lineage_leiden,Kupffer,35366
PWRN1,-0.009019927477308011,0.08983881155671622,0.20242027538159385,8.401271,False,lineage_leiden,Kupffer,35366
PXN-AS1,-0.02974293780491177,2.2131942029162644e-08,1.7207086460511138e-07,2.0851192,False,lineage_leiden,Kupffer,35366
RAB11B-AS1,-0.011543458577894423,0.02994318491184125,0.08522007231994073,1.171989,False,lineage_leiden,Kupffer,35366
RAD21-AS1,0.0032276145579292577,0.5438771367199122,0.7613008680281552,11.069695,False,lineage_leiden,Kupffer,35366
RAI1-AS1,,1.0,1.0,0.0,False,lineage_leiden,Kupffer,35366
RAMP2-AS1,-0.03374479997326941,2.1872847569033468e-10,2.008113558731477e-09,4.4459434,False,lineage_leiden,Kupffer,35366
RAP2C-AS1,-0.01007507513110113,0.05813419310770202,0.14184486684609623,1.2306957,False,lineage_leiden,Kupffer,35366
RASAL2-AS1,-0.011881883904259507,0.02545090414247776,0.07470792610530036,10.347462,False,lineage_leiden,Kupffer,35366
RASSF8-AS1,-0.060534784196756265,4.472858075530598e-30,1.4296579700677431e-28,13.911303,False,lineage_leiden,Kupffer,35366
RBM26-AS1,-0.02003988898689877,0.00016395756875385383,0.0007994089369185077,1.7679515,False,lineage_leiden,Kupffer,35366
RBMS3-AS2,-0.010862289914332357,0.04107877511807003,0.10861279940515896,9.031112,False,lineage_leiden,Kupffer,35366
RBMS3-AS3,-0.03704381986875318,3.202227449365038e-12,3.4981294794962376e-11,11.945383,False,lineage_leiden,Kupffer,35366
RBPMS-AS1,,1.0,1.0,0.0,False,lineage_leiden,Kupffer,35366
RFPL1S,-0.04755693619594417,3.6121836534622525e-19,6.112381358701811e-18,3.9685469,False,lineage_leiden,Kupffer,35366
RFPL3S,0.0018304789772451277,0.7306768909876425,0.9286806434791391,10.635699,False,lineage_leiden,Kupffer,35366
RGMB-AS1,-0.015606811632721632,0.0033347394367057963,0.012567162156668569,9.922379,False,lineage_leiden,Kupffer,35366
RGPD4-AS1,0.003966997554582693,0.4556648886750161,0.6710559708644008,9.745757,False,lineage_leiden,Kupffer,35366
RHPN1-AS1,-0.0118851070105085,0.025411089700094872,0.07470792610530036,10.400485,False,lineage_leiden,Kupffer,35366
RMDN2-AS1,0.00604224972920531,0.2558449886953119,0.4454427669122395,7.889474,False,lineage_leiden,Kupffer,35366
RN7SL832P,-0.009829939472540173,0.06451804851125495,0.15423566721665657,0.976594,False,lineage_leiden,Kupffer,35366
RNASEH2B-AS1,-0.008736406351431723,0.10039767241154252,0.21879593760394242,10.954976,False,lineage_leiden,Kupffer,35366
RNF157-AS1,,1.0,1.0,0.0,False,lineage_leiden,Kupffer,35366
RNF185-AS1,,1.0,1.0,0.0,False,lineage_leiden,Kupffer,35366
RNU6ATAC35P,0.0138626360468834,0.009133411218952722,0.03204119464209837,9.8909855,False,lineage_leiden,Kupffer,35366
RRM1-AS1,0.00195158020556666,0.7136200425829221,0.9110267703388488,8.0957365,False,lineage_leiden,Kupffer,35366
RUSC1-AS1,-0.004826506511468545,0.3640690949601274,0.582915823656011,1.7743826,False,lineage_leiden,Kupffer,35366
RUVBL1-AS1,0.010052548925271007,0.05869803831819396,0.14269410441859545,9.616014,False,lineage_leiden,Kupffer,35366
SAMSN1-AS1,0.011176130454805385,0.035574506998701225,0.09715442892366821,10.772899,False,lineage_leiden,Kupffer,35366
SAP30L-AS1,-0.0037951388634876264,0.4754216922303798,0.6907220882067638,9.691963,False,lineage_leiden,Kupffer,35366
SAPCD1-AS1,-0.0048012872372602995,0.3665810020804214,0.5847678462022249,8.706555,False,lineage_leiden,Kupffer,35366
SBF2-AS1,-0.052408680858212146,6.062760043862057e-23,1.3080404794632387e-21,3.1460748,False,lineage_leiden,Kupffer,35366
SCARNA9,-0.008244393490346183,0.12104557901697553,0.24955745316009972,10.148314,False,lineage_leiden,Kupffer,35366
SCGB1B2P,-0.006926914512370097,0.19269948936499984,0.36330630507707457,9.74615,False,lineage_leiden,Kupffer,35366
SDCBP2-AS1,-0.010602737412244446,0.046160746100139205,0.11891559368483623,2.3368902,False,lineage_leiden,Kupffer,35366
SEC24B-AS1,-0.013091468489792502,0.013817220905084244,0.0448280512822846,2.2386322,False,lineage_leiden,Kupffer,35366
SEC62-AS1,0.0008992290428461066,0.8657166294023949,1.0,9.449814,False,lineage_leiden,Kupffer,35366
SEMA3B-AS1,,1.0,1.0,0.0,False,lineage_leiden,Kupffer,35366
SENCR,-0.03339622181119331,3.34301616433936e-10,2.9141645957826945e-09,0.9698653,False,lineage_leiden,Kupffer,35366
SERTAD4-AS1,,1.0,1.0,0.0,False,lineage_leiden,Kupffer,35366
SFTA1P,0.005252553648825949,0.32327056043847857,0.5293785458413796,8.695433,False,lineage_leiden,Kupffer,35366
SFTA3,-0.0038390312219092754,0.47033161254585437,0.6856354419376222,8.48398,False,lineage_leiden,Kupffer,35366
SH3BP5-AS1,-0.021524407301923305,5.1618843184947454e-05,0.00028478333854989703,2.6659346,False,lineage_leiden,Kupffer,35366
SH3RF3-AS1,0.006652074061527043,0.2109531933952204,0.39067082811174936,10.473424,False,lineage_leiden,Kupffer,35366
SHANK2-AS1,-0.0010725576250383139,0.8401539923052258,1.0,9.740683,False,lineage_leiden,Kupffer,35366
SHANK2-AS3,-0.0026515332980984255,0.6180424407721902,0.8233737474348151,8.948119,False,lineage_leiden,Kupffer,35366
SIAH2-AS1,-0.016578092859840153,0.0018223401287060217,0.007181185073394048,9.928926,False,lineage_leiden,Kupffer,35366
SIDT1-AS1,-0.013660486100534424,0.01019925746832798,0.03520783678066819,11.191932,False,lineage_leiden,Kupffer,35366
SIGLEC5,-0.05159350047284503,2.7679280368751967e-22,5.555167199589058e-21,1.9520822,False,lineage_leiden,Kupffer,35366
SIX3-AS1,,1.0,1.0,0.0,False,lineage_leiden,Kupffer,35366
SLC16A1-AS1,-0.040034927324682466,5.009862807273246e-14,6.358105298054135e-13,2.0420036,False,lineage_leiden,Kupffer,35366
SLC22A18AS,-0.06320998924269017,1.202700586319174e-32,4.5127417651889004e-31,1.8635092,False,lineage_leiden,Kupffer,35366
SLC25A21-AS1,0.007999570155059048,0.13248919416261729,0.2671452676690157,8.818206,False,lineage_leiden,Kupffer,35366
SLC25A30-AS1,-0.00890564963652353,0.09398189177038586,0.20895204104313767,9.881834,False,lineage_leiden,Kupffer,35366
SLC26A4-AS1,0.002146708883945429,0.6864384495502028,0.8894840569997373,7.9670067,False,lineage_leiden,Kupffer,35366
SLC8A1-AS1,-0.005759201922427402,0.27879174159023024,0.47548868180310017,2.8230362,False,lineage_leiden,Kupffer,35366
SLC9A9-AS2,,1.0,1.0,0.0,False,lineage_leiden,Kupffer,35366
SMAD5-AS1,-0.011524274381822727,0.030217082421670757,0.08522007231994073,9.942526,False,lineage_leiden,Kupffer,35366
SMARCA5-AS1,-0.0042951098901560705,0.4192592121925994,0.6342519425377239,9.892936,False,lineage_leiden,Kupffer,35366
SMCR2,-0.006438742139008547,0.22596058413933878,0.41137726714925094,8.692525,False,lineage_leiden,Kupffer,35366
SMCR5,-0.0006508554415407515,0.9025865261848063,1.0,0.79231787,False,lineage_leiden,Kupffer,35366
SMIM2-AS1,-0.017128869171588495,0.0012758737575808774,0.005195132755570248,10.868402,False,lineage_leiden,Kupffer,35366
SNAI3-AS1,-0.019220432740121234,0.0003006121695978596,0.0013873171249355765,2.3275099,False,lineage_leiden,Kupffer,35366
SNAP25-AS1,-0.0034853093526436584,0.5121968130656007,0.7309974034783975,7.7198124,False,lineage_leiden,Kupffer,35366
SNHG10,-0.005445354343847929,0.30582744650447935,0.5105011341070903,1.0644941,False,lineage_leiden,Kupffer,35366
SNHG12,-0.06163207953239455,4.070254290686113e-31,1.3950390126132784e-29,1.3571246,False,lineage_leiden,Kupffer,35366
SNHG15,-0.02746575070978246,2.3920816212985575e-07,1.692103638672668e-06,0.5694096,False,lineage_leiden,Kupffer,35366
SNHG18,0.02149911804558847,5.267796402366514e-05,0.0002877283731166013,11.13675,False,lineage_leiden,Kupffer,35366
SNHG7,-0.07975298363988464,5.299056410663295e-51,2.858178551501515e-49,0.9139142,False,lineage_leiden,Kupffer,35366
SNHG8,-0.06899826981268666,1.3809333670703128e-38,6.272344714640421e-37,0.671177,False,lineage_leiden,Kupffer,35366
SNHG9,-0.010380709980214349,0.05091869452523453,0.12811321683754343,0.6824794,False,lineage_leiden,Kupffer,35366
SNRK-AS1,0.0030175782098884104,0.5704000174485337,0.7838458838504533,9.927686,False,lineage_leiden,Kupffer,35366
SPATA13,0.1502179312851458,1.517239293355253e-177,4.364591700551945e-175,3.8214352,False,lineage_leiden,Kupffer,35366
SPATA13-AS1,-0.005158273237371226,0.33203188696439373,0.5406481480193807,3.3488169,False,lineage_leiden,Kupffer,35366
SPATA41,-0.03142221868661919,3.411415624212271e-09,2.8583026055293103e-08,2.5863929,False,lineage_leiden,Kupffer,35366
SPATA8,-0.01941210285321303,0.0002613983762142013,0.0012193881009343553,10.041373,False,lineage_leiden,Kupffer,35366
SPIN4-AS1,,1.0,1.0,0.0,False,lineage_leiden,Kupffer,35366
SRGAP2-AS1,-0.011091030929392435,0.03700099553282242,0.10009987192735345,9.582304,False,lineage_leiden,Kupffer,35366
SRRM2-AS1,-0.0038903699944176206,0.46441637451772133,0.6804606641915001,1.3439722,False,lineage_leiden,Kupffer,35366
SSBP3-AS1,-0.0022467132769376707,0.6726607344633826,0.8768976039907843,8.394926,False,lineage_leiden,Kupffer,35366
ST20,0.027600420402000815,2.088318082108983e-07,1.5018487540500436e-06,2.7674537,False,lineage_leiden,Kupffer,35366
ST3GAL6-AS1,-0.00983429019252219,0.064399898583615,0.15423566721665657,10.368275,False,lineage_leiden,Kupffer,35366
ST7-AS1,-0.01817867728698552,0.0006289413608097463,0.0026870118533604504,3.1424904,False,lineage_leiden,Kupffer,35366
ST7-AS2,,1.0,1.0,0.0,False,lineage_leiden,Kupffer,35366
ST7-OT4,-0.03480752748889365,5.846749883061391e-11,5.669376572002226e-10,3.2630997,False,lineage_leiden,Kupffer,35366
ST8SIA6-AS1,-0.006133559166566761,0.24873064170192852,0.44167601602626405,9.797722,False,lineage_leiden,Kupffer,35366
STARD4-AS1,-0.02547895131295706,1.6501009700398025e-06,1.0788160129881437e-05,3.8370667,False,lineage_leiden,Kupffer,35366
STAU2-AS1,-0.002969827074305368,0.5765148006752264,0.7909893052189513,9.858549,False,lineage_leiden,Kupffer,35366
STEAP3-AS1,-0.013101363170707614,0.013745692970950085,0.04476427559973556,9.647632,False,lineage_leiden,Kupffer,35366
STK24-AS1,-0.004331332751453984,0.4153477053897988,0.6327960739464416,3.9848127,False,lineage_leiden,Kupffer,35366
STX18-AS1,-0.02311954026281314,1.3722589656076738e-05,8.281534876359598e-05,3.9141073,False,lineage_leiden,Kupffer,35366
STXBP5-AS1,0.009517125880134343,0.07349351536028406,0.17188320801063725,4.6086726,False,lineage_leiden,Kupffer,35366
SUCLA2-AS1,-0.003483131022817928,0.5124605203991083,0.7309974034783975,9.333935,False,lineage_leiden,Kupffer,35366
SYP-AS1,-0.004321283575313175,0.4164306939076256,0.6327960739464416,8.010692,False,lineage_leiden,Kupffer,35366
SZT2-AS1,,1.0,1.0,0.0,False,lineage_leiden,Kupffer,35366
TAB3-AS2,,1.0,1.0,0.0,False,lineage_leiden,Kupffer,35366
TAPT1-AS1,-0.05175548576865259,2.0507800755897426e-22,4.2138647743665425e-21,1.888557,False,lineage_leiden,Kupffer,35366
TBC1D3P1-DHX40P1,,1.0,1.0,0.0,False,lineage_leiden,Kupffer,35366
TCEAL3-AS1,,1.0,1.0,0.0,False,lineage_leiden,Kupffer,35366
TERC,-0.012275209757466484,0.020973402674002505,0.0635089351146111,10.785023,False,lineage_leiden,Kupffer,35366
TET2-AS1,-0.006809413707208678,0.20035608749275854,0.37264505066002285,7.4090815,False,lineage_leiden,Kupffer,35366
TEX26-AS1,0.002445983439937256,0.6455360241270544,0.851831175568269,8.4030075,False,lineage_leiden,Kupffer,35366
TEX41,-0.013372272662449199,0.0119102255835111,0.04030793991596109,10.165709,False,lineage_leiden,Kupffer,35366
TFAP2A-AS1,-0.004223883463388441,0.4270134347366592,0.6386700072404452,7.566283,False,lineage_leiden,Kupffer,35366
THAP7-AS1,-0.02763398229352018,2.0186262132009234e-07,1.4639280857078963e-06,1.9654965,False,lineage_leiden,Kupffer,35366
THAP9-AS1,0.013678827365400386,0.010098177618077369,0.0349989047566296,0.6240094,False,lineage_leiden,Kupffer,35366
THOC7-AS1,,1.0,1.0,0.0,False,lineage_leiden,Kupffer,35366
TIPARP-AS1,0.008821333132169422,0.09713587851067067,0.21384761008854283,1.873692,False,lineage_leiden,Kupffer,35366
TLR8-AS1,-0.0037669246272451842,0.4787095107449903,0.6943299290301288,9.200605,False,lineage_leiden,Kupffer,35366
TM4SF1-AS1,,1.0,1.0,0.0,False,lineage_leiden,Kupffer,35366
TM4SF19-AS1,-0.004402454200035413,0.4077307096670712,0.630594269610542,1.5965385,False,lineage_leiden,Kupffer,35366
TMEM105,-0.009236652922978695,0.08238597738178566,0.1901045413916605,5.0533414,False,lineage_leiden,Kupffer,35366
TMEM254-AS1,-0.0264383680342285,6.604271761943745e-07,4.45272385199801e-06,3.4404697,False,lineage_leiden,Kupffer,35366
TMEM44-AS1,-0.004034783856580831,0.4480011185321697,0.6643040640777705,0.97702646,False,lineage_leiden,Kupffer,35366
TMEM72-AS1,-0.007519776481339028,0.15732435125287347,0.30787055585312884,10.062325,False,lineage_leiden,Kupffer,35366
TMEM78,0.007069320957745805,0.18371091820199892,0.34844510419412106,8.905151,False,lineage_leiden,Kupffer,35366
TMEM9B-AS1,-0.011455833967541029,0.031211832691604997,0.08688971488017778,2.5606976,False,lineage_leiden,Kupffer,35366
TMLHE-AS1,-0.03715856564821038,2.7459036816516198e-12,3.077551788656296e-11,4.2962227,False,lineage_leiden,Kupffer,35366
TMPO-AS1,0.03147266408514705,3.220214009052368e-09,2.7245536174629347e-08,1.5103674,False,lineage_leiden,Kupffer,35366
TNK2-AS1,0.004262604247732782,0.4227876902000745,0.6342519425377239,11.358617,False,lineage_leiden,Kupffer,35366
TP53TG1,-0.07943394649613472,1.3134403863576476e-50,6.667641490745e-49,0.7944267,False,lineage_leiden,Kupffer,35366
TP73-AS1,-0.04633583811655409,2.8260253346138765e-18,4.3551068995924563e-17,2.2533288,False,lineage_leiden,Kupffer,35366
TPRG1-AS1,-0.04911957762355461,2.4056411596157176e-20,4.417166639890136e-19,2.1282544,False,lineage_leiden,Kupffer,35366
TPRXL,-0.006468094201462378,0.22385168610106868,0.40928814640936917,8.586021,False,lineage_leiden,Kupffer,35366
TPT1-AS1,-0.017546158004376304,0.0009673942918079255,0.004052724630243882,1.0710897,False,lineage_leiden,Kupffer,35366
TPTEP1,-0.010488695820637125,0.04855564104151983,0.1239749059728746,1.9709868,False,lineage_leiden,Kupffer,35366
TRAF3IP2-AS1,-0.019936139498026025,0.00017725773823430263,0.0008546001569620288,1.2391405,False,lineage_leiden,Kupffer,35366
TRAM2-AS1,-0.042280870501472737,1.7977939078548033e-15,2.4626922896487225e-14,2.7454224,False,lineage_leiden,Kupffer,35366
TRAPPC12-AS1,0.001592958379528514,0.76451358667858,0.9589756181738585,2.2410326,False,lineage_leiden,Kupffer,35366
TRBV11-2,-0.004471290164801537,0.40043835367512814,0.6204278262506923,8.007063,False,lineage_leiden,Kupffer,35366
TRERNA1,0.005126202622234295,0.3350468067543207,0.5424330781095161,11.11291,False,lineage_leiden,Kupffer,35366
TRIM16L,-0.024377089091968646,4.543384345993089e-06,2.883044625435321e-05,1.4493022,False,lineage_leiden,Kupffer,35366
TRIM52-AS1,-0.02924410239874265,3.7853528160965533e-08,2.8406604176446313e-07,0.6615057,False,lineage_leiden,Kupffer,35366
TSIX,-0.0032006983594333157,0.5472415004771723,0.7629554360449108,2.4919553,False,lineage_leiden,Kupffer,35366
TSPEAR-AS1,-0.012672320205215342,0.017165245227056845,0.05426229535146541,8.9182,False,lineage_leiden,Kupffer,35366
TTC3-AS1,,1.0,1.0,0.0,False,lineage_leiden,Kupffer,35366
TTLL10-AS1,,1.0,1.0,0.0,False,lineage_leiden,Kupffer,35366
TTN-AS1,-0.00915824608359591,0.0850221994272095,0.19411152938011056,1.2787199,False,lineage_leiden,Kupffer,35366
TTTY10,-0.006208557574308984,0.2429915503862408,0.43506578419777137,9.243885,False,lineage_leiden,Kupffer,35366
TTTY14,-0.014743781438630473,0.005558546507811398,0.02058809285940445,1.519465,False,lineage_leiden,Kupffer,35366
UBAC2-AS1,-0.017669925195895234,0.0008901609571493873,0.003765729931470202,1.2542791,False,lineage_leiden,Kupffer,35366
UBBP4,-0.010504563459414426,0.048216294155284015,0.1238412555238396,2.4439712,False,lineage_leiden,Kupffer,35366
UBOX5-AS1,0.003586764460811962,0.4999935632138385,0.717960807077442,9.188675,False,lineage_leiden,Kupffer,35366
UBXN7-AS1,-0.0027113988641216387,0.6101323662008107,0.8169328313176542,4.275138,False,lineage_leiden,Kupffer,35366
UGDH-AS1,-0.007871059855830994,0.13882246047474325,0.27732357266135055,11.976881,False,lineage_leiden,Kupffer,35366
UNC5B-AS1,-0.011343908116161861,0.03289917385282523,0.09114604297353997,9.672277,False,lineage_leiden,Kupffer,35366
UPK1A-AS1,,1.0,1.0,0.0,False,lineage_leiden,Kupffer,35366
USP2-AS1,0.003165730895063315,0.55162754620395,0.7678299554419499,10.332627,False,lineage_leiden,Kupffer,35366
USP3-AS1,-0.014181907940326387,0.007651614249082827,0.027629050614889034,11.798172,False,lineage_leiden,Kupffer,35366
USP30-AS1,-0.03625284984664217,9.125798796877787e-12,9.488631761091e-11,1.4235125,False,lineage_leiden,Kupffer,35366
UXT-AS1,0.0003286550640519171,0.9507187619735701,1.0,11.386751,False,lineage_leiden,Kupffer,35366
VAC14-AS1,-0.0033355930664906385,0.5304847508438755,0.749277152173919,8.964543,False,lineage_leiden,Kupffer,35366
VAV3-AS1,-0.003955666901894263,0.45695306507787836,0.6718066357107478,3.502884,False,lineage_leiden,Kupffer,35366
VCAN-AS1,0.011509196322595259,0.030433863914212583,0.08555187152431745,9.578703,False,lineage_leiden,Kupffer,35366
VIM-AS1,0.0809404983216021,1.7495390252879316e-52,1.0065681192156565e-50,2.8141525,False,lineage_leiden,Kupffer,35366
VIPR1-AS1,-0.004262290765649061,0.4228218030412388,0.6342519425377239,11.497124,False,lineage_leiden,Kupffer,35366
VPS13A-AS1,-0.0059575641587533605,0.26256850658497954,0.45410144525618706,8.13028,False,lineage_leiden,Kupffer,35366
VPS9D1-AS1,-0.01032917223265972,0.05208000967575725,0.12973669093878268,8.738312,False,lineage_leiden,Kupffer,35366
WAC-AS1,0.009542030501190533,0.07274338523781429,0.17105597128129083,1.0861259,False,lineage_leiden,Kupffer,35366
WARS2-IT1,,1.0,1.0,0.0,False,lineage_leiden,Kupffer,35366
WASF3-AS1,-0.008369378066644942,0.11550949956112139,0.24204804876405436,7.9275074,False,lineage_leiden,Kupffer,35366
WASIR1,-0.007108324805990009,0.18130407583128672,0.3454157564681067,7.8415403,False,lineage_leiden,Kupffer,35366
WASIR2,-0.005385913675709743,0.31113735537798726,0.5153772316529809,7.0078745,False,lineage_leiden,Kupffer,35366
WDFY3-AS1,0.0026407053456893323,0.6194779219310095,0.8237433692241313,8.83043,False,lineage_leiden,Kupffer,35366
WEE2-AS1,-0.02053629126273637,0.00011232684466867902,0.0005827366357304233,11.321806,False,lineage_leiden,Kupffer,35366
WNT5A-AS1,-0.002255363080650757,0.6714741075654639,0.8768976039907843,9.405995,False,lineage_leiden,Kupffer,35366
WT1-AS,-0.007458463870285768,0.1607369068394595,0.31172123730888435,8.415058,False,lineage_leiden,Kupffer,35366
WWC2-AS2,-0.029532893939088856,2.777277595425653e-08,2.121053597214459e-07,12.334132,False,lineage_leiden,Kupffer,35366
WWC3-AS1,0.005768460166385007,0.27801970085039507,0.47511089472057616,8.003037,False,lineage_leiden,Kupffer,35366
WWTR1-AS1,0.00450149982518461,0.3972629005849823,0.6177259156843959,7.8121166,False,lineage_leiden,Kupffer,35366
XIAP-AS1,0.002499178435796888,0.6383722547948043,0.8459632800026919,8.50045,False,lineage_leiden,Kupffer,35366
XIST,-0.13197446590185652,3.7796769388652325e-137,6.523722396481391e-135,4.3177323,False,lineage_leiden,Kupffer,35366
XXYLT1-AS2,-0.001789698757576049,0.7364512981400378,0.9317112415020505,9.325818,False,lineage_leiden,Kupffer,35366
YEATS2-AS1,-0.007927691367041271,0.13600337883963037,0.2723223107624153,10.184069,False,lineage_leiden,Kupffer,35366
ZBED3-AS1,-0.08755533699663622,3.8794743211011563e-61,2.5753741070079213e-59,7.1879144,False,lineage_leiden,Kupffer,35366
ZBED5-AS1,-0.007966251110106144,0.1341093328678212,0.2697817115732627,0.6771884,False,lineage_leiden,Kupffer,35366
ZBTB11-AS1,-0.005657574169322875,0.28736230134705454,0.48531050110079854,0.84380484,False,lineage_leiden,Kupffer,35366
ZBTB20-AS1,-0.006071487661494896,0.25355169889021595,0.4429455792353368,9.51072,False,lineage_leiden,Kupffer,35366
ZBTB20-AS2,-0.028401083907831103,9.194999612330747e-08,6.840762642621926e-07,2.71804,False,lineage_leiden,Kupffer,35366
ZBTB20-AS3,0.009006385215756979,0.0903219642132544,0.20246196134035988,7.6052685,False,lineage_leiden,Kupffer,35366
ZBTB20-AS4,-0.0027448229877976875,0.60573566339507,0.8169328313176542,9.648153,False,lineage_leiden,Kupffer,35366
ZEB2-AS1,-0.006394563339535124,0.2291614296773099,0.41547544918386226,0.64384675,False,lineage_leiden,Kupffer,35366
ZFAS1,0.19584121993706066,1.02911036173234e-302,4.440611210875047e-300,0.8345431,False,lineage_leiden,Kupffer,35366
ZFAT-AS1,,1.0,1.0,0.0,False,lineage_leiden,Kupffer,35366
ZFX-AS1,-0.004257672114239927,0.4233245873716442,0.6342519425377239,8.913081,False,lineage_leiden,Kupffer,35366
ZFY-AS1,0.004631216649674572,0.3838013578545556,0.6055220691562733,2.7891445,False,lineage_leiden,Kupffer,35366
ZMIZ1-AS1,-0.005937715055819524,0.2641618967837688,0.4559434338487849,2.2334156,False,lineage_leiden,Kupffer,35366
ZMYM4-AS1,0.004515022382691254,0.3958464267519292,0.6166344156803518,8.289056,False,lineage_leiden,Kupffer,35366
ZMYND10-AS1,,1.0,1.0,0.0,False,lineage_leiden,Kupffer,35366
ZNF197-AS1,,1.0,1.0,0.0,False,lineage_leiden,Kupffer,35366
ZNF252P-AS1,-0.0031505050846662433,0.5535427363333156,0.7680182981602113,2.4821377,False,lineage_leiden,Kupffer,35366
ZNF286B,-0.016063302223184105,0.0025200072540187443,0.009580468106688,4.1828833,False,lineage_leiden,Kupffer,35366
ZNF295-AS1,-0.0040156534560962616,0.4501565111776761,0.665214159497148,9.492929,False,lineage_leiden,Kupffer,35366
ZNF32-AS1,-0.005418727617160323,0.3081985713161221,0.511491090472718,8.169666,False,lineage_leiden,Kupffer,35366
ZNF32-AS2,-0.013918875878840043,0.008855126200094222,0.0313195652077103,9.451289,False,lineage_leiden,Kupffer,35366
ZNF337-AS1,-0.02049948265865302,0.00011555433873533828,0.0005935916329083151,2.0659723,False,lineage_leiden,Kupffer,35366
ZNF503-AS1,-0.016914077429532506,0.001467923773437593,0.005892177751054152,10.152257,False,lineage_leiden,Kupffer,35366
ZNF571-AS1,-0.005662837319965152,0.286914126011298,0.48531050110079854,10.702773,False,lineage_leiden,Kupffer,35366
ZNF630-AS1,-0.012629949843369674,0.01754038390571652,0.055044913856848565,9.086615,False,lineage_leiden,Kupffer,35366
ZNF667-AS1,-0.03368719227697527,2.3468153312117693e-10,2.1096891987872467e-09,3.9149108,False,lineage_leiden,Kupffer,35366
ZNF674-AS1,0.02047188575068486,0.00011803127450739808,0.0006027277508868908,1.9000454,False,lineage_leiden,Kupffer,35366
ZNF781,-0.037418898361703895,1.9340460800678937e-12,2.1961602198665688e-11,12.533457,False,lineage_leiden,Kupffer,35366
ZNRF3-AS1,-0.008050464800517444,0.1300437552196113,0.2646881149870862,3.9574327,False,lineage_leiden,Kupffer,35366
ZRANB2-AS1,-0.005826377198627806,0.273223068694929,0.46877039420223404,7.93948,False,lineage_leiden,Kupffer,35366
ZSCAN16-AS1,0.004264534775975594,0.4225776473668369,0.6342519425377239,0.56904626,False,lineage_leiden,Kupffer,35366
A1BG-AS1,0.03346768616296181,0.24865445164965774,0.794159836437879,13.774405,False,lineage_leiden,LSEC,1190
A2M-AS1,-0.031017652646956474,0.2850113749639853,0.8278816314425574,15.589144,False,lineage_leiden,LSEC,1190
A2ML1-AS2,,1.0,1.0,0.0,False,lineage_leiden,LSEC,1190
ABCC5-AS1,,1.0,1.0,0.0,False,lineage_leiden,LSEC,1190
ACTA2-AS1,0.03186910327901717,0.2719895989830212,0.8066220753345269,12.921153,False,lineage_leiden,LSEC,1190
ACVR2B-AS1,,1.0,1.0,0.0,False,lineage_leiden,LSEC,1190
ADAM20P1,-0.02291791660992332,0.4296107182615998,1.0,14.622548,False,lineage_leiden,LSEC,1190
ADAMTS9-AS2,0.02451310951043821,0.3981936300065063,0.9931823777329912,1.9869769,False,lineage_leiden,LSEC,1190
ADAMTSL4-AS1,0.033597488684772546,0.24682300546779604,0.794159836437879,14.549329,False,lineage_leiden,LSEC,1190
ADIPOQ-AS1,,1.0,1.0,0.0,False,lineage_leiden,LSEC,1190
ADORA2A-AS1,-0.02182196354811961,0.45200468841608893,1.0,14.193957,False,lineage_leiden,LSEC,1190
ADPGK-AS1,-0.03149486916839429,0.2776620279789051,0.8150419392714119,14.023067,False,lineage_leiden,LSEC,1190
AFAP1-AS1,,1.0,1.0,0.0,False,lineage_leiden,LSEC,1190
AGAP2-AS1,0.0296119704542979,0.3074174597991315,0.8619033196559764,2.0421987,False,lineage_leiden,LSEC,1190
AGBL5-AS1,0.02647035213597171,0.3615942590417495,0.9507586268280691,13.034695,False,lineage_leiden,LSEC,1190
AIRN,-0.01999096804969127,0.49084839405682557,1.0,13.986708,False,lineage_leiden,LSEC,1190
ALG13-AS1,-0.014056174029023469,0.6281010099603299,1.0,13.415891,False,lineage_leiden,LSEC,1190
ALKBH3-AS1,0.03874374038398468,0.18167496643289796,0.6748865660552853,13.632591,False,lineage_leiden,LSEC,1190
AP4B1-AS1,-0.03294394177047698,0.256140537662279,0.794159836437879,14.1140375,False,lineage_leiden,LSEC,1190
APOA1-AS,,1.0,1.0,0.0,False,lineage_leiden,LSEC,1190
APOBEC3B-AS1,,1.0,1.0,0.0,False,lineage_leiden,LSEC,1190
AQP4-AS1,0.003911665801959434,0.8927723763093004,1.0,12.636366,False,lineage_leiden,LSEC,1190
ARAP1-AS1,,1.0,1.0,0.0,False,lineage_leiden,LSEC,1190
ARAP1-AS2,,1.0,1.0,0.0,False,lineage_leiden,LSEC,1190
ARHGAP26-AS1,-0.04546826582714059,0.11696217692940883,0.5482342853639799,12.886213,False,lineage_leiden,LSEC,1190
ARHGAP31-AS1,,1.0,1.0,0.0,False,lineage_leiden,LSEC,1190
ARHGAP5-AS1,0.02751397559922108,0.3429693612434705,0.9138051841016875,2.5774698,False,lineage_leiden,LSEC,1190
ARIH2OS,-0.031107403566427397,0.2836192322717083,0.8278816314425574,3.0567827,False,lineage_leiden,LSEC,1190
ARMCX3-AS1,,1.0,1.0,0.0,False,lineage_leiden,LSEC,1190
ARSD-AS1,0.02857047109322873,0.32475033707217427,0.8813193109851772,13.558173,False,lineage_leiden,LSEC,1190
ASB16-AS1,-0.007390194712788693,0.7989776032374472,1.0,3.2208774,False,lineage_leiden,LSEC,1190
ASMTL-AS1,-0.020802143912866087,0.4734222141607776,1.0,14.4368725,False,lineage_leiden,LSEC,1190
ATP11A-AS1,-0.0555849087531762,0.05524492653378268,0.40168520292043575,14.206145,False,lineage_leiden,LSEC,1190
ATP1B3-AS1,,1.0,1.0,0.0,False,lineage_leiden,LSEC,1190
ATP6V0E2-AS1,0.0008493290310321115,0.9766508574346653,1.0,14.037823,False,lineage_leiden,LSEC,1190
BACH1-IT2,0.04712658232108493,0.10418585508035492,0.5288964290255664,14.719004,False,lineage_leiden,LSEC,1190
BCAR4,,1.0,1.0,0.0,False,lineage_leiden,LSEC,1190
BCDIN3D-AS1,0.011758035055921089,0.6853324561508755,1.0,14.683462,False,lineage_leiden,LSEC,1190
BDNF-AS,0.06098874461492921,0.03541002631877331,0.2829523399361238,15.155268,False,lineage_leiden,LSEC,1190
BFSP2-AS1,,1.0,1.0,0.0,False,lineage_leiden,LSEC,1190
BHLHE40-AS1,-0.03322968557040407,0.25203712819689156,0.794159836437879,14.653786,False,lineage_leiden,LSEC,1190
BLACE,,1.0,1.0,0.0,False,lineage_leiden,LSEC,1190
BOK-AS1,,1.0,1.0,0.0,False,lineage_leiden,LSEC,1190
BRWD1-AS1,,1.0,1.0,0.0,False,lineage_leiden,LSEC,1190
BSN-AS1,,1.0,1.0,0.0,False,lineage_leiden,LSEC,1190
BTBD9-AS1,,1.0,1.0,0.0,False,lineage_leiden,LSEC,1190
C10orf55,0.042252943552710184,0.14520136497241456,0.6048308451154616,12.633274,False,lineage_leiden,LSEC,1190
C14orf178,-0.049255824251741055,0.08943366567017035,0.49428528006299843,13.440517,False,lineage_leiden,LSEC,1190
C1QTNF1-AS1,-0.05223202025479626,0.07167902056708121,0.4547078326169182,16.364758,False,lineage_leiden,LSEC,1190
C1RL-AS1,0.08291401116689473,0.004207691587251514,0.052626635359392125,15.52167,False,lineage_leiden,LSEC,1190
C1orf220,0.04868271214117108,0.09322854360779763,0.5064260105272257,13.733792,False,lineage_leiden,LSEC,1190
C21orf91-OT1,,1.0,1.0,0.0,False,lineage_leiden,LSEC,1190
C2orf27A,-0.050897648926302934,0.07924616083102688,0.4684207999806589,3.076455,False,lineage_leiden,LSEC,1190
C5orf60,,1.0,1.0,0.0,False,lineage_leiden,LSEC,1190
C5orf64,-0.0443634801937047,0.12613457948283868,0.5759478417655544,12.7332535,False,lineage_leiden,LSEC,1190
C6orf47-AS1,-0.005276341602486287,0.8557203403574163,1.0,12.804005,False,lineage_leiden,LSEC,1190
C8orf44,0.03695087171472707,0.20274614796040658,0.7026904646177947,1.9670057,False,lineage_leiden,LSEC,1190
C9orf163,0.0007390235499346284,0.9796825927981379,1.0,12.842635,False,lineage_leiden,LSEC,1190
CACNA1C-AS1,0.00037989659537901265,0.9895549649392505,1.0,13.203804,False,lineage_leiden,LSEC,1190
CACNA1C-AS2,-0.03507711897332884,0.22661139216628723,0.7550796580675903,12.932632,False,lineage_leiden,LSEC,1190
CACTIN-AS1,,1.0,1.0,0.0,False,lineage_leiden,LSEC,1190
CAHM,0.06019314662767795,0.03788045305656481,0.2999158806221599,16.114082,False,lineage_leiden,LSEC,1190
CASC11,0.028998773447264634,0.3175469673765134,0.8699778820505748,12.372757,False,lineage_leiden,LSEC,1190
CASC15,0.09928453106988488,0.0006039493986618879,0.013030208276130231,15.967638,False,lineage_leiden,LSEC,1190
CASC18,0.014510174866684699,0.6170407580161191,1.0,13.378778,False,lineage_leiden,LSEC,1190
CASC19,,1.0,1.0,0.0,False,lineage_leiden,LSEC,1190
CASC2,0.09030518229770626,0.0018189704439368272,0.02660629649351664,14.464907,False,lineage_leiden,LSEC,1190
CASC20,,1.0,1.0,0.0,False,lineage_leiden,LSEC,1190
CASC8,,1.0,1.0,0.0,False,lineage_leiden,LSEC,1190
CASK-AS1,,1.0,1.0,0.0,False,lineage_leiden,LSEC,1190
CCDC140,,1.0,1.0,0.0,False,lineage_leiden,LSEC,1190
CCDC144NL,0.013485242749886068,0.6421289331370134,1.0,5.268009,False,lineage_leiden,LSEC,1190
CCDC148-AS1,,1.0,1.0,0.0,False,lineage_leiden,LSEC,1190
CCDC183-AS1,0.009412993418835535,0.7456502831406687,1.0,13.070072,False,lineage_leiden,LSEC,1190
CCDC26,,1.0,1.0,0.0,False,lineage_leiden,LSEC,1190
CCND2-AS1,0.07201573615175826,0.012958852127403967,0.13474083597529668,14.50893,False,lineage_leiden,LSEC,1190
CCNT2-AS1,-0.01424005009196358,0.6236112253829662,1.0,13.400475,False,lineage_leiden,LSEC,1190
CD27-AS1,0.05555215898415251,0.05538880550119566,0.40168520292043575,2.2044356,False,lineage_leiden,LSEC,1190
CDKN2B-AS1,0.031918379947825114,0.2712486370697869,0.8066220753345269,13.408799,False,lineage_leiden,LSEC,1190
CELF2-AS1,,1.0,1.0,0.0,False,lineage_leiden,LSEC,1190
CERS6-AS1,0.03203794621029673,0.2694564920250082,0.8066220753345269,12.22282,False,lineage_leiden,LSEC,1190
CFLAR-AS1,0.03337700948948191,0.2499394707408714,0.794159836437879,13.147295,False,lineage_leiden,LSEC,1190
CIRBP-AS1,0.02165410593660372,0.45549184932204134,1.0,13.807726,False,lineage_leiden,LSEC,1190
CKMT2-AS1,0.016289800971839474,0.5745345626723614,1.0,3.0103889,False,lineage_leiden,LSEC,1190
CLLU1,0.042252943552710184,0.14520136497241456,0.6048308451154616,12.633274,False,lineage_leiden,LSEC,1190
CLRN1-AS1,,1.0,1.0,0.0,False,lineage_leiden,LSEC,1190
CLYBL-AS1,,1.0,1.0,0.0,False,lineage_leiden,LSEC,1190
COL4A2-AS1,0.017348611188974912,0.5499198213648361,1.0,12.842635,False,lineage_leiden,LSEC,1190
COL4A2-AS2,,1.0,1.0,0.0,False,lineage_leiden,LSEC,1190
COLCA1,0.19061669344135046,3.367101921049778e-11,2.421507464888299e-09,17.319033,False,lineage_leiden,LSEC,1190
CPB2-AS1,0.03343800717941775,0.24907453658596249,0.794159836437879,13.620924,False,lineage_leiden,LSEC,1190
CRNDE,-0.005837737496062104,0.8405649693125877,1.0,2.6247306,False,lineage_leiden,LSEC,1190
CSNK1G2-AS1,,1.0,1.0,0.0,False,lineage_leiden,LSEC,1190
CTC-338M12.4,0.05472404769561425,0.05913185851787906,0.4130991940075262,15.498428,False,lineage_leiden,LSEC,1190
CYP1B1-AS1,-0.022582742058641306,0.43639021296920716,1.0,13.488001,False,lineage_leiden,LSEC,1190
CYP4A22-AS1,0.01245359568181976,0.6678001784409283,1.0,13.465019,False,lineage_leiden,LSEC,1190
CYP4F35P,-0.029462849428927594,0.30986093351530486,0.8619033196559764,13.62578,False,lineage_leiden,LSEC,1190
DAB1-AS1,,1.0,1.0,0.0,False,lineage_leiden,LSEC,1190
DACT3-AS1,-0.0010772199171089772,0.9703884147262197,1.0,13.408585,False,lineage_leiden,LSEC,1190
DBH-AS1,-0.0033346478927713335,0.9085143207119474,1.0,12.826752,False,lineage_leiden,LSEC,1190
DCTN1-AS1,,1.0,1.0,0.0,False,lineage_leiden,LSEC,1190
DDX11-AS1,,1.0,1.0,0.0,False,lineage_leiden,LSEC,1190
DDX39B-AS1,0.0050230772055669445,0.8625752204739165,1.0,13.753099,False,lineage_leiden,LSEC,1190
DENND5B-AS1,-0.021029651326582677,0.4685965012814442,1.0,13.209207,False,lineage_leiden,LSEC,1190
DGCR5,,1.0,1.0,0.0,False,lineage_leiden,LSEC,1190
DGUOK-AS1,,1.0,1.0,0.0,False,lineage_leiden,LSEC,1190
DHRS4-AS1,,1.0,1.0,0.0,False,lineage_leiden,LSEC,1190
DIAPH2-AS1,,1.0,1.0,0.0,False,lineage_leiden,LSEC,1190
DICER1-AS1,0.0865128866053331,0.002818715453803628,0.03923470059084728,16.562096,False,lineage_leiden,LSEC,1190
DIO2-AS1,,1.0,1.0,0.0,False,lineage_leiden,LSEC,1190
DIO3OS,0.05577572377635466,0.054412796690890365,0.40168520292043575,14.389877,False,lineage_leiden,LSEC,1190
DIRC3,-0.030903991586095615,0.2867810059180429,0.8278816314425574,14.05056,False,lineage_leiden,LSEC,1190
DLEU1,0.09717766327667895,0.0007887821633365982,0.0154482491733364,15.380712,False,lineage_leiden,LSEC,1190
DLEU2L,-0.020289768424968834,0.48438961965296357,1.0,15.949605,False,lineage_leiden,LSEC,1190
DLG1-AS1,,1.0,1.0,0.0,False,lineage_leiden,LSEC,1190
DLG3-AS1,,1.0,1.0,0.0,False,lineage_leiden,LSEC,1190
DLG5-AS1,0.051525789837143954,0.07560685337525491,0.4627568401620212,12.82344,False,lineage_leiden,LSEC,1190
DLGAP1-AS1,-0.006151188856135089,0.8321283073564448,1.0,2.6622007,False,lineage_leiden,LSEC,1190
DLGAP1-AS2,-0.06146957549677233,0.03398460035682895,0.27932104864707985,16.973953,False,lineage_leiden,LSEC,1190
DLGAP1-AS3,0.04056451423991458,0.1619828520519672,0.6383159877664277,12.931047,False,lineage_leiden,LSEC,1190
DLGAP1-AS5,,1.0,1.0,0.0,False,lineage_leiden,LSEC,1190
DNAH10OS,,1.0,1.0,0.0,False,lineage_leiden,LSEC,1190
DNAH17-AS1,,1.0,1.0,0.0,False,lineage_leiden,LSEC,1190
DNAJC27-AS1,-0.0016547622502739074,0.9545265944782576,1.0,15.56346,False,lineage_leiden,LSEC,1190
DNAJC9-AS1,,1.0,1.0,0.0,False,lineage_leiden,LSEC,1190
DNM1P35,0.04285755905053116,0.13952674774923232,0.6026030908590347,13.579291,False,lineage_leiden,LSEC,1190
DNM3OS,-0.1289113000227618,8.160691577619519e-06,0.00029344486797856854,17.675808,False,lineage_leiden,LSEC,1190
DNMBP-AS1,,1.0,1.0,0.0,False,lineage_leiden,LSEC,1190
DOCK9-AS1,,1.0,1.0,0.0,False,lineage_leiden,LSEC,1190
DPP10-AS1,0.09322553944288124,0.0012837977075110267,0.022484581870955138,15.998309,False,lineage_leiden,LSEC,1190
DPYD-AS1,,1.0,1.0,0.0,False,lineage_leiden,LSEC,1190
DPYD-AS2,,1.0,1.0,0.0,False,lineage_leiden,LSEC,1190
DSCAM-AS1,,1.0,1.0,0.0,False,lineage_leiden,LSEC,1190
DSCR9,,1.0,1.0,0.0,False,lineage_leiden,LSEC,1190
EAF1-AS1,-7.829676597947025e-06,0.9997847214752442,1.0,13.306207,False,lineage_leiden,LSEC,1190
EDNRB-AS1,,1.0,1.0,0.0,False,lineage_leiden,LSEC,1190
EDRF1-AS1,,1.0,1.0,0.0,False,lineage_leiden,LSEC,1190
EFCAB14-AS1,,1.0,1.0,0.0,False,lineage_leiden,LSEC,1190
EGOT,0.15019657981459364,1.936342745669208e-07,9.283687719514036e-06,16.943281,False,lineage_leiden,LSEC,1190
ELFN2,,1.0,1.0,0.0,False,lineage_leiden,LSEC,1190
ELMO1-AS1,,1.0,1.0,0.0,False,lineage_leiden,LSEC,1190
ENO1-AS1,0.006453348159909909,0.8240138067094767,1.0,15.327803,False,lineage_leiden,LSEC,1190
ENTPD1-AS1,-0.028640226356553646,0.32356997799508425,0.8808860915134312,2.2887058,False,lineage_leiden,LSEC,1190
ENTPD3-AS1,0.029139918125793335,0.3151962304533945,0.8688804063095957,2.0118103,False,lineage_leiden,LSEC,1190
EPB41L4A-AS1,0.20178794167449904,2.124881453782458e-12,2.2922158682678267e-10,1.9765736,False,lineage_leiden,LSEC,1190
EPHA1-AS1,0.014081501700404333,0.627481750991038,1.0,14.935352,False,lineage_leiden,LSEC,1190
EPN2-AS1,,1.0,1.0,0.0,False,lineage_leiden,LSEC,1190
EXTL3-AS1,,1.0,1.0,0.0,False,lineage_leiden,LSEC,1190
EZR-AS1,,1.0,1.0,0.0,False,lineage_leiden,LSEC,1190
FAM106A,-0.019063784595966315,0.5111808693013262,1.0,15.28825,False,lineage_leiden,LSEC,1190
FAM138B,0.029505302241103315,0.3091640075662552,0.8619033196559764,13.873538,False,lineage_leiden,LSEC,1190
FAM13A-AS1,0.020218034859310754,0.4859359802126132,1.0,15.669657,False,lineage_leiden,LSEC,1190
FAM182B,-0.023258595293770012,0.4227829321830329,1.0,14.273001,False,lineage_leiden,LSEC,1190
FAM201A,0.1184724480066414,4.185179056723531e-05,0.0012039365086508023,15.928198,False,lineage_leiden,LSEC,1190
FAM215A,,1.0,1.0,0.0,False,lineage_leiden,LSEC,1190
FAM218A,0.06361298283193502,0.028211412288831755,0.2509943175800186,14.693987,False,lineage_leiden,LSEC,1190
FAM222A-AS1,,1.0,1.0,0.0,False,lineage_leiden,LSEC,1190
FAM224B,,1.0,1.0,0.0,False,lineage_leiden,LSEC,1190
FAM225A,0.06497671099824191,0.024995360225278606,0.23446734646103734,14.192554,False,lineage_leiden,LSEC,1190
FAM225B,0.06814202624780234,0.018727283473980824,0.18365506406869833,14.015894,False,lineage_leiden,LSEC,1190
FAM230A,-0.011078664441525493,0.7026216915736893,1.0,13.808039,False,lineage_leiden,LSEC,1190
FAM230C,0.0236588375921338,0.4148430450444305,1.0,14.56624,False,lineage_leiden,LSEC,1190
FAM27E3,-0.07291096438480328,0.011873901780855869,0.1280897154609827,15.971887,False,lineage_leiden,LSEC,1190
FAM41C,0.09774226775006818,0.0007346838626186233,0.014744934266043534,14.756287,False,lineage_leiden,LSEC,1190
FAM53B-AS1,-0.052941251555860006,0.0679041423008963,0.44394905155813263,14.893553,False,lineage_leiden,LSEC,1190
FAM66B,0.0209649634212474,0.4699658383601265,1.0,13.328163,False,lineage_leiden,LSEC,1190
FAM66C,0.05121264100395163,0.07740376725440037,0.4671290289548778,15.624862,False,lineage_leiden,LSEC,1190
FAM66D,0.03279773940105476,0.2582578975520083,0.794159836437879,12.462812,False,lineage_leiden,LSEC,1190
FAM66E,-0.011439108594190268,0.6934289629056087,1.0,12.892622,False,lineage_leiden,LSEC,1190
FAM74A4,-0.007104612403710789,0.8065889081254152,1.0,14.790202,False,lineage_leiden,LSEC,1190
FAM74A6,0.024846015911556787,0.3918158436954442,0.9858223705806657,14.019525,False,lineage_leiden,LSEC,1190
FAM83A-AS1,-0.01549133894489974,0.593434602654243,1.0,13.702126,False,lineage_leiden,LSEC,1190
FAM83C-AS1,,1.0,1.0,0.0,False,lineage_leiden,LSEC,1190
FAM85B,-0.0028079520005132755,0.9229149546101325,1.0,14.753792,False,lineage_leiden,LSEC,1190
FAM87A,,1.0,1.0,0.0,False,lineage_leiden,LSEC,1190
FAM87B,,1.0,1.0,0.0,False,lineage_leiden,LSEC,1190
FAM99B,0.01667364799161216,0.5655510890050556,1.0,13.807726,False,lineage_leiden,LSEC,1190
FARP1-AS1,0.0382851346676405,0.18690369558193878,0.6748865660552853,13.106001,False,lineage_leiden,LSEC,1190
FBXL19-AS1,-0.014839290009485386,0.6090766505593002,1.0,15.246475,False,lineage_leiden,LSEC,1190
FENDRR,0.04005798544607589,0.16729205751293352,0.6503290343858632,12.244564,False,lineage_leiden,LSEC,1190
FGD5-AS1,0.033735593808714055,0.244884799231133,0.791519032720853,1.1508892,False,lineage_leiden,LSEC,1190
FGF13-AS1,0.014647124288501932,0.6137212409495264,1.0,13.913768,False,lineage_leiden,LSEC,1190
FGF14-AS2,0.06266411652081272,0.030653824158115194,0.2619232697866674,3.2346692,False,lineage_leiden,LSEC,1190
FLG-AS1,0.02908319491290441,0.31613956846027,0.8688804063095957,12.387608,False,lineage_leiden,LSEC,1190
FLNB-AS1,,1.0,1.0,0.0,False,lineage_leiden,LSEC,1190
FOXD2-AS1,,1.0,1.0,0.0,False,lineage_leiden,LSEC,1190
FOXN3-AS1,0.007298721975405779,0.801413485102135,1.0,14.070995,False,lineage_leiden,LSEC,1190
FOXN3-AS2,,1.0,1.0,0.0,False,lineage_leiden,LSEC,1190
FOXP1-AS1,,1.0,1.0,0.0,False,lineage_leiden,LSEC,1190
FRY-AS1,0.10264849913702885,0.0003901596054948346,0.008860729987948481,15.539839,False,lineage_leiden,LSEC,1190
FTX,0.006304534356148373,0.8280079169439818,1.0,1.5198227,False,lineage_leiden,LSEC,1190
GAS5-AS1,-0.06240409006793607,0.03135399631932355,0.2647904827733446,13.815557,False,lineage_leiden,LSEC,1190
GAS6-AS1,,1.0,1.0,0.0,False,lineage_leiden,LSEC,1190
GATA3-AS1,,1.0,1.0,0.0,False,lineage_leiden,LSEC,1190
GATA6-AS1,0.07488707541047258,0.00975918128217393,0.10937887592878055,3.8188026,False,lineage_leiden,LSEC,1190
GDNF-AS1,-0.04225994767909297,0.14513463198675616,0.6048308451154616,14.65383,False,lineage_leiden,LSEC,1190
GFOD1-AS1,,1.0,1.0,0.0,False,lineage_leiden,LSEC,1190
GGNBP1,,1.0,1.0,0.0,False,lineage_leiden,LSEC,1190
GHRLOS,-0.03380623615782494,0.24389751900647796,0.7912915748217688,13.725424,False,lineage_leiden,LSEC,1190
GK-AS1,,1.0,1.0,0.0,False,lineage_leiden,LSEC,1190
GNAS-AS1,-0.0217385274022435,0.45373614689177033,1.0,13.209207,False,lineage_leiden,LSEC,1190
GNG12-AS1,-0.04059578492560852,0.16165929812645677,0.6383159877664277,16.491364,False,lineage_leiden,LSEC,1190
GOLGA8M,,1.0,1.0,0.0,False,lineage_leiden,LSEC,1190
GPR158-AS1,,1.0,1.0,0.0,False,lineage_leiden,LSEC,1190
GRIK1-AS1,-0.005332830224829164,0.8541928763812703,1.0,13.643156,False,lineage_leiden,LSEC,1190
GRM7-AS1,,1.0,1.0,0.0,False,lineage_leiden,LSEC,1190
GRPEL2-AS1,,1.0,1.0,0.0,False,lineage_leiden,LSEC,1190
GS1-24F4.2,0.05309447095379862,0.06711046413017863,0.44304243947402283,13.547761,False,lineage_leiden,LSEC,1190
GS1-279B7.1,,1.0,1.0,0.0,False,lineage_leiden,LSEC,1190
GSN-AS1,-0.04208410062143063,0.14681715616121274,0.6048308451154616,12.791683,False,lineage_leiden,LSEC,1190
GTSCR1,,1.0,1.0,0.0,False,lineage_leiden,LSEC,1190
HAND2-AS1,0.08500713858314793,0.0033390289846287895,0.044074941573560365,14.540104,False,lineage_leiden,LSEC,1190
HAR1A,,1.0,1.0,0.0,False,lineage_leiden,LSEC,1190
HAR1B,,1.0,1.0,0.0,False,lineage_leiden,LSEC,1190
HAS2-AS1,0.08880616881105044,0.0021670283076512414,0.03116909049171702,14.4464035,False,lineage_leiden,LSEC,1190
HCFC1-AS1,,1.0,1.0,0.0,False,lineage_leiden,LSEC,1190
HCG11,-0.027508011948802834,0.3430740204506915,0.9138051841016875,2.5832102,False,lineage_leiden,LSEC,1190
HCG14,,1.0,1.0,0.0,False,lineage_leiden,LSEC,1190
HCG15,,1.0,1.0,0.0,False,lineage_leiden,LSEC,1190
HCG17,,1.0,1.0,0.0,False,lineage_leiden,LSEC,1190
HCG18,-0.00012492779847435368,0.9965650957382352,1.0,1.65943,False,lineage_leiden,LSEC,1190
HCG20,,1.0,1.0,0.0,False,lineage_leiden,LSEC,1190
HCG21,,1.0,1.0,0.0,False,lineage_leiden,LSEC,1190
HCG22,,1.0,1.0,0.0,False,lineage_leiden,LSEC,1190
HCG24,,1.0,1.0,0.0,False,lineage_leiden,LSEC,1190
HCG25,-0.018468462485694875,0.5244637566919452,1.0,13.364471,False,lineage_leiden,LSEC,1190
HCG27,0.006677566010052962,0.8180044963259357,1.0,14.885301,False,lineage_leiden,LSEC,1190
HCG9,-0.024187639573678723,0.4044889504838504,1.0,14.184392,False,lineage_leiden,LSEC,1190
HDAC11-AS1,-0.0038411766866100166,0.8946932946607076,1.0,12.773227,False,lineage_leiden,LSEC,1190
HEXA-AS1,0.00023482109608242752,0.9935436172695622,1.0,14.37562,False,lineage_leiden,LSEC,1190
HHIP-AS1,0.012893399994338816,0.6568064555122949,1.0,14.1173725,False,lineage_leiden,LSEC,1190
HIF1A-AS1,0.014320325206939846,0.6216554700264294,1.0,13.408585,False,lineage_leiden,LSEC,1190
HLA-DQB1-AS1,,1.0,1.0,0.0,False,lineage_leiden,LSEC,1190
HM13-AS1,-0.03875853822791067,0.18150807478775213,0.6748865660552853,14.64682,False,lineage_leiden,LSEC,1190
HMGA1P4,0.008017305210635059,0.7823316589400802,1.0,14.109945,False,lineage_leiden,LSEC,1190
HMGN3-AS1,-0.022106588458395953,0.44612633319715084,1.0,2.2720337,False,lineage_leiden,LSEC,1190
HNF1A-AS1,0.16879804329433737,4.659695425178118e-09,2.6808781012858104e-07,17.10878,False,lineage_leiden,LSEC,1190
HNF4A-AS1,,1.0,1.0,0.0,False,lineage_leiden,LSEC,1190
HOTAIRM1,-0.06947066725127832,0.016536061295062326,0.16593745229812545,1.7738514,False,lineage_leiden,LSEC,1190
HOTTIP,,1.0,1.0,0.0,False,lineage_leiden,LSEC,1190
HOXA-AS2,-0.08524562438313275,0.0032511884989073476,0.043840244914953766,16.23633,False,lineage_leiden,LSEC,1190
HOXA-AS3,,1.0,1.0,0.0,False,lineage_leiden,LSEC,1190
HOXA10-AS,,1.0,1.0,0.0,False,lineage_leiden,LSEC,1190
HOXA11-AS,0.04487000898754339,0.12186198869567579,0.5593983842785543,12.16297,False,lineage_leiden,LSEC,1190
HOXB-AS1,0.01368726492924602,0.6371502654676852,1.0,1.4969201,False,lineage_leiden,LSEC,1190
HOXB-AS2,-0.0246697161878762,0.39518563003973656,0.9914104614078275,13.511469,False,lineage_leiden,LSEC,1190
HOXB-AS3,-0.03674852455366863,0.20523161403788057,0.7056369837238683,14.507619,False,lineage_leiden,LSEC,1190
HOXC-AS2,,1.0,1.0,0.0,False,lineage_leiden,LSEC,1190
HOXD-AS2,0.029505302241103315,0.3091640075662552,0.8619033196559764,13.356258,False,lineage_leiden,LSEC,1190
HULC,-0.02129466563181908,0.46300967396729487,1.0,14.282774,False,lineage_leiden,LSEC,1190
HYI-AS1,0.02635719200603249,0.3636511322513814,0.9507586268280691,13.23567,False,lineage_leiden,LSEC,1190
IDH1-AS1,-0.003591162316792712,0.90151140393632,1.0,13.681543,False,lineage_leiden,LSEC,1190
IDI2-AS1,-0.026137201480849012,0.36767069303685773,0.9507586268280691,14.683952,False,lineage_leiden,LSEC,1190
IFNG-AS1,,1.0,1.0,0.0,False,lineage_leiden,LSEC,1190
IGBP1-AS1,-0.025537493356033628,0.3787679195543446,0.9670908715248502,13.874207,False,lineage_leiden,LSEC,1190
IGBP1-AS2,,1.0,1.0,0.0,False,lineage_leiden,LSEC,1190
IGFBP7-AS1,0.01861493317357162,0.5211793840676554,1.0,13.145068,False,lineage_leiden,LSEC,1190
IL12A-AS1,,1.0,1.0,0.0,False,lineage_leiden,LSEC,1190
IL20RB-AS1,,1.0,1.0,0.0,False,lineage_leiden,LSEC,1190
IL21-AS1,,1.0,1.0,0.0,False,lineage_leiden,LSEC,1190
IL21R-AS1,-0.005068178357000945,0.861353736049369,1.0,13.409442,False,lineage_leiden,LSEC,1190
INHBA-AS1,-0.0020310836984213684,0.9442004512600468,1.0,13.808165,False,lineage_leiden,LSEC,1190
INTS6-AS1,0.013153906358381928,0.6503292430407702,1.0,15.550125,False,lineage_leiden,LSEC,1190
IPO9-AS1,0.04846408918012466,0.09470973448685291,0.5076677072183482,14.0723915,False,lineage_leiden,LSEC,1190
IQCH-AS1,-0.006629083842782973,0.8193029854318168,1.0,15.947489,False,lineage_leiden,LSEC,1190
ISM1-AS1,,1.0,1.0,0.0,False,lineage_leiden,LSEC,1190
ITCH-AS1,0.033007443524562946,0.2552246422385753,0.794159836437879,14.830995,False,lineage_leiden,LSEC,1190
ITGB2-AS1,0.006324223156677887,0.8274792190312736,1.0,13.768276,False,lineage_leiden,LSEC,1190
ITIH4-AS1,,1.0,1.0,0.0,False,lineage_leiden,LSEC,1190
ITPK1-AS1,0.055807921089119986,0.05427342165086903,0.40168520292043575,13.844601,False,lineage_leiden,LSEC,1190
ITPKB-AS1,-0.06114231869044444,0.03494931632601328,0.2818809344799015,15.050429,False,lineage_leiden,LSEC,1190
JARID2-AS1,0.023995194815476587,0.40823907775467305,1.0,14.776104,False,lineage_leiden,LSEC,1190
JAZF1-AS1,,1.0,1.0,0.0,False,lineage_leiden,LSEC,1190
JMJD1C-AS1,0.04103717376292589,0.1571441461541726,0.6278490654215322,15.281863,False,lineage_leiden,LSEC,1190
JPX,0.03165251477334083,0.27526279157224054,0.8107569594772819,1.5726509,False,lineage_leiden,LSEC,1190
KANSL1-AS1,0.05998668832953555,0.03854495545164049,0.30240269595241587,1.8111715,False,lineage_leiden,LSEC,1190
KBTBD11-OT1,-0.037112808965306776,0.20077287615967782,0.6986572263137175,13.53401,False,lineage_leiden,LSEC,1190
KCNIP2-AS1,-0.005047033172361346,0.8619263746922867,1.0,13.923421,False,lineage_leiden,LSEC,1190
KCNJ2-AS1,0.01333828445455686,0.6457607334288062,1.0,13.665693,False,lineage_leiden,LSEC,1190
KCNQ1-AS1,,1.0,1.0,0.0,False,lineage_leiden,LSEC,1190
KCNQ1OT1,0.1985229578023484,4.846082896302045e-12,4.187944014532796e-10,2.1773899,False,lineage_leiden,LSEC,1190
KCNQ5-AS1,,1.0,1.0,0.0,False,lineage_leiden,LSEC,1190
KCTD21-AS1,-0.003429653558121047,0.9059197814994339,1.0,2.0136452,False,lineage_leiden,LSEC,1190
KDM4A-AS1,-0.00010838435775945106,0.9970199572796326,1.0,14.43264,False,lineage_leiden,LSEC,1190
KIAA0087,,1.0,1.0,0.0,False,lineage_leiden,LSEC,1190
KIF25-AS1,,1.0,1.0,0.0,False,lineage_leiden,LSEC,1190
KIF9-AS1,-0.0007388909302910655,0.9796862380212592,1.0,14.326137,False,lineage_leiden,LSEC,1190
KLHL6-AS1,-0.014194107393850231,0.6247317293935644,1.0,14.382398,False,lineage_leiden,LSEC,1190
KMT2E-AS1,0.010979204761838546,0.7051660352528931,1.0,1.1249042,False,lineage_leiden,LSEC,1190
KRTAP5-AS1,0.05124289728309116,0.07722864765793017,0.4671290289548778,13.64325,False,lineage_leiden,LSEC,1190
KTN1-AS1,0.007927800881650392,0.7847015632510967,1.0,14.263387,False,lineage_leiden,LSEC,1190
LAMTOR5-AS1,-0.028427412745106396,0.32717983479894414,0.8851291455532564,14.215426,False,lineage_leiden,LSEC,1190
LATS2-AS1,-0.04293545121043119,0.13880826146542125,0.6026030908590347,16.268173,False,lineage_leiden,LSEC,1190
LBX2-AS1,-0.01580573723223728,0.5859587092352087,1.0,15.585514,False,lineage_leiden,LSEC,1190
LDLRAD4-AS1,0.02570633628731319,0.3756229545042225,0.9619068538194184,13.068947,False,lineage_leiden,LSEC,1190
LEMD1-AS1,-0.07214302483827828,0.012799431216975365,0.13470620902743585,15.063004,False,lineage_leiden,LSEC,1190
LENG8-AS1,-0.016284536621579537,0.5746582358106468,1.0,3.0325534,False,lineage_leiden,LSEC,1190
LGALS8-AS1,-0.02351137818067889,0.4177580059563134,1.0,12.564443,False,lineage_leiden,LSEC,1190
LIFR-AS1,-0.039327104772651195,0.1751814742405997,0.6672061086721943,16.464626,False,lineage_leiden,LSEC,1190
LIMD1-AS1,-0.01761991564758227,0.5436972201880026,1.0,14.675534,False,lineage_leiden,LSEC,1190
LINC-PINT,-0.08814078400172476,0.0023402475486898142,0.03310874810687393,2.9863625,False,lineage_leiden,LSEC,1190
LINC-ROR,,1.0,1.0,0.0,False,lineage_leiden,LSEC,1190
LINC00092,0.052356739381581675,0.07100303104308853,0.4547078326169182,15.821948,False,lineage_leiden,LSEC,1190
LINC00102,,1.0,1.0,0.0,False,lineage_leiden,LSEC,1190
LINC00106,-0.02614919316279698,0.3674508771455925,0.9507586268280691,13.149354,False,lineage_leiden,LSEC,1190
LINC00114,,1.0,1.0,0.0,False,lineage_leiden,LSEC,1190
LINC00115,0.03458562067553502,0.23319011806775258,0.7740118149710403,15.48046,False,lineage_leiden,LSEC,1190
LINC00158,,1.0,1.0,0.0,False,lineage_leiden,LSEC,1190
LINC00159,-0.04596748804086053,0.11299289595804796,0.5450183156528309,12.990146,False,lineage_leiden,LSEC,1190
LINC00161,,1.0,1.0,0.0,False,lineage_leiden,LSEC,1190
LINC00174,-0.011591035368556197,0.6895676057700615,1.0,14.861739,False,lineage_leiden,LSEC,1190
LINC00184,,1.0,1.0,0.0,False,lineage_leiden,LSEC,1190
LINC00200,,1.0,1.0,0.0,False,lineage_leiden,LSEC,1190
LINC00205,-0.0623128021737945,0.03160303560330764,0.2647904827733446,16.4191,False,lineage_leiden,LSEC,1190
LINC00221,,1.0,1.0,0.0,False,lineage_leiden,LSEC,1190
LINC00222,0.03855271267222325,0.1838396159203985,0.6748865660552853,13.989565,False,lineage_leiden,LSEC,1190
LINC00226,,1.0,1.0,0.0,False,lineage_leiden,LSEC,1190
LINC00237,,1.0,1.0,0.0,False,lineage_leiden,LSEC,1190
LINC00240,0.035609761215101905,0.2196324404183279,0.7404015471914727,14.748697,False,lineage_leiden,LSEC,1190
LINC00242,0.0542938912202279,0.06115746184301384,0.42223111656416756,12.90314,False,lineage_leiden,LSEC,1190
LINC00261,0.223805374678514,5.6441565404330496e-15,8.118178490656203e-13,17.946133,False,lineage_leiden,LSEC,1190
LINC00265,-0.0052918020675272875,0.8553022322869717,1.0,13.338795,False,lineage_leiden,LSEC,1190
LINC00276,-0.036174598026645986,0.2124014394047158,0.7243839085728571,13.47793,False,lineage_leiden,LSEC,1190
LINC00278,-0.01397175256338369,0.6301669931050734,1.0,13.964458,False,lineage_leiden,LSEC,1190
LINC00298,,1.0,1.0,0.0,False,lineage_leiden,LSEC,1190
LINC00299,-0.012367744716227858,0.6699546059150991,1.0,13.601772,False,lineage_leiden,LSEC,1190
LINC00304,,1.0,1.0,0.0,False,lineage_leiden,LSEC,1190
LINC00305,-0.036512283889205105,0.2081612997914422,0.7128698480952962,12.6471815,False,lineage_leiden,LSEC,1190
LINC00309,,1.0,1.0,0.0,False,lineage_leiden,LSEC,1190
LINC00310,,1.0,1.0,0.0,False,lineage_leiden,LSEC,1190
LINC00311,-0.02612117917568393,0.3679645206959155,0.9507586268280691,14.892088,False,lineage_leiden,LSEC,1190
LINC00313,0.008935057851702934,0.758151316811583,1.0,15.8769045,False,lineage_leiden,LSEC,1190
LINC00315,-0.016251132135657764,0.575443286186167,1.0,12.711594,False,lineage_leiden,LSEC,1190
LINC00319,,1.0,1.0,0.0,False,lineage_leiden,LSEC,1190
LINC00322,,1.0,1.0,0.0,False,lineage_leiden,LSEC,1190
LINC00323,0.04979891579571634,0.08595318805700261,0.4848209234849232,13.343121,False,lineage_leiden,LSEC,1190
LINC00324,0.0017023749657627202,0.9532196589675925,1.0,15.73028,False,lineage_leiden,LSEC,1190
LINC00327,0.03254447500413542,0.2619543886466319,0.7988220402899058,12.469366,False,lineage_leiden,LSEC,1190
LINC00330,,1.0,1.0,0.0,False,lineage_leiden,LSEC,1190
LINC00332,,1.0,1.0,0.0,False,lineage_leiden,LSEC,1190
LINC00333,,1.0,1.0,0.0,False,lineage_leiden,LSEC,1190
LINC00334,,1.0,1.0,0.0,False,lineage_leiden,LSEC,1190
LINC00336,,1.0,1.0,0.0,False,lineage_leiden,LSEC,1190
LINC00339,0.042681128484877096,0.14116473226710888,0.6048308451154616,2.8057175,False,lineage_leiden,LSEC,1190
LINC00342,-0.012878344733578549,0.6571815828941221,1.0,2.1150963,False,lineage_leiden,LSEC,1190
LINC00355,,1.0,1.0,0.0,False,lineage_leiden,LSEC,1190
LINC00359,,1.0,1.0,0.0,False,lineage_leiden,LSEC,1190
LINC00379,,1.0,1.0,0.0,False,lineage_leiden,LSEC,1190
LINC00381,,1.0,1.0,0.0,False,lineage_leiden,LSEC,1190
LINC00384,,1.0,1.0,0.0,False,lineage_leiden,LSEC,1190
LINC00393,,1.0,1.0,0.0,False,lineage_leiden,LSEC,1190
LINC00398,,1.0,1.0,0.0,False,lineage_leiden,LSEC,1190
LINC00399,,1.0,1.0,0.0,False,lineage_leiden,LSEC,1190
LINC00402,,1.0,1.0,0.0,False,lineage_leiden,LSEC,1190
LINC00407,0.011242783432106818,0.6984305336949718,1.0,13.782773,False,lineage_leiden,LSEC,1190
LINC00412,,1.0,1.0,0.0,False,lineage_leiden,LSEC,1190
LINC00426,,1.0,1.0,0.0,False,lineage_leiden,LSEC,1190
LINC00427,0.014900388685421276,0.6076031922144298,1.0,13.549948,False,lineage_leiden,LSEC,1190
LINC00449,,1.0,1.0,0.0,False,lineage_leiden,LSEC,1190
LINC00461,,1.0,1.0,0.0,False,lineage_leiden,LSEC,1190
LINC00462,0.04630517390341965,0.11036863614328174,0.5416748137808313,12.396866,False,lineage_leiden,LSEC,1190
LINC00469,,1.0,1.0,0.0,False,lineage_leiden,LSEC,1190
LINC00470,,1.0,1.0,0.0,False,lineage_leiden,LSEC,1190
LINC00472,-0.0421816221741786,0.1458822282996144,0.6048308451154616,17.154108,False,lineage_leiden,LSEC,1190
LINC00479,0.054949285260460126,0.058093599489743276,0.4130991940075262,13.77416,False,lineage_leiden,LSEC,1190
LINC00482,0.054675835910447376,0.05935608349586703,0.4130991940075262,14.153607,False,lineage_leiden,LSEC,1190
LINC00484,,1.0,1.0,0.0,False,lineage_leiden,LSEC,1190
LINC00485,,1.0,1.0,0.0,False,lineage_leiden,LSEC,1190
LINC00486,,1.0,1.0,0.0,False,lineage_leiden,LSEC,1190
LINC00487,-0.008669851313296655,0.7651157248623323,1.0,13.485245,False,lineage_leiden,LSEC,1190
LINC00491,-0.03229121060721608,0.2656872302020226,0.8045195777696335,13.730321,False,lineage_leiden,LSEC,1190
LINC00494,,1.0,1.0,0.0,False,lineage_leiden,LSEC,1190
LINC00500,,1.0,1.0,0.0,False,lineage_leiden,LSEC,1190
LINC00501,-0.038369556133280275,0.18593293038111255,0.6748865660552853,13.574304,False,lineage_leiden,LSEC,1190
LINC00504,0.015004752709263356,0.6050900259667813,1.0,14.151001,False,lineage_leiden,LSEC,1190
LINC00507,,1.0,1.0,0.0,False,lineage_leiden,LSEC,1190
LINC00511,0.04500530616514417,0.12074009249623988,0.5572122985254279,14.9994135,False,lineage_leiden,LSEC,1190
LINC00525,,1.0,1.0,0.0,False,lineage_leiden,LSEC,1190
LINC00526,0.012481452248102032,0.6671017047189924,1.0,14.987127,False,lineage_leiden,LSEC,1190
LINC00528,-0.053556695506788585,0.06476222747455986,0.43663908055113404,15.361447,False,lineage_leiden,LSEC,1190
LINC00534,,1.0,1.0,0.0,False,lineage_leiden,LSEC,1190
LINC00543,0.1417683639274695,9.099526080580771e-07,4.133100530284845e-05,16.721039,False,lineage_leiden,LSEC,1190
LINC00544,,1.0,1.0,0.0,False,lineage_leiden,LSEC,1190
LINC00545,,1.0,1.0,0.0,False,lineage_leiden,LSEC,1190
LINC00551,0.025057244359314144,0.38780144069074435,0.9843313038709187,12.632704,False,lineage_leiden,LSEC,1190
LINC00562,-0.048040375219091894,0.09763402495141706,0.5201121205745242,15.866755,False,lineage_leiden,LSEC,1190
LINC00563,-0.0495976110633711,0.08723030750270948,0.48882958035609275,12.423855,False,lineage_leiden,LSEC,1190
LINC00570,0.058888574169723,0.042247862729561,0.32846761743793823,12.442251,False,lineage_leiden,LSEC,1190
LINC00571,-0.04355247359340235,0.13321695829726407,0.5948604670028798,13.734372,False,lineage_leiden,LSEC,1190
LINC00574,0.045748348024083764,0.11472200968344054,0.5450183156528309,13.430428,False,lineage_leiden,LSEC,1190
LINC00578,,1.0,1.0,0.0,False,lineage_leiden,LSEC,1190
LINC00582,,1.0,1.0,0.0,False,lineage_leiden,LSEC,1190
LINC00592,,1.0,1.0,0.0,False,lineage_leiden,LSEC,1190
LINC00595,,1.0,1.0,0.0,False,lineage_leiden,LSEC,1190
LINC00598,-0.01397175256338369,0.6301669931050734,1.0,13.127399,False,lineage_leiden,LSEC,1190
LINC00601,0.03279773940105476,0.2582578975520083,0.794159836437879,12.462812,False,lineage_leiden,LSEC,1190
LINC00604,,1.0,1.0,0.0,False,lineage_leiden,LSEC,1190
LINC00607,0.046558438300339,0.10843218142970813,0.5377986929530927,12.591525,False,lineage_leiden,LSEC,1190
LINC00608,,1.0,1.0,0.0,False,lineage_leiden,LSEC,1190
LINC00621,,1.0,1.0,0.0,False,lineage_leiden,LSEC,1190
LINC00623,0.03321984672925367,0.252177652994736,0.794159836437879,12.422878,False,lineage_leiden,LSEC,1190
LINC00629,,1.0,1.0,0.0,False,lineage_leiden,LSEC,1190
LINC00630,-0.04501148570207684,0.1206890446538277,0.5572122985254279,15.8710375,False,lineage_leiden,LSEC,1190
LINC00632,0.04629214040395407,0.11046902343618344,0.5416748137808313,14.837924,False,lineage_leiden,LSEC,1190
LINC00636,0.027901294393947482,0.33621576627700167,0.9011000195560634,12.552127,False,lineage_leiden,LSEC,1190
LINC00638,-0.00673150630787543,0.8165604090817884,1.0,14.405117,False,lineage_leiden,LSEC,1190
LINC00639,0.04150184824649186,0.1524946361983572,0.6168026276459024,13.112648,False,lineage_leiden,LSEC,1190
LINC00640,-0.042252943552710184,0.14520136497241456,0.6048308451154616,13.039238,False,lineage_leiden,LSEC,1190
LINC00642,-0.03096620697259572,0.2858114358382663,0.8278816314425574,13.884956,False,lineage_leiden,LSEC,1190
LINC00648,,1.0,1.0,0.0,False,lineage_leiden,LSEC,1190
LINC00649,0.03533096473491871,0.2232659151908189,0.7497217307769521,15.362448,False,lineage_leiden,LSEC,1190
LINC00654,0.020060019959016146,0.48935169539659457,1.0,15.302171,False,lineage_leiden,LSEC,1190
LINC00656,,1.0,1.0,0.0,False,lineage_leiden,LSEC,1190
LINC00659,,1.0,1.0,0.0,False,lineage_leiden,LSEC,1190
LINC00662,0.023787360805166666,0.4123122342224507,1.0,1.374146,False,lineage_leiden,LSEC,1190
LINC00663,0.04564075399514089,0.11557855202493837,0.5450507671995727,15.256917,False,lineage_leiden,LSEC,1190
LINC00664,0.02714150120318946,0.3495452037666882,0.9253297878854353,13.883268,False,lineage_leiden,LSEC,1190
LINC00665,-0.02289265838761143,0.4301194713419708,1.0,2.5270755,False,lineage_leiden,LSEC,1190
LINC00667,0.0844624526630631,0.003547800875867312,0.045025766998139566,1.4533771,False,lineage_leiden,LSEC,1190
LINC00671,0.19372145107751734,1.5881565273745242e-11,1.2459809846583767e-09,5.4101686,False,lineage_leiden,LSEC,1190
LINC00677,,1.0,1.0,0.0,False,lineage_leiden,LSEC,1190
LINC00678,,1.0,1.0,0.0,False,lineage_leiden,LSEC,1190
LINC00682,,1.0,1.0,0.0,False,lineage_leiden,LSEC,1190
LINC00683,0.05319183031225497,0.06661011568708514,0.44304243947402283,13.846663,False,lineage_leiden,LSEC,1190
LINC00685,-0.04403450928149637,0.12897128606151323,0.5827341354507116,1.4777759,False,lineage_leiden,LSEC,1190
LINC00686,,1.0,1.0,0.0,False,lineage_leiden,LSEC,1190
LINC00687,,1.0,1.0,0.0,False,lineage_leiden,LSEC,1190
LINC00691,,1.0,1.0,0.0,False,lineage_leiden,LSEC,1190
LINC00692,,1.0,1.0,0.0,False,lineage_leiden,LSEC,1190
LINC00702,0.03983276231330961,0.1696942551975135,0.6520257971950107,14.247553,False,lineage_leiden,LSEC,1190
LINC00707,0.035161540438968616,0.22549484635857306,0.7542715209591029,13.289668,False,lineage_leiden,LSEC,1190
LINC00838,,1.0,1.0,0.0,False,lineage_leiden,LSEC,1190
LINC00839,0.09191390311801705,0.0015030950578115666,0.023630501957145146,15.054511,False,lineage_leiden,LSEC,1190
LINC00842,0.17780034294381983,6.562297862328026e-10,4.045187896563633e-08,16.824444,False,lineage_leiden,LSEC,1190
LINC00844,-0.009800868918731996,0.7355536539993013,1.0,15.142725,False,lineage_leiden,LSEC,1190
LINC00847,-0.007876682090720788,0.7860559881408753,1.0,2.0218585,False,lineage_leiden,LSEC,1190
LINC00852,-0.03426502813436208,0.23755349552661262,0.7795006336101394,13.42216,False,lineage_leiden,LSEC,1190
LINC00853,0.058221789049306194,0.04463972799425309,0.343965046955718,14.910333,False,lineage_leiden,LSEC,1190
LINC00861,-0.050121613252151094,0.08393744764264433,0.47717999917090004,14.10648,False,lineage_leiden,LSEC,1190
LINC00862,0.045926153296215945,0.11331746662442492,0.5450183156528309,13.747813,False,lineage_leiden,LSEC,1190
LINC00863,0.0209013982218156,0.4713135577558531,1.0,3.3303459,False,lineage_leiden,LSEC,1190
LINC00865,0.016473882931122005,0.5702179349591109,1.0,14.680786,False,lineage_leiden,LSEC,1190
LINC00867,,1.0,1.0,0.0,False,lineage_leiden,LSEC,1190
LINC00868,,1.0,1.0,0.0,False,lineage_leiden,LSEC,1190
LINC00869,,1.0,1.0,0.0,False,lineage_leiden,LSEC,1190
LINC00870,0.02570633628731319,0.3756229545042225,0.9619068538194184,13.068947,False,lineage_leiden,LSEC,1190
LINC00871,,1.0,1.0,0.0,False,lineage_leiden,LSEC,1190
LINC00877,-0.05101646279597279,0.0785470761450383,0.46749052905633137,13.961277,False,lineage_leiden,LSEC,1190
LINC00880,-0.03186910327901717,0.2719895989830212,0.8066220753345269,13.668137,False,lineage_leiden,LSEC,1190
LINC00881,,1.0,1.0,0.0,False,lineage_leiden,LSEC,1190
LINC00882,0.09213632422606784,0.0014636334303116893,0.023630501957145146,15.12401,False,lineage_leiden,LSEC,1190
LINC00885,0.04932713706339779,0.0889702834215669,0.49428528006299843,13.651243,False,lineage_leiden,LSEC,1190
LINC00886,0.10208331825819046,0.0004202630276332973,0.009299666483270142,15.5304165,False,lineage_leiden,LSEC,1190
LINC00887,0.052139440494307826,0.07218420981288273,0.4547078326169182,13.680586,False,lineage_leiden,LSEC,1190
LINC00896,-0.010074170225001443,0.7284666434772128,1.0,13.310526,False,lineage_leiden,LSEC,1190
LINC00900,,1.0,1.0,0.0,False,lineage_leiden,LSEC,1190
LINC00907,0.018530511707931838,0.5230711096074926,1.0,13.164041,False,lineage_leiden,LSEC,1190
LINC00910,0.026129082399987756,0.367819567881237,0.9507586268280691,3.3775845,False,lineage_leiden,LSEC,1190
LINC00920,-0.01733385547520056,0.5502592585883348,1.0,2.6924202,False,lineage_leiden,LSEC,1190
LINC00923,-0.029167616378544196,0.3147362652747556,0.8688804063095957,12.926593,False,lineage_leiden,LSEC,1190
LINC00924,-0.033912820015351244,0.24241321923557732,0.7894438045294461,16.032528,False,lineage_leiden,LSEC,1190
LINC00926,-0.0050179906446088515,0.8627130015760381,1.0,14.502114,False,lineage_leiden,LSEC,1190
LINC00929,,1.0,1.0,0.0,False,lineage_leiden,LSEC,1190
LINC00937,0.06435744520179315,0.026414202104207758,0.23745267099928433,14.863001,False,lineage_leiden,LSEC,1190
LINC00938,0.07000457318398107,0.015720965884882723,0.15961404186651518,1.5835569,False,lineage_leiden,LSEC,1190
LINC00939,0.047149388559817464,0.10401819481689628,0.5288964290255664,12.791038,False,lineage_leiden,LSEC,1190
LINC00940,,1.0,1.0,0.0,False,lineage_leiden,LSEC,1190
LINC00941,0.022932958783102066,0.4293079036002568,1.0,13.357691,False,lineage_leiden,LSEC,1190
LINC00943,,1.0,1.0,0.0,False,lineage_leiden,LSEC,1190
LINC00944,,1.0,1.0,0.0,False,lineage_leiden,LSEC,1190
LINC00951,,1.0,1.0,0.0,False,lineage_leiden,LSEC,1190
LINC00954,0.032666954705226126,0.2601622159672404,0.7961701857437178,14.537769,False,lineage_leiden,LSEC,1190
LINC00957,-0.00844190811622105,0.7711168038462863,1.0,14.006738,False,lineage_leiden,LSEC,1190
LINC00958,0.02612844361551209,0.3678312824898922,0.9507586268280691,12.942473,False,lineage_leiden,LSEC,1190
LINC00960,0.1286415928337362,8.526745218439052e-06,0.0002943432449405161,16.364912,False,lineage_leiden,LSEC,1190
LINC00964,-0.0181527925548468,0.5315779832778671,1.0,15.048059,False,lineage_leiden,LSEC,1190
LINC00968,0.05010413985720979,0.08404560819696037,0.47717999917090004,12.486149,False,lineage_leiden,LSEC,1190
LINC00970,,1.0,1.0,0.0,False,lineage_leiden,LSEC,1190
LINC00971,,1.0,1.0,0.0,False,lineage_leiden,LSEC,1190
LINC00987,0.025921874640091266,0.3716316960014119,0.957367622833488,1.7232695,False,lineage_leiden,LSEC,1190
LINC00989,0.030180673966221556,0.29821600285358374,0.8521867896113999,12.623933,False,lineage_leiden,LSEC,1190
LINC00992,0.0928466305594437,0.0013439087141905546,0.022741043536204875,14.864,False,lineage_leiden,LSEC,1190
LINC00996,0.005678928759378144,0.8448464216790788,1.0,13.483641,False,lineage_leiden,LSEC,1190
LINC01001,0.0012593609647640564,0.9653844700823899,1.0,13.706066,False,lineage_leiden,LSEC,1190
LINC01003,0.04232380189545656,0.14452733177530003,0.6048308451154616,1.967818,False,lineage_leiden,LSEC,1190
LINC01004,-0.038304269742299356,0.18668333370656628,0.6748865660552853,15.117534,False,lineage_leiden,LSEC,1190
LINC01010,,1.0,1.0,0.0,False,lineage_leiden,LSEC,1190
LINC01011,0.020819670490871845,0.47304948589825313,1.0,2.5329804,False,lineage_leiden,LSEC,1190
LINC01013,,1.0,1.0,0.0,False,lineage_leiden,LSEC,1190
LINC01018,,1.0,1.0,0.0,False,lineage_leiden,LSEC,1190
LINC01023,0.07970568272018182,0.005940540251380278,0.07220684840762225,15.25964,False,lineage_leiden,LSEC,1190
LINC01030,,1.0,1.0,0.0,False,lineage_leiden,LSEC,1190
LINC01031,-0.01589783887451048,0.5837769721671116,1.0,13.222274,False,lineage_leiden,LSEC,1190
LINC01036,,1.0,1.0,0.0,False,lineage_leiden,LSEC,1190
LINC01048,0.07594633141327956,0.008769647966487224,0.10090941593437966,14.046928,False,lineage_leiden,LSEC,1190
LINC01050,0.047318231491097026,0.10278359497489627,0.5288964290255664,12.803484,False,lineage_leiden,LSEC,1190
LINC01054,,1.0,1.0,0.0,False,lineage_leiden,LSEC,1190
LINC01058,,1.0,1.0,0.0,False,lineage_leiden,LSEC,1190
LINC01063,-0.04572088906172895,0.11494013145865031,0.5450183156528309,14.491571,False,lineage_leiden,LSEC,1190
LINC01068,,1.0,1.0,0.0,False,lineage_leiden,LSEC,1190
LINC01072,,1.0,1.0,0.0,False,lineage_leiden,LSEC,1190
LINC01085,,1.0,1.0,0.0,False,lineage_leiden,LSEC,1190
LINC01087,0.007665148646605683,0.7916675360147462,1.0,13.560951,False,lineage_leiden,LSEC,1190
LINC01088,0.05359946671897535,0.06454840271789228,0.43663908055113404,14.5638895,False,lineage_leiden,LSEC,1190
LINC01090,,1.0,1.0,0.0,False,lineage_leiden,LSEC,1190
LINC01091,0.05223902728878028,0.07164090265190502,0.4547078326169182,14.2815,False,lineage_leiden,LSEC,1190
LINC01093,,1.0,1.0,0.0,False,lineage_leiden,LSEC,1190
LINC01094,-0.03277522261087284,0.2585850684114067,0.794159836437879,14.173204,False,lineage_leiden,LSEC,1190
LINC01095,,1.0,1.0,0.0,False,lineage_leiden,LSEC,1190
LINC01099,-0.03735085991402755,0.19789759575727095,0.6942505086931904,15.301495,False,lineage_leiden,LSEC,1190
LINC01102,,1.0,1.0,0.0,False,lineage_leiden,LSEC,1190
LINC01104,,1.0,1.0,0.0,False,lineage_leiden,LSEC,1190
LINC01106,0.10411681183171827,0.00032109320263579237,0.007697317607630244,15.307842,False,lineage_leiden,LSEC,1190
LINC01111,,1.0,1.0,0.0,False,lineage_leiden,LSEC,1190
LINC01114,,1.0,1.0,0.0,False,lineage_leiden,LSEC,1190
LINC01115,,1.0,1.0,0.0,False,lineage_leiden,LSEC,1190
LINC01116,-0.00424953801241233,0.8835738426294291,1.0,3.3157961,False,lineage_leiden,LSEC,1190
LINC01117,0.027985715859587267,0.3347551489521237,0.8999803537248684,13.448256,False,lineage_leiden,LSEC,1190
LINC01118,-0.03090067937950213,0.2868326857489278,0.8278816314425574,13.779129,False,lineage_leiden,LSEC,1190
LINC01119,-0.027298403784343384,0.34676548632006754,0.9207957375206717,13.710304,False,lineage_leiden,LSEC,1190
LINC01122,0.021743909983263296,0.453624335482682,1.0,13.548944,False,lineage_leiden,LSEC,1190
LINC01123,0.0920070696862583,0.0014864479261217237,0.023630501957145146,14.604319,False,lineage_leiden,LSEC,1190
LINC01124,-0.039889142514796326,0.16909050213589935,0.6520257971950107,12.823042,False,lineage_leiden,LSEC,1190
LINC01132,,1.0,1.0,0.0,False,lineage_leiden,LSEC,1190
LINC01133,0.11269521746232077,9.783159445988393e-05,0.0026383958130899946,16.070097,False,lineage_leiden,LSEC,1190
LINC01134,-0.04730819658982247,0.10285664454540829,0.5288964290255664,13.53401,False,lineage_leiden,LSEC,1190
LINC01135,0.04756665213884754,0.10098830824669655,0.5288964290255664,13.319066,False,lineage_leiden,LSEC,1190
LINC01138,,1.0,1.0,0.0,False,lineage_leiden,LSEC,1190
LINC01140,,1.0,1.0,0.0,False,lineage_leiden,LSEC,1190
LINC01149,0.03414848285129125,0.23915390498738606,0.7817796212277053,12.550085,False,lineage_leiden,LSEC,1190
LINC01150,,1.0,1.0,0.0,False,lineage_leiden,LSEC,1190
LINC01151,-0.043266001140387554,0.13579085979092387,0.5948604670028798,13.780039,False,lineage_leiden,LSEC,1190
LINC01152,0.04586297044619777,0.11381501115644055,0.5450183156528309,13.721337,False,lineage_leiden,LSEC,1190
LINC01160,,1.0,1.0,0.0,False,lineage_leiden,LSEC,1190
LINC01166,0.009509722776382247,0.7431281965162639,1.0,14.847439,False,lineage_leiden,LSEC,1190
LIPE-AS1,0.029417607397779735,0.31060478842758826,0.8619033196559764,2.3830838,False,lineage_leiden,LSEC,1190
LL22NC03-63E9.3,0.021907370333523062,0.45023620555136346,1.0,13.808662,False,lineage_leiden,LSEC,1190
LMCD1-AS1,-0.008970658384824274,0.7572179120026211,1.0,13.945736,False,lineage_leiden,LSEC,1190
LMLN-AS1,,1.0,1.0,0.0,False,lineage_leiden,LSEC,1190
LOH12CR2,0.004480993940224329,0.8772814396799139,1.0,15.968259,False,lineage_leiden,LSEC,1190
LOXL1-AS1,0.06753298756314298,0.019813802363150588,0.19212709482470738,14.433582,False,lineage_leiden,LSEC,1190
LPP-AS1,,1.0,1.0,0.0,False,lineage_leiden,LSEC,1190
LPP-AS2,0.04153176928801013,0.1521988698322379,0.6168026276459024,14.985435,False,lineage_leiden,LSEC,1190
LRP4-AS1,0.05010413985720979,0.08404560819696037,0.47717999917090004,12.486149,False,lineage_leiden,LSEC,1190
LUCAT1,-0.013639128925700414,0.6383350645140001,1.0,13.4477005,False,lineage_leiden,LSEC,1190
LY86-AS1,,1.0,1.0,0.0,False,lineage_leiden,LSEC,1190
MAFG-AS1,0.12982857764601632,7.024767145434873e-06,0.0002635814802830563,16.300926,False,lineage_leiden,LSEC,1190
MALAT1,-0.18029717745215665,3.74100992478354e-10,2.483455050067842e-08,0.20407128,False,lineage_leiden,LSEC,1190
MAMDC2-AS1,0.065773135475802,0.023267861702725552,0.22066114999397968,14.086025,False,lineage_leiden,LSEC,1190
MAP3K14-AS1,0.03862282053019962,0.1830429764978149,0.6748865660552853,12.526039,False,lineage_leiden,LSEC,1190
MAPKAPK5-AS1,-0.1147332241364825,7.283582028294078e-05,0.0020276552549734804,2.3615754,False,lineage_leiden,LSEC,1190
MAST4-AS1,-0.006527880886180086,0.8220150771634901,1.0,14.428471,False,lineage_leiden,LSEC,1190
MATN1-AS1,0.06472587591495715,0.02556192199759924,0.23468019876519303,13.384216,False,lineage_leiden,LSEC,1190
MBNL1-AS1,0.045398664721130744,0.11752415155543022,0.5482342853639799,13.82295,False,lineage_leiden,LSEC,1190
MCCC1-AS1,0.006542663587082995,0.8216187889944211,1.0,13.115316,False,lineage_leiden,LSEC,1190
MCF2L-AS1,0.002156565095590494,0.9407592756948058,1.0,14.337461,False,lineage_leiden,LSEC,1190
MCM3AP-AS1,0.055686195967738855,0.05480191102982872,0.40168520292043575,14.634669,False,lineage_leiden,LSEC,1190
MDC1-AS1,,1.0,1.0,0.0,False,lineage_leiden,LSEC,1190
MDS2,-0.004094441083529359,0.8877944698019559,1.0,12.970829,False,lineage_leiden,LSEC,1190
MED4-AS1,0.042843893812188644,0.13965309174021664,0.6026030908590347,12.23085,False,lineage_leiden,LSEC,1190
MEF2C-AS1,-0.014054581018875098,0.6281399676423634,1.0,16.323782,False,lineage_leiden,LSEC,1190
MEG3,-0.31496564747814804,8.151142357152846e-29,3.5172179271114534e-26,3.5038636,True,lineage_leiden,LSEC,1190
MEG8,-0.09118751121964841,0.0016388896280559024,0.02438554739676282,16.858154,False,lineage_leiden,LSEC,1190
MEG9,-0.020581710662505148,0.4781237965717895,1.0,15.210922,False,lineage_leiden,LSEC,1190
MEIS1-AS2,-0.061638910131763244,0.03349441011967431,0.2779391916661435,15.989844,False,lineage_leiden,LSEC,1190
MIAT,-0.08613456780198578,0.0029419820243426075,0.04030048392075667,3.7380674,False,lineage_leiden,LSEC,1190
MID1IP1-AS1,,1.0,1.0,0.0,False,lineage_leiden,LSEC,1190
MIMT1,-0.015660181876179298,0.5894143600612232,1.0,13.480211,False,lineage_leiden,LSEC,1190
MIR155HG,0.07547430129532606,0.009198980868255479,0.10445684854347997,14.047041,False,lineage_leiden,LSEC,1190
MIR181A1HG,0.012941312746290845,0.6556132031313617,1.0,15.741809,False,lineage_leiden,LSEC,1190
MIR181A2HG,0.042456165225003124,0.14327465680962823,0.6048308451154616,13.137052,False,lineage_leiden,LSEC,1190
MIR202HG,,1.0,1.0,0.0,False,lineage_leiden,LSEC,1190
MIR210HG,0.1679413483700414,5.585260273010027e-09,3.012549759754783e-07,16.277088,False,lineage_leiden,LSEC,1190
MIR22HG,-0.019846790886762167,0.49398133470234784,1.0,1.424052,False,lineage_leiden,LSEC,1190
MIR4458HG,0.10451141472044949,0.0003045837948878125,0.0075101661425194905,2.2648697,False,lineage_leiden,LSEC,1190
MIR4500HG,,1.0,1.0,0.0,False,lineage_leiden,LSEC,1190
MIR497HG,0.09121799429630391,0.0016329715301031862,0.02438554739676282,15.269416,False,lineage_leiden,LSEC,1190
MIR503HG,-0.2173061415967055,3.478453987308148e-14,4.28843684435276e-12,19.716988,False,lineage_leiden,LSEC,1190
MIS18A-AS1,-0.010146973919440992,0.7265826364262988,1.0,13.147123,False,lineage_leiden,LSEC,1190
MKNK1-AS1,,1.0,1.0,0.0,False,lineage_leiden,LSEC,1190
MNX1-AS1,,1.0,1.0,0.0,False,lineage_leiden,LSEC,1190
MNX1-AS2,,1.0,1.0,0.0,False,lineage_leiden,LSEC,1190
MORC2-AS1,-0.006007549443588916,0.835992081077268,1.0,2.9066873,False,lineage_leiden,LSEC,1190
MORF4L2-AS1,0.01507535664520029,0.6033924722996515,1.0,14.547558,False,lineage_leiden,LSEC,1190
MPRIP-AS1,0.006200117245293543,0.830813096267999,1.0,2.6787245,False,lineage_leiden,LSEC,1190
MRPL23-AS1,0.044110215796785354,0.12831412529135092,0.5827341354507116,13.537611,False,lineage_leiden,LSEC,1190
MTUS2-AS1,,1.0,1.0,0.0,False,lineage_leiden,LSEC,1190
MYCBP2-AS1,0.029505302241103315,0.3091640075662552,0.8619033196559764,13.356258,False,lineage_leiden,LSEC,1190
MYLK-AS1,0.041383918214315224,0.15366461754793628,0.6168026276459024,14.431881,False,lineage_leiden,LSEC,1190
NAALADL2-AS2,,1.0,1.0,0.0,False,lineage_leiden,LSEC,1190
NALCN-AS1,-0.03440174724821059,0.2356857065772966,0.7763235296801793,13.006551,False,lineage_leiden,LSEC,1190
NAPA-AS1,0.024249319203064654,0.40329138264633535,1.0,14.550161,False,lineage_leiden,LSEC,1190
NAV2-AS2,,1.0,1.0,0.0,False,lineage_leiden,LSEC,1190
NAV2-AS3,-0.012958694975706321,0.6551805207828832,1.0,13.185968,False,lineage_leiden,LSEC,1190
NCAM1-AS1,,1.0,1.0,0.0,False,lineage_leiden,LSEC,1190
NCBP2-AS1,0.03193880522181829,0.27094191218558544,0.8066220753345269,13.317627,False,lineage_leiden,LSEC,1190
NDUFB2-AS1,0.04088200964310073,0.15872037660430688,0.631224354882566,13.5619335,False,lineage_leiden,LSEC,1190
NEAT1,-0.31002298193024597,6.325900807837837e-28,1.8197507990546845e-25,0.96974665,False,lineage_leiden,LSEC,1190
NEBL-AS1,0.07811985258152443,0.007014800061318044,0.08180773585023611,14.868662,False,lineage_leiden,LSEC,1190
NEXN-AS1,0.007812484581632709,0.7877578579756818,1.0,13.301317,False,lineage_leiden,LSEC,1190
NFE4,0.029758566638022663,0.3050278095632659,0.8619033196559764,13.018379,False,lineage_leiden,LSEC,1190
NFYC-AS1,0.028857879846174297,0.31990494073473186,0.8736644425761821,14.658491,False,lineage_leiden,LSEC,1190
NIFK-AS1,-0.007064229431991147,0.807666686081137,1.0,3.5294619,False,lineage_leiden,LSEC,1190
NNT-AS1,0.05020264147428197,0.08343735195830815,0.47717999917090004,2.654614,False,lineage_leiden,LSEC,1190
NOP14-AS1,0.09161101817595654,0.0015584074794129002,0.024016172405952375,15.111713,False,lineage_leiden,LSEC,1190
NPHP3-AS1,,1.0,1.0,0.0,False,lineage_leiden,LSEC,1190
NR2F2-AS1,-0.003518353492699817,0.9034983517613279,1.0,2.6642432,False,lineage_leiden,LSEC,1190
NUCB1-AS1,,1.0,1.0,0.0,False,lineage_leiden,LSEC,1190
NUTM2A-AS1,-0.01614357344891187,0.5779744923504042,1.0,1.530384,False,lineage_leiden,LSEC,1190
NXF5,,1.0,1.0,0.0,False,lineage_leiden,LSEC,1190
ODF2-AS1,-0.04005798544607589,0.16729205751293352,0.6503290343858632,12.752773,False,lineage_leiden,LSEC,1190
OGFR-AS1,,1.0,1.0,0.0,False,lineage_leiden,LSEC,1190
OPA1-AS1,,1.0,1.0,0.0,False,lineage_leiden,LSEC,1190
OR2A1-AS1,0.03831385262381636,0.186573048129783,0.6748865660552853,3.2632232,False,lineage_leiden,LSEC,1190
OSBPL10-AS1,-0.08492245152432573,0.0033707371307705493,0.044074941573560365,15.449776,False,lineage_leiden,LSEC,1190
OSGEPL1-AS1,-0.013401900020302693,0.6441875512590891,1.0,14.551653,False,lineage_leiden,LSEC,1190
OSTN-AS1,,1.0,1.0,0.0,False,lineage_leiden,LSEC,1190
OTX2-AS1,,1.0,1.0,0.0,False,lineage_leiden,LSEC,1190
OVCH1-AS1,-0.0013748235535274078,0.9622130692383971,1.0,13.832687,False,lineage_leiden,LSEC,1190
PAN3-AS1,0.022339706586579938,0.4413443079755569,1.0,15.127058,False,lineage_leiden,LSEC,1190
PAPPA-AS1,,1.0,1.0,0.0,False,lineage_leiden,LSEC,1190
PART1,0.01804541838940364,0.5340089526302522,1.0,13.408585,False,lineage_leiden,LSEC,1190
PAXBP1-AS1,-0.02693257056327245,0.3532685244608913,0.9323264116506091,14.011395,False,lineage_leiden,LSEC,1190
PAXIP1-AS2,-0.0957393331519102,0.0009437240341762383,0.017328379606257313,4.4857593,False,lineage_leiden,LSEC,1190
PCA3,-0.04700477324189605,0.1050849691397689,0.5303411015650326,13.680992,False,lineage_leiden,LSEC,1190
PCAT1,-0.08116234957876899,0.005086763053739335,0.06271252164824352,3.598006,False,lineage_leiden,LSEC,1190
PCAT6,0.018002127428442496,0.534990651023459,1.0,14.898907,False,lineage_leiden,LSEC,1190
PCAT7,-0.053870006061770066,0.06320934711889192,0.43293386161590264,14.78297,False,lineage_leiden,LSEC,1190
PCBP1-AS1,0.003129131095261458,0.9141301423528705,1.0,1.7879491,False,lineage_leiden,LSEC,1190
PCCA-AS1,0.04723381002545724,0.10339943195874424,0.5288964290255664,13.2009325,False,lineage_leiden,LSEC,1190
PCDH9-AS1,,1.0,1.0,0.0,False,lineage_leiden,LSEC,1190
PCOLCE-AS1,0.05720717765899302,0.048497580735840665,0.3671351945178114,12.95944,False,lineage_leiden,LSEC,1190
PDCD4-AS1,0.0037790904821283656,0.8963857343553266,1.0,15.85057,False,lineage_leiden,LSEC,1190
PEX5L-AS1,,1.0,1.0,0.0,False,lineage_leiden,LSEC,1190
PGM5-AS1,-0.040156311881717706,0.166251359594042,0.6503290343858632,13.907848,False,lineage_leiden,LSEC,1190
PHKA2-AS1,-0.02460885723399604,0.39635293629988344,0.9914567652950708,13.710304,False,lineage_leiden,LSEC,1190
PINK1-AS,0.01595595273475013,0.582402297315289,1.0,14.498491,False,lineage_leiden,LSEC,1190
PITPNA-AS1,0.12294075741619338,2.112126954684804e-05,0.0006509877006760664,4.199785,False,lineage_leiden,LSEC,1190
PLCXD2-AS1,,1.0,1.0,0.0,False,lineage_leiden,LSEC,1190
PLS1-AS1,,1.0,1.0,0.0,False,lineage_leiden,LSEC,1190
POT1-AS1,0.06660652974810481,0.021571964796136045,0.20685117354517119,14.4249935,False,lineage_leiden,LSEC,1190
POU6F2-AS1,0.0931046647284221,0.0013026988337749212,0.022484581870955138,14.964071,False,lineage_leiden,LSEC,1190
PPP1R26-AS1,0.038018081037718414,0.189999169971595,0.6822638455544782,13.509943,False,lineage_leiden,LSEC,1190
PRC1-AS1,,1.0,1.0,0.0,False,lineage_leiden,LSEC,1190
PRICKLE2-AS3,0.004649147183261602,0.8727148240363403,1.0,13.560951,False,lineage_leiden,LSEC,1190
PRKAG2-AS1,0.07392213035165893,0.010745861410384007,0.11738833414128351,15.489,False,lineage_leiden,LSEC,1190
PRKAR2A-AS1,0.03744092001124269,0.19681769315030362,0.6942505086931904,13.514762,False,lineage_leiden,LSEC,1190
PRKCQ-AS1,-0.0014669451208058557,0.9596831999560929,1.0,2.5523925,False,lineage_leiden,LSEC,1190
PRKG1-AS1,,1.0,1.0,0.0,False,lineage_leiden,LSEC,1190
PRKX-AS1,,1.0,1.0,0.0,False,lineage_leiden,LSEC,1190
PRMT5-AS1,0.0524351912868496,0.07058049524091625,0.4547078326169182,13.451176,False,lineage_leiden,LSEC,1190
PROSER2-AS1,,1.0,1.0,0.0,False,lineage_leiden,LSEC,1190
PROX1-AS1,0.07401123022587135,0.010651179813679856,0.11738833414128351,14.5394535,False,lineage_leiden,LSEC,1190
PRR7-AS1,-0.004233451691011507,0.8840114457684713,1.0,13.26425,False,lineage_leiden,LSEC,1190
PRRT3-AS1,-0.011855938856406931,0.682854167501249,1.0,13.662443,False,lineage_leiden,LSEC,1190
PSMD6-AS2,0.013745817283075924,0.6357103307926956,1.0,14.916746,False,lineage_leiden,LSEC,1190
PSMG3-AS1,0.050213364358668536,0.08337135266065862,0.47717999917090004,14.320869,False,lineage_leiden,LSEC,1190
PTCSC3,,1.0,1.0,0.0,False,lineage_leiden,LSEC,1190
PTOV1-AS1,-0.012967002229454405,0.6549737755772428,1.0,13.867945,False,lineage_leiden,LSEC,1190
PWRN1,,1.0,1.0,0.0,False,lineage_leiden,LSEC,1190
PXN-AS1,0.063114827554254,0.029471947278130746,0.25434290501026835,3.0682054,False,lineage_leiden,LSEC,1190
RAB11B-AS1,0.006474186498071368,0.823454873668839,1.0,2.0766966,False,lineage_leiden,LSEC,1190
RAD21-AS1,-0.0217788624210397,0.45289865247976796,1.0,13.012067,False,lineage_leiden,LSEC,1190
RAI1-AS1,,1.0,1.0,0.0,False,lineage_leiden,LSEC,1190
RAMP2-AS1,-0.04173420699624348,0.1502092403194469,0.61436291182788,15.949122,False,lineage_leiden,LSEC,1190
RAP2C-AS1,0.010172467436537427,0.7259233071663567,1.0,15.641521,False,lineage_leiden,LSEC,1190
RASAL2-AS1,-0.033103367272246484,0.25384543569143697,0.794159836437879,15.183613,False,lineage_leiden,LSEC,1190
RASSF8-AS1,0.12464745716888811,1.616424293446325e-05,0.0005365285250939147,1.7159181,False,lineage_leiden,LSEC,1190
RBM26-AS1,-0.05170670024801707,0.07458434286702931,0.45975919924461633,16.125217,False,lineage_leiden,LSEC,1190
RBMS3-AS2,,1.0,1.0,0.0,False,lineage_leiden,LSEC,1190
RBMS3-AS3,-0.029448559036331336,0.31009576447951176,0.8619033196559764,2.2679362,False,lineage_leiden,LSEC,1190
RBPMS-AS1,0.051077167325272156,0.07819183834025133,0.46749052905633137,15.04567,False,lineage_leiden,LSEC,1190
RFPL1S,-0.13285450089202142,4.253783436603224e-06,0.00017481024313278963,16.909384,False,lineage_leiden,LSEC,1190
RFPL3S,0.0005487395266585739,0.9849131947088163,1.0,13.012067,False,lineage_leiden,LSEC,1190
RGMB-AS1,0.022084155821891327,0.4465880500352096,1.0,14.836697,False,lineage_leiden,LSEC,1190
RGPD4-AS1,-0.014877829798561724,0.6081470383709097,1.0,13.459627,False,lineage_leiden,LSEC,1190
RHPN1-AS1,,1.0,1.0,0.0,False,lineage_leiden,LSEC,1190
RMDN2-AS1,,1.0,1.0,0.0,False,lineage_leiden,LSEC,1190
RN7SL832P,-0.05306702001938069,0.06725209683788759,0.44304243947402283,2.7467387,False,lineage_leiden,LSEC,1190
RNASEH2B-AS1,,1.0,1.0,0.0,False,lineage_leiden,LSEC,1190
RNF157-AS1,0.03980472104915655,0.16999513831851382,0.6520257971950107,13.252398,False,lineage_leiden,LSEC,1190
RNF185-AS1,,1.0,1.0,0.0,False,lineage_leiden,LSEC,1190
RNU6ATAC35P,0.032835158584943534,0.2577148278284921,0.794159836437879,13.638124,False,lineage_leiden,LSEC,1190
RRM1-AS1,-0.018446090242292056,0.5249663494167127,1.0,13.456942,False,lineage_leiden,LSEC,1190
RUSC1-AS1,-0.02835692466814167,0.3283812264916262,0.8856031201946044,14.949891,False,lineage_leiden,LSEC,1190
RUVBL1-AS1,,1.0,1.0,0.0,False,lineage_leiden,LSEC,1190
SAMSN1-AS1,,1.0,1.0,0.0,False,lineage_leiden,LSEC,1190
SAP30L-AS1,-0.011104282534233217,0.70196687545097,1.0,14.190783,False,lineage_leiden,LSEC,1190
SAPCD1-AS1,,1.0,1.0,0.0,False,lineage_leiden,LSEC,1190
SBF2-AS1,0.05535263420742451,0.05627212734683873,0.40469038250268186,15.935513,False,lineage_leiden,LSEC,1190
SCARNA9,,1.0,1.0,0.0,False,lineage_leiden,LSEC,1190
SCGB1B2P,-0.03711515227875898,0.20074442502889148,0.6986572263137175,14.380652,False,lineage_leiden,LSEC,1190
SDCBP2-AS1,-0.020247804886153818,0.48529390414584317,1.0,2.469051,False,lineage_leiden,LSEC,1190
SEC24B-AS1,0.010957370237385803,0.7057250409587452,1.0,14.996737,False,lineage_leiden,LSEC,1190
SEC62-AS1,,1.0,1.0,0.0,False,lineage_leiden,LSEC,1190
SEMA3B-AS1,0.09854526043147203,0.000663652983995871,0.013636488694962779,15.703394,False,lineage_leiden,LSEC,1190
SENCR,-0.0209990642950363,0.46924370363006895,1.0,15.082087,False,lineage_leiden,LSEC,1190
SERTAD4-AS1,0.1029093125829936,0.0003769574747657107,0.008792278397913739,14.839487,False,lineage_leiden,LSEC,1190
SFTA1P,0.06318360279240433,0.02929508893155734,0.25434290501026835,13.358494,False,lineage_leiden,LSEC,1190
SFTA3,,1.0,1.0,0.0,False,lineage_leiden,LSEC,1190
SH3BP5-AS1,-0.043306443616880054,0.13542518382452262,0.5948604670028798,15.546266,False,lineage_leiden,LSEC,1190
SH3RF3-AS1,-0.017302621193862167,0.5509781049322949,1.0,15.365339,False,lineage_leiden,LSEC,1190
SHANK2-AS1,0.03193283949775629,0.27103147448756565,0.8066220753345269,13.733792,False,lineage_leiden,LSEC,1190
SHANK2-AS3,0.01962799076124899,0.4987561568933862,1.0,13.100874,False,lineage_leiden,LSEC,1190
SIAH2-AS1,,1.0,1.0,0.0,False,lineage_leiden,LSEC,1190
SIDT1-AS1,0.04144075652394348,0.15309987780349008,0.6168026276459024,14.107466,False,lineage_leiden,LSEC,1190
SIGLEC5,,1.0,1.0,0.0,False,lineage_leiden,LSEC,1190
SIX3-AS1,,1.0,1.0,0.0,False,lineage_leiden,LSEC,1190
SLC16A1-AS1,0.04687766804504522,0.1060297221489623,0.5319979663636887,3.476346,False,lineage_leiden,LSEC,1190
SLC22A18AS,-0.03777089281842197,0.1928978429649038,0.6850651789247407,13.755761,False,lineage_leiden,LSEC,1190
SLC25A21-AS1,0.1208063703316548,2.936784476789914e-05,0.0008739465529205847,16.32658,False,lineage_leiden,LSEC,1190
SLC25A30-AS1,0.004639144873890403,0.8729863444816595,1.0,13.882778,False,lineage_leiden,LSEC,1190
SLC26A4-AS1,0.03440174724821059,0.2356857065772966,0.7763235296801793,12.680294,False,lineage_leiden,LSEC,1190
SLC8A1-AS1,-0.00978882510746292,0.735866486473419,1.0,12.78396,False,lineage_leiden,LSEC,1190
SLC9A9-AS2,,1.0,1.0,0.0,False,lineage_leiden,LSEC,1190
SMAD5-AS1,0.005456759992872603,0.8508437093980082,1.0,12.954002,False,lineage_leiden,LSEC,1190
SMARCA5-AS1,0.017236221263021042,0.5525078078765054,1.0,12.889134,False,lineage_leiden,LSEC,1190
SMCR2,,1.0,1.0,0.0,False,lineage_leiden,LSEC,1190
SMCR5,-0.023434645106563345,0.4192796119845442,1.0,2.3618076,False,lineage_leiden,LSEC,1190
SMIM2-AS1,0.01864614935611928,0.520480780267323,1.0,13.459627,False,lineage_leiden,LSEC,1190
SNAI3-AS1,-0.03171939968519482,0.2742491406147235,0.8105376998305013,2.013268,False,lineage_leiden,LSEC,1190
SNAP25-AS1,0.06480524936749889,0.025381452738632914,0.23468019876519303,14.078473,False,lineage_leiden,LSEC,1190
SNHG10,0.09899795599897684,0.0006264745745223469,0.013186525800311839,16.300928,False,lineage_leiden,LSEC,1190
SNHG12,0.06442878182780283,0.026247292583120366,0.23745267099928433,2.6962395,False,lineage_leiden,LSEC,1190
SNHG15,0.1304570400447779,6.335472495158599e-06,0.0002485233074237214,2.374306,False,lineage_leiden,LSEC,1190
SNHG18,0.23347140854208506,3.393238861968402e-16,7.320912844696828e-14,17.166533,False,lineage_leiden,LSEC,1190
SNHG7,-0.004051095748711832,0.8889745928787067,1.0,0.62884295,False,lineage_leiden,LSEC,1190
SNHG8,0.19851744659100864,4.852774060872301e-12,4.187944014532796e-10,1.4121237,False,lineage_leiden,LSEC,1190
SNHG9,0.04345894548764329,0.1340531112929853,0.5948604670028798,1.5168853,False,lineage_leiden,LSEC,1190
SNRK-AS1,-0.04772442431046138,0.09986113570564993,0.5287126387360483,13.559232,False,lineage_leiden,LSEC,1190
SPATA13,0.016824595897241404,0.5620368930528052,1.0,1.905436,False,lineage_leiden,LSEC,1190
SPATA13-AS1,,1.0,1.0,0.0,False,lineage_leiden,LSEC,1190
SPATA41,0.051712985218334236,0.0745490238501945,0.45975919924461633,14.7766285,False,lineage_leiden,LSEC,1190
SPATA8,,1.0,1.0,0.0,False,lineage_leiden,LSEC,1190
SPIN4-AS1,,1.0,1.0,0.0,False,lineage_leiden,LSEC,1190
SRGAP2-AS1,0.004010019617889578,0.8900931613257437,1.0,13.720264,False,lineage_leiden,LSEC,1190
SRRM2-AS1,0.02301428903634985,0.4276727878836087,1.0,13.6996,False,lineage_leiden,LSEC,1190
SSBP3-AS1,,1.0,1.0,0.0,False,lineage_leiden,LSEC,1190
ST20,0.09315709273121522,0.001294469409165645,0.022484581870955138,15.87212,False,lineage_leiden,LSEC,1190
ST3GAL6-AS1,0.04393887428247171,0.12980516302733214,0.5834471650655606,14.353741,False,lineage_leiden,LSEC,1190
ST7-AS1,-0.005492235985339567,0.8498854724855164,1.0,15.453247,False,lineage_leiden,LSEC,1190
ST7-AS2,0.013802909632104125,0.6343076240265371,1.0,12.924299,False,lineage_leiden,LSEC,1190
ST7-OT4,-0.013693906108258427,0.6369868749260534,1.0,15.297937,False,lineage_leiden,LSEC,1190
ST8SIA6-AS1,-0.019743812579032422,0.49622555760902104,1.0,12.7332535,False,lineage_leiden,LSEC,1190
STARD4-AS1,-0.024452265368682245,0.399365991074582,0.9932358798194935,16.667362,False,lineage_leiden,LSEC,1190
STAU2-AS1,-0.0023215903050939663,0.9362353501720875,1.0,13.353601,False,lineage_leiden,LSEC,1190
STEAP3-AS1,,1.0,1.0,0.0,False,lineage_leiden,LSEC,1190
STK24-AS1,0.02147179428863581,0.45929635904393756,1.0,15.096346,False,lineage_leiden,LSEC,1190
STX18-AS1,0.011328348724085389,0.6962490528265163,1.0,14.287592,False,lineage_leiden,LSEC,1190
STXBP5-AS1,0.009132223787753633,0.7529863152425168,1.0,3.7207966,False,lineage_leiden,LSEC,1190
SUCLA2-AS1,,1.0,1.0,0.0,False,lineage_leiden,LSEC,1190
SYP-AS1,,1.0,1.0,0.0,False,lineage_leiden,LSEC,1190
SZT2-AS1,,1.0,1.0,0.0,False,lineage_leiden,LSEC,1190
TAB3-AS2,,1.0,1.0,0.0,False,lineage_leiden,LSEC,1190
TAPT1-AS1,0.02328483928274431,0.4222596040158283,1.0,1.4119568,False,lineage_leiden,LSEC,1190
TBC1D3P1-DHX40P1,-0.01793956144845338,0.5364110484621706,1.0,13.54002,False,lineage_leiden,LSEC,1190
TCEAL3-AS1,,1.0,1.0,0.0,False,lineage_leiden,LSEC,1190
TERC,0.003958449859894417,0.8914977971021449,1.0,14.819048,False,lineage_leiden,LSEC,1190
TET2-AS1,,1.0,1.0,0.0,False,lineage_leiden,LSEC,1190
TEX26-AS1,0.1239591372161322,1.8013033387237655e-05,0.0005757499190068925,15.339714,False,lineage_leiden,LSEC,1190
TEX41,0.16507940085397801,1.0162289603362736e-08,5.158856428060025e-07,16.187967,False,lineage_leiden,LSEC,1190
TFAP2A-AS1,,1.0,1.0,0.0,False,lineage_leiden,LSEC,1190
THAP7-AS1,0.06331317945530168,0.028964354124587754,0.25434290501026835,15.4439125,False,lineage_leiden,LSEC,1190
THAP9-AS1,0.03596585891316308,0.21505343078702707,0.7278082775262915,1.2151895,False,lineage_leiden,LSEC,1190
THOC7-AS1,-0.05171353172905658,0.07454595332378529,0.45975919924461633,14.171885,False,lineage_leiden,LSEC,1190
TIPARP-AS1,-0.01427761004777787,0.6226958151697103,1.0,1.5798497,False,lineage_leiden,LSEC,1190
TLR8-AS1,,1.0,1.0,0.0,False,lineage_leiden,LSEC,1190
TM4SF1-AS1,0.030692638529686376,0.2900913016630847,0.8344959777841404,14.853348,False,lineage_leiden,LSEC,1190
TM4SF19-AS1,-0.030473655653684272,0.29354809158963746,0.8416345616008541,13.75074,False,lineage_leiden,LSEC,1190
TMEM105,0.05741317213639729,0.04769247077211742,0.36423541837466666,14.194571,False,lineage_leiden,LSEC,1190
TMEM254-AS1,-0.03684920460570867,0.20399219195250723,0.704181046620055,13.788264,False,lineage_leiden,LSEC,1190
TMEM44-AS1,0.02490365053882267,0.3907180054320174,0.9858223705806657,15.51272,False,lineage_leiden,LSEC,1190
TMEM72-AS1,0.038369556133280275,0.18593293038111255,0.6748865660552853,13.589842,False,lineage_leiden,LSEC,1190
TMEM78,,1.0,1.0,0.0,False,lineage_leiden,LSEC,1190
TMEM9B-AS1,-0.012471026511219889,0.667363085267677,1.0,14.91124,False,lineage_leiden,LSEC,1190
TMLHE-AS1,-0.0009312927630480781,0.9743983079879092,1.0,13.536409,False,lineage_leiden,LSEC,1190
TMPO-AS1,0.029438058841747074,0.3102683867129792,0.8619033196559764,14.480883,False,lineage_leiden,LSEC,1190
TNK2-AS1,,1.0,1.0,0.0,False,lineage_leiden,LSEC,1190
TP53TG1,0.10844427945475409,0.0001782065508895524,0.004523301571108345,2.0416315,False,lineage_leiden,LSEC,1190
TP73-AS1,0.011523874406749766,0.6912735743316832,1.0,1.8881326,False,lineage_leiden,LSEC,1190
TPRG1-AS1,0.0688904434043795,0.01746368190640447,0.17323169523249493,15.054087,False,lineage_leiden,LSEC,1190
TPRXL,,1.0,1.0,0.0,False,lineage_leiden,LSEC,1190
TPT1-AS1,-0.015233233857915212,0.599604339586344,1.0,0.58117175,False,lineage_leiden,LSEC,1190
TPTEP1,-0.009355219450243417,0.7471579624619992,1.0,2.716592,False,lineage_leiden,LSEC,1190
TRAF3IP2-AS1,-0.011784943625821998,0.6846509673931954,1.0,16.011833,False,lineage_leiden,LSEC,1190
TRAM2-AS1,-0.0038184435856862043,0.8953129327795197,1.0,3.606549,False,lineage_leiden,LSEC,1190
TRAPPC12-AS1,0.054876739210784786,0.05842634465157109,0.4130991940075262,12.782934,False,lineage_leiden,LSEC,1190
TRBV11-2,,1.0,1.0,0.0,False,lineage_leiden,LSEC,1190
TRERNA1,,1.0,1.0,0.0,False,lineage_leiden,LSEC,1190
TRIM16L,0.06121159500250494,0.03474317167866061,0.2818809344799015,14.851728,False,lineage_leiden,LSEC,1190
TRIM52-AS1,0.1330548543156855,4.113213331513517e-06,0.00017481024313278963,2.3075428,False,lineage_leiden,LSEC,1190
TSIX,0.0009877146696456109,0.9728478233102792,1.0,16.48921,False,lineage_leiden,LSEC,1190
TSPEAR-AS1,,1.0,1.0,0.0,False,lineage_leiden,LSEC,1190
TTC3-AS1,,1.0,1.0,0.0,False,lineage_leiden,LSEC,1190
TTLL10-AS1,,1.0,1.0,0.0,False,lineage_leiden,LSEC,1190
TTN-AS1,-0.04918097405894757,0.08992211931621176,0.49428528006299843,5.0833073,False,lineage_leiden,LSEC,1190
TTTY10,-0.04596748804086053,0.11299289595804796,0.5450183156528309,13.573557,False,lineage_leiden,LSEC,1190
TTTY14,0.07222353898792876,0.012699489645184348,0.13470620902743585,14.445259,False,lineage_leiden,LSEC,1190
UBAC2-AS1,0.03298827732863478,0.2555008392745859,0.794159836437879,14.015526,False,lineage_leiden,LSEC,1190
UBBP4,-0.00914032222783534,0.7527744008761008,1.0,15.262501,False,lineage_leiden,LSEC,1190
UBOX5-AS1,,1.0,1.0,0.0,False,lineage_leiden,LSEC,1190
UBXN7-AS1,0.021001981261248547,0.4691819611702159,1.0,13.601772,False,lineage_leiden,LSEC,1190
UGDH-AS1,-0.03236559728944142,0.26458707689608674,0.8040093216947988,15.586216,False,lineage_leiden,LSEC,1190
UNC5B-AS1,,1.0,1.0,0.0,False,lineage_leiden,LSEC,1190
UPK1A-AS1,,1.0,1.0,0.0,False,lineage_leiden,LSEC,1190
USP2-AS1,0.070509845154778,0.01498231210530216,0.15392542079614005,13.997743,False,lineage_leiden,LSEC,1190
USP3-AS1,-0.00735780535543934,0.7998398965922976,1.0,13.209207,False,lineage_leiden,LSEC,1190
USP30-AS1,-0.046663148556586265,0.1076394565789789,0.5369528961136346,15.246155,False,lineage_leiden,LSEC,1190
UXT-AS1,,1.0,1.0,0.0,False,lineage_leiden,LSEC,1190
VAC14-AS1,-0.038369556133280275,0.18593293038111255,0.6748865660552853,13.574304,False,lineage_leiden,LSEC,1190
VAV3-AS1,,1.0,1.0,0.0,False,lineage_leiden,LSEC,1190
VCAN-AS1,,1.0,1.0,0.0,False,lineage_leiden,LSEC,1190
VIM-AS1,0.07880776854988929,0.0065290487646668775,0.07718587786174679,15.041243,False,lineage_leiden,LSEC,1190
VIPR1-AS1,,1.0,1.0,0.0,False,lineage_leiden,LSEC,1190
VPS13A-AS1,,1.0,1.0,0.0,False,lineage_leiden,LSEC,1190
VPS9D1-AS1,0.03929819225531787,0.17549917342825969,0.6672061086721943,12.595297,False,lineage_leiden,LSEC,1190
WAC-AS1,0.09189774534818014,0.0015059995453568747,0.023630501957145146,1.8465371,False,lineage_leiden,LSEC,1190
WARS2-IT1,-0.020303362486367233,0.4840968730284879,1.0,13.387576,False,lineage_leiden,LSEC,1190
WASF3-AS1,0.008946122891900363,0.7578611664690158,1.0,13.397501,False,lineage_leiden,LSEC,1190
WASIR1,,1.0,1.0,0.0,False,lineage_leiden,LSEC,1190
WASIR2,-0.03892165031296421,0.17967600290096017,0.6748865660552853,12.990448,False,lineage_leiden,LSEC,1190
WDFY3-AS1,,1.0,1.0,0.0,False,lineage_leiden,LSEC,1190
WEE2-AS1,-0.038773322870001736,0.18134144553765535,0.6748865660552853,14.004963,False,lineage_leiden,LSEC,1190
WNT5A-AS1,0.04866897494133351,0.0933210645063852,0.5064260105272257,13.258026,False,lineage_leiden,LSEC,1190
WT1-AS,0.11123316939478696,0.00012052967680861178,0.0031520336692676355,15.579103,False,lineage_leiden,LSEC,1190
WWC2-AS2,0.02150364165951834,0.4586304841012854,1.0,14.907925,False,lineage_leiden,LSEC,1190
WWC3-AS1,0.005937738314506296,0.837871373311015,1.0,14.644619,False,lineage_leiden,LSEC,1190
WWTR1-AS1,0.016282740778168714,0.5747004276723766,1.0,13.687359,False,lineage_leiden,LSEC,1190
XIAP-AS1,0.003672333755330455,0.8992969677612886,1.0,13.096426,False,lineage_leiden,LSEC,1190
XIST,-0.22786230287861445,1.7616855835959586e-15,3.0406693172866245e-13,3.1385975,False,lineage_leiden,LSEC,1190
XXYLT1-AS2,0.037409515278741604,0.19719377403835917,0.6942505086931904,14.602865,False,lineage_leiden,LSEC,1190
YEATS2-AS1,,1.0,1.0,0.0,False,lineage_leiden,LSEC,1190
ZBED3-AS1,0.036111371598724344,0.2132022164281642,0.7243839085728571,15.043198,False,lineage_leiden,LSEC,1190
ZBED5-AS1,0.08446665384175132,0.00354614621406271,0.045025766998139566,2.9664857,False,lineage_leiden,LSEC,1190
ZBTB11-AS1,-0.0019093224461639018,0.94754060146465,1.0,3.7334228,False,lineage_leiden,LSEC,1190
ZBTB20-AS1,,1.0,1.0,0.0,False,lineage_leiden,LSEC,1190
ZBTB20-AS2,0.07947850695373725,0.006084740988063276,0.07293238156525843,3.4997299,False,lineage_leiden,LSEC,1190
ZBTB20-AS3,0.02201207187619019,0.4480735458158232,1.0,13.808975,False,lineage_leiden,LSEC,1190
ZBTB20-AS4,0.0044601371028718025,0.8778481461460766,1.0,13.523512,False,lineage_leiden,LSEC,1190
ZEB2-AS1,0.009482651723739514,0.7438337613780911,1.0,15.034971,False,lineage_leiden,LSEC,1190
ZFAS1,0.3242947654684232,1.5316676884756313e-30,1.3218292151544698e-27,3.0820475,True,lineage_leiden,LSEC,1190
ZFAT-AS1,,1.0,1.0,0.0,False,lineage_leiden,LSEC,1190
ZFX-AS1,,1.0,1.0,0.0,False,lineage_leiden,LSEC,1190
ZFY-AS1,-0.04723381002545724,0.10339943195874424,0.5288964290255664,13.794709,False,lineage_leiden,LSEC,1190
ZMIZ1-AS1,0.02065742379377606,0.47650605631579773,1.0,13.712765,False,lineage_leiden,LSEC,1190
ZMYM4-AS1,-0.009666257815754878,0.7390525954104937,1.0,13.959446,False,lineage_leiden,LSEC,1190
ZMYND10-AS1,,1.0,1.0,0.0,False,lineage_leiden,LSEC,1190
ZNF197-AS1,,1.0,1.0,0.0,False,lineage_leiden,LSEC,1190
ZNF252P-AS1,-0.02508830884236518,0.3872131781189095,0.9843313038709187,13.42216,False,lineage_leiden,LSEC,1190
ZNF286B,0.04204660460921602,0.1471778418009814,0.6048308451154616,14.299562,False,lineage_leiden,LSEC,1190
ZNF295-AS1,,1.0,1.0,0.0,False,lineage_leiden,LSEC,1190
ZNF32-AS1,,1.0,1.0,0.0,False,lineage_leiden,LSEC,1190
ZNF32-AS2,-0.04858455347569372,0.09389126498766642,0.5064260105272257,12.553203,False,lineage_leiden,LSEC,1190
ZNF337-AS1,0.05039166577290159,0.08228008524127764,0.47717999917090004,14.287493,False,lineage_leiden,LSEC,1190
ZNF503-AS1,0.0379727862900401,0.19052791051984846,0.6822638455544782,13.504884,False,lineage_leiden,LSEC,1190
ZNF571-AS1,0.01018015706861756,0.7257244728855021,1.0,13.780039,False,lineage_leiden,LSEC,1190
ZNF630-AS1,0.024946543096555165,0.38990219025259737,0.9858223705806657,13.546062,False,lineage_leiden,LSEC,1190
ZNF667-AS1,0.09701015627862933,0.0008055286359213651,0.0154482491733364,1.5881205,False,lineage_leiden,LSEC,1190
ZNF674-AS1,0.04337484438052821,0.13480844214252988,0.5948604670028798,15.167835,False,lineage_leiden,LSEC,1190
ZNF781,-0.0063731917156851165,0.8261646189268418,1.0,15.871732,False,lineage_leiden,LSEC,1190
ZNRF3-AS1,-0.010351234246247022,0.7213056497814927,1.0,15.38468,False,lineage_leiden,LSEC,1190
ZRANB2-AS1,0.03786302733944159,0.19181364929750894,0.6840296667097115,12.559243,False,lineage_leiden,LSEC,1190
ZSCAN16-AS1,0.09643370943378601,0.0008657096951629918,0.016241466672297,2.2966902,False,lineage_leiden,LSEC,1190
A1BG-AS1,0.05407994387766848,3.089023751237613e-06,4.846959086032836e-05,3.3359265,False,lineage_leiden,Cholangiocyte,7432
A2M-AS1,-0.044509752375168514,0.00012383854528332007,0.0013528185389810787,15.157352,False,lineage_leiden,Cholangiocyte,7432
A2ML1-AS2,,1.0,1.0,0.0,False,lineage_leiden,Cholangiocyte,7432
ABCC5-AS1,,1.0,1.0,0.0,False,lineage_leiden,Cholangiocyte,7432
ACTA2-AS1,,1.0,1.0,0.0,False,lineage_leiden,Cholangiocyte,7432
ACVR2B-AS1,0.016941646585396684,0.14418501791753502,0.4396878814941086,8.920453,False,lineage_leiden,Cholangiocyte,7432
ADAM20P1,0.02396071842089282,0.038868172896132286,0.20085768388839617,10.090251,False,lineage_leiden,Cholangiocyte,7432
ADAMTS9-AS2,,1.0,1.0,0.0,False,lineage_leiden,Cholangiocyte,7432
ADAMTSL4-AS1,0.019443692686068305,0.09371885604920506,0.3779084239690815,2.9134998,False,lineage_leiden,Cholangiocyte,7432
ADIPOQ-AS1,0.010150359730649403,0.3816129736581185,0.8829276039328587,10.895126,False,lineage_leiden,Cholangiocyte,7432
ADORA2A-AS1,0.017609868370154637,0.12901633156644193,0.4396878814941086,3.3927946,False,lineage_leiden,Cholangiocyte,7432
ADPGK-AS1,0.007519502444985127,0.5168884076689108,1.0,12.296105,False,lineage_leiden,Cholangiocyte,7432
AFAP1-AS1,,1.0,1.0,0.0,False,lineage_leiden,Cholangiocyte,7432
AGAP2-AS1,-0.015714310051833942,0.1755541266934792,0.5153170453621515,13.038209,False,lineage_leiden,Cholangiocyte,7432
AGBL5-AS1,-0.01666129946437485,0.150941783667073,0.4561105107189305,12.215607,False,lineage_leiden,Cholangiocyte,7432
AIRN,,1.0,1.0,0.0,False,lineage_leiden,Cholangiocyte,7432
ALG13-AS1,-0.009348516528014703,0.4203531272257712,0.9277870813192852,10.516226,False,lineage_leiden,Cholangiocyte,7432
ALKBH3-AS1,,1.0,1.0,0.0,False,lineage_leiden,Cholangiocyte,7432
AP4B1-AS1,0.008849307872988418,0.4455963872575716,0.9637731001863729,11.671342,False,lineage_leiden,Cholangiocyte,7432
APOA1-AS,,1.0,1.0,0.0,False,lineage_leiden,Cholangiocyte,7432
APOBEC3B-AS1,,1.0,1.0,0.0,False,lineage_leiden,Cholangiocyte,7432
AQP4-AS1,,1.0,1.0,0.0,False,lineage_leiden,Cholangiocyte,7432
ARAP1-AS1,-0.0011808360542261724,0.9189299794037012,1.0,11.834422,False,lineage_leiden,Cholangiocyte,7432
ARAP1-AS2,-0.015904126495501106,0.1703950058312241,0.5035989384669397,10.508644,False,lineage_leiden,Cholangiocyte,7432
ARHGAP26-AS1,0.016941646585396684,0.14418501791753502,0.4396878814941086,8.6779585,False,lineage_leiden,Cholangiocyte,7432
ARHGAP31-AS1,0.0014087863647843555,0.903350643462936,1.0,10.943773,False,lineage_leiden,Cholangiocyte,7432
ARHGAP5-AS1,0.11593323301942035,1.1641454184865927e-23,1.1162861068376995e-21,14.857818,False,lineage_leiden,Cholangiocyte,7432
ARIH2OS,0.033372887489444496,0.004010147973990924,0.032648657561831766,2.3687077,False,lineage_leiden,Cholangiocyte,7432
ARMCX3-AS1,,1.0,1.0,0.0,False,lineage_leiden,Cholangiocyte,7432
ARSD-AS1,,1.0,1.0,0.0,False,lineage_leiden,Cholangiocyte,7432
ASB16-AS1,0.05027510124772829,1.4497913198040294e-05,0.0001954952982798246,1.381494,False,lineage_leiden,Cholangiocyte,7432
ASMTL-AS1,-0.0021549367513514738,0.8526455108599998,1.0,12.910806,False,lineage_leiden,Cholangiocyte,7432
ATP11A-AS1,-0.00017562490447898312,0.987922157185183,1.0,11.687706,False,lineage_leiden,Cholangiocyte,7432
ATP1B3-AS1,0.0211728608927272,0.06797240059944173,0.31202224317722455,11.937865,False,lineage_leiden,Cholangiocyte,7432
ATP6V0E2-AS1,-0.016652570407199214,0.15115597458356214,0.4561105107189305,10.900666,False,lineage_leiden,Cholangiocyte,7432
BACH1-IT2,0.004353879000626788,0.7074504474779265,1.0,13.242182,False,lineage_leiden,Cholangiocyte,7432
BCAR4,,1.0,1.0,0.0,False,lineage_leiden,Cholangiocyte,7432
BCDIN3D-AS1,-0.016095073803024097,0.16532059822747988,0.49367362031250916,12.46864,False,lineage_leiden,Cholangiocyte,7432
BDNF-AS,0.014016128569378384,0.2269806478251687,0.6110183514481735,11.011477,False,lineage_leiden,Cholangiocyte,7432
BFSP2-AS1,,1.0,1.0,0.0,False,lineage_leiden,Cholangiocyte,7432
BHLHE40-AS1,0.022856969506121823,0.048792140130754655,0.24016477057400928,11.517641,False,lineage_leiden,Cholangiocyte,7432
BLACE,,1.0,1.0,0.0,False,lineage_leiden,Cholangiocyte,7432
BOK-AS1,,1.0,1.0,0.0,False,lineage_leiden,Cholangiocyte,7432
BRWD1-AS1,,1.0,1.0,0.0,False,lineage_leiden,Cholangiocyte,7432
BSN-AS1,,1.0,1.0,0.0,False,lineage_leiden,Cholangiocyte,7432
BTBD9-AS1,0.016941646585396684,0.14418501791753502,0.4396878814941086,9.444808,False,lineage_leiden,Cholangiocyte,7432
C10orf55,,1.0,1.0,0.0,False,lineage_leiden,Cholangiocyte,7432
C14orf178,,1.0,1.0,0.0,False,lineage_leiden,Cholangiocyte,7432
C1QTNF1-AS1,,1.0,1.0,0.0,False,lineage_leiden,Cholangiocyte,7432
C1RL-AS1,-0.015503538687642197,0.18141830092944972,0.5205948372057286,2.6241016,False,lineage_leiden,Cholangiocyte,7432
C1orf220,,1.0,1.0,0.0,False,lineage_leiden,Cholangiocyte,7432
C21orf91-OT1,,1.0,1.0,0.0,False,lineage_leiden,Cholangiocyte,7432
C2orf27A,0.02662531614813396,0.021712274608827936,0.12834036292752404,10.9241,False,lineage_leiden,Cholangiocyte,7432
C5orf60,0.016941646585396684,0.14418501791753502,0.4396878814941086,9.933286,False,lineage_leiden,Cholangiocyte,7432
C5orf64,-0.0017310061029850463,0.8813931375949613,1.0,11.096301,False,lineage_leiden,Cholangiocyte,7432
C6orf47-AS1,-0.015235165203602189,0.18909387605783834,0.5315570522407638,10.832206,False,lineage_leiden,Cholangiocyte,7432
C8orf44,0.026649121034141538,0.021594998036314882,0.12834036292752404,1.9564419,False,lineage_leiden,Cholangiocyte,7432
C9orf163,0.007891078466337987,0.4963914273554008,1.0,11.083869,False,lineage_leiden,Cholangiocyte,7432
CACNA1C-AS1,,1.0,1.0,0.0,False,lineage_leiden,Cholangiocyte,7432
CACNA1C-AS2,-0.013040031655941302,0.2610013963581735,0.6784464007744088,12.194187,False,lineage_leiden,Cholangiocyte,7432
CACTIN-AS1,,1.0,1.0,0.0,False,lineage_leiden,Cholangiocyte,7432
CAHM,0.003820863487513446,0.7418996191894013,1.0,13.944302,False,lineage_leiden,Cholangiocyte,7432
CASC11,0.02385755204987675,0.0397166695383025,0.20402074887830393,12.446615,False,lineage_leiden,Cholangiocyte,7432
CASC15,0.010685243485327652,0.3570316226912159,0.8428459483959482,12.615089,False,lineage_leiden,Cholangiocyte,7432
CASC18,,1.0,1.0,0.0,False,lineage_leiden,Cholangiocyte,7432
CASC19,,1.0,1.0,0.0,False,lineage_leiden,Cholangiocyte,7432
CASC2,,1.0,1.0,0.0,False,lineage_leiden,Cholangiocyte,7432
CASC20,-0.019848328194947473,0.08708366003396029,0.3666009688258913,10.782198,False,lineage_leiden,Cholangiocyte,7432
CASC8,,1.0,1.0,0.0,False,lineage_leiden,Cholangiocyte,7432
CASK-AS1,,1.0,1.0,0.0,False,lineage_leiden,Cholangiocyte,7432
CCDC140,,1.0,1.0,0.0,False,lineage_leiden,Cholangiocyte,7432
CCDC144NL,0.020217555544674585,0.08136485736229117,0.35825444848804733,11.020896,False,lineage_leiden,Cholangiocyte,7432
CCDC148-AS1,,1.0,1.0,0.0,False,lineage_leiden,Cholangiocyte,7432
CCDC183-AS1,,1.0,1.0,0.0,False,lineage_leiden,Cholangiocyte,7432
CCDC26,0.16146450816386312,1.3660321692617776e-44,2.357771524145828e-42,3.7325668,False,lineage_leiden,Cholangiocyte,7432
CCND2-AS1,,1.0,1.0,0.0,False,lineage_leiden,Cholangiocyte,7432
CCNT2-AS1,0.010689349867874478,0.35684684988093984,0.8428459483959482,11.727176,False,lineage_leiden,Cholangiocyte,7432
CD27-AS1,0.15986532058696387,9.790007858264232e-44,1.408129463613672e-41,2.4650307,False,lineage_leiden,Cholangiocyte,7432
CDKN2B-AS1,0.0017582893298659058,0.8795378726676623,1.0,11.127781,False,lineage_leiden,Cholangiocyte,7432
CELF2-AS1,0.016941646585396684,0.14418501791753502,0.4396878814941086,8.989434,False,lineage_leiden,Cholangiocyte,7432
CERS6-AS1,0.005718550678249504,0.622074825951853,1.0,11.095719,False,lineage_leiden,Cholangiocyte,7432
CFLAR-AS1,-0.0044624632737940775,0.7005027333582645,1.0,1.1728463,False,lineage_leiden,Cholangiocyte,7432
CIRBP-AS1,,1.0,1.0,0.0,False,lineage_leiden,Cholangiocyte,7432
CKMT2-AS1,0.008091351132095463,0.48552637185762765,1.0,2.7744274,False,lineage_leiden,Cholangiocyte,7432
CLLU1,0.014651412681309858,0.20661086262608794,0.5733285351971508,11.284475,False,lineage_leiden,Cholangiocyte,7432
CLRN1-AS1,,1.0,1.0,0.0,False,lineage_leiden,Cholangiocyte,7432
CLYBL-AS1,,1.0,1.0,0.0,False,lineage_leiden,Cholangiocyte,7432
COL4A2-AS1,,1.0,1.0,0.0,False,lineage_leiden,Cholangiocyte,7432
COL4A2-AS2,0.004331578652070562,0.7088803673211573,1.0,11.127017,False,lineage_leiden,Cholangiocyte,7432
COLCA1,,1.0,1.0,0.0,False,lineage_leiden,Cholangiocyte,7432
CPB2-AS1,0.006244490766247082,0.5904070171922912,1.0,10.636494,False,lineage_leiden,Cholangiocyte,7432
CRNDE,-0.019866550039144542,0.08679401637056494,0.3666009688258913,11.961956,False,lineage_leiden,Cholangiocyte,7432
CSNK1G2-AS1,,1.0,1.0,0.0,False,lineage_leiden,Cholangiocyte,7432
CTC-338M12.4,0.024795563772998064,0.03255157613173666,0.18123877549476608,12.491974,False,lineage_leiden,Cholangiocyte,7432
CYP1B1-AS1,-0.010171690917465368,0.38061322025768596,0.8829276039328587,12.716465,False,lineage_leiden,Cholangiocyte,7432
CYP4A22-AS1,-0.0015493465971246976,0.8937621337563363,1.0,10.289693,False,lineage_leiden,Cholangiocyte,7432
CYP4F35P,0.016941646585396684,0.14418501791753502,0.4396878814941086,9.061035,False,lineage_leiden,Cholangiocyte,7432
DAB1-AS1,,1.0,1.0,0.0,False,lineage_leiden,Cholangiocyte,7432
DACT3-AS1,,1.0,1.0,0.0,False,lineage_leiden,Cholangiocyte,7432
DBH-AS1,-0.017930405939996903,0.12219456326438462,0.4396878814941086,10.129332,False,lineage_leiden,Cholangiocyte,7432
DCTN1-AS1,,1.0,1.0,0.0,False,lineage_leiden,Cholangiocyte,7432
DDX11-AS1,-0.008828402018197599,0.4466720323595387,0.9637731001863729,11.351795,False,lineage_leiden,Cholangiocyte,7432
DDX39B-AS1,-0.0026354838679256225,0.8202956491465045,1.0,11.210844,False,lineage_leiden,Cholangiocyte,7432
DENND5B-AS1,0.016941646585396684,0.14418501791753502,0.4396878814941086,8.127076,False,lineage_leiden,Cholangiocyte,7432
DGCR5,,1.0,1.0,0.0,False,lineage_leiden,Cholangiocyte,7432
DGUOK-AS1,-0.002580198617979322,0.8240029613702855,1.0,11.369818,False,lineage_leiden,Cholangiocyte,7432
DHRS4-AS1,,1.0,1.0,0.0,False,lineage_leiden,Cholangiocyte,7432
DIAPH2-AS1,-0.027554369339944856,0.017525790999683107,0.10959969299077188,11.535357,False,lineage_leiden,Cholangiocyte,7432
DICER1-AS1,0.021821900535117473,0.05995113292719063,0.28584435202301384,3.702516,False,lineage_leiden,Cholangiocyte,7432
DIO2-AS1,,1.0,1.0,0.0,False,lineage_leiden,Cholangiocyte,7432
DIO3OS,-0.015929915046825366,0.16970294107904255,0.5032771070488444,11.919396,False,lineage_leiden,Cholangiocyte,7432
DIRC3,-0.001874249813021448,0.8716600322578403,1.0,10.591843,False,lineage_leiden,Cholangiocyte,7432
DLEU1,0.11160812511573222,4.907256836568504e-22,4.234962649958618e-20,15.339906,False,lineage_leiden,Cholangiocyte,7432
DLEU2L,0.014564987767191909,0.20930125557836143,0.5752451705863884,1.9376802,False,lineage_leiden,Cholangiocyte,7432
DLG1-AS1,-0.019469078031539168,0.0932910013489321,0.3779084239690815,11.037503,False,lineage_leiden,Cholangiocyte,7432
DLG3-AS1,,1.0,1.0,0.0,False,lineage_leiden,Cholangiocyte,7432
DLG5-AS1,,1.0,1.0,0.0,False,lineage_leiden,Cholangiocyte,7432
DLGAP1-AS1,-0.003989978671254072,0.7309096280899119,1.0,1.5377345,False,lineage_leiden,Cholangiocyte,7432
DLGAP1-AS2,-0.005856864807454112,0.613675334071944,1.0,2.3464727,False,lineage_leiden,Cholangiocyte,7432
DLGAP1-AS3,,1.0,1.0,0.0,False,lineage_leiden,Cholangiocyte,7432
DLGAP1-AS5,,1.0,1.0,0.0,False,lineage_leiden,Cholangiocyte,7432
DNAH10OS,-0.0192957065282668,0.09624448878136593,0.384532378788513,11.172999,False,lineage_leiden,Cholangiocyte,7432
DNAH17-AS1,-0.013005571675166206,0.2622636969095627,0.6785452834950595,10.579389,False,lineage_leiden,Cholangiocyte,7432
DNAJC27-AS1,-0.016962111338094284,0.14370101627788978,0.4396878814941086,2.2664433,False,lineage_leiden,Cholangiocyte,7432
DNAJC9-AS1,0.00011416276838127954,0.9921487765133707,1.0,10.957785,False,lineage_leiden,Cholangiocyte,7432
DNM1P35,0.02934774157330597,0.011401044230348958,0.0751076425251233,10.796022,False,lineage_leiden,Cholangiocyte,7432
DNM3OS,,1.0,1.0,0.0,False,lineage_leiden,Cholangiocyte,7432
DNMBP-AS1,0.008746980555691054,0.45087537089507723,0.9703377682854156,11.100382,False,lineage_leiden,Cholangiocyte,7432
DOCK9-AS1,,1.0,1.0,0.0,False,lineage_leiden,Cholangiocyte,7432
DPP10-AS1,,1.0,1.0,0.0,False,lineage_leiden,Cholangiocyte,7432
DPYD-AS1,,1.0,1.0,0.0,False,lineage_leiden,Cholangiocyte,7432
DPYD-AS2,,1.0,1.0,0.0,False,lineage_leiden,Cholangiocyte,7432
DSCAM-AS1,,1.0,1.0,0.0,False,lineage_leiden,Cholangiocyte,7432
DSCR9,-0.024569778909276183,0.03416654065690333,0.18780716297393363,11.660909,False,lineage_leiden,Cholangiocyte,7432
EAF1-AS1,-0.0014480077283631993,0.9006736250055423,1.0,12.480118,False,lineage_leiden,Cholangiocyte,7432
EDNRB-AS1,,1.0,1.0,0.0,False,lineage_leiden,Cholangiocyte,7432
EDRF1-AS1,-0.0010483161762211237,0.9280018068931172,1.0,11.13563,False,lineage_leiden,Cholangiocyte,7432
EFCAB14-AS1,,1.0,1.0,0.0,False,lineage_leiden,Cholangiocyte,7432
EGOT,-0.011549371630402584,0.31948047571982674,0.7744709285005913,12.43211,False,lineage_leiden,Cholangiocyte,7432
ELFN2,,1.0,1.0,0.0,False,lineage_leiden,Cholangiocyte,7432
ELMO1-AS1,,1.0,1.0,0.0,False,lineage_leiden,Cholangiocyte,7432
ENO1-AS1,0.0047666764501734125,0.6811723685695098,1.0,2.7124648,False,lineage_leiden,Cholangiocyte,7432
ENTPD1-AS1,0.06508662387665336,1.9535257816396237e-08,3.9206808129185935e-07,2.1849365,False,lineage_leiden,Cholangiocyte,7432
ENTPD3-AS1,0.015308143715696618,0.18698335746137534,0.5290709425874325,0.54934716,False,lineage_leiden,Cholangiocyte,7432
EPB41L4A-AS1,0.0318955105394873,0.0059610052003596795,0.04634547286405769,0.6901145,False,lineage_leiden,Cholangiocyte,7432
EPHA1-AS1,0.024798755554874704,0.03252922320768836,0.18123877549476608,1.4100533,False,lineage_leiden,Cholangiocyte,7432
EPN2-AS1,-0.010453759861376047,0.3675448716334706,0.8619326745100139,10.558439,False,lineage_leiden,Cholangiocyte,7432
EXTL3-AS1,0.02726818429542254,0.018732803134479985,0.11465538372380303,10.791772,False,lineage_leiden,Cholangiocyte,7432
EZR-AS1,,1.0,1.0,0.0,False,lineage_leiden,Cholangiocyte,7432
FAM106A,0.03291496499251909,0.00454171844508281,0.0362916946120969,11.9795475,False,lineage_leiden,Cholangiocyte,7432
FAM138B,,1.0,1.0,0.0,False,lineage_leiden,Cholangiocyte,7432
FAM13A-AS1,0.016060510155228344,0.16623059622091896,0.49467932599535536,1.5764823,False,lineage_leiden,Cholangiocyte,7432
FAM182B,,1.0,1.0,0.0,False,lineage_leiden,Cholangiocyte,7432
FAM201A,,1.0,1.0,0.0,False,lineage_leiden,Cholangiocyte,7432
FAM215A,,1.0,1.0,0.0,False,lineage_leiden,Cholangiocyte,7432
FAM218A,0.02305575320653725,0.04686210215408774,0.23376875236403305,11.525323,False,lineage_leiden,Cholangiocyte,7432
FAM222A-AS1,0.016941646585396684,0.14418501791753502,0.4396878814941086,8.202601,False,lineage_leiden,Cholangiocyte,7432
FAM224B,,1.0,1.0,0.0,False,lineage_leiden,Cholangiocyte,7432
FAM225A,0.009695594581691768,0.40330848598361435,0.9161767749895979,11.832547,False,lineage_leiden,Cholangiocyte,7432
FAM225B,-0.0004394807075192588,0.9697826875203562,1.0,10.981632,False,lineage_leiden,Cholangiocyte,7432
FAM230A,0.005351063599192257,0.6446294343059384,1.0,11.543175,False,lineage_leiden,Cholangiocyte,7432
FAM230C,-0.001124073149631052,0.9228145388096857,1.0,11.810498,False,lineage_leiden,Cholangiocyte,7432
FAM27E3,0.004521203733774714,0.6967546237512222,1.0,11.134241,False,lineage_leiden,Cholangiocyte,7432
FAM41C,0.02818378765934743,0.015108346663876636,0.09641998096673744,1.8770986,False,lineage_leiden,Cholangiocyte,7432
FAM53B-AS1,0.0014815901552976613,0.8983823831440145,1.0,10.900666,False,lineage_leiden,Cholangiocyte,7432
FAM66B,0.016941646585396684,0.14418501791753502,0.4396878814941086,8.9724655,False,lineage_leiden,Cholangiocyte,7432
FAM66C,0.0310972641063134,0.007338870427879188,0.055556536660173156,11.72203,False,lineage_leiden,Cholangiocyte,7432
FAM66D,0.02396071842089282,0.038868172896132286,0.20085768388839617,9.833496,False,lineage_leiden,Cholangiocyte,7432
FAM66E,,1.0,1.0,0.0,False,lineage_leiden,Cholangiocyte,7432
FAM74A4,,1.0,1.0,0.0,False,lineage_leiden,Cholangiocyte,7432
FAM74A6,0.016941646585396684,0.14418501791753502,0.4396878814941086,9.379629,False,lineage_leiden,Cholangiocyte,7432
FAM83A-AS1,,1.0,1.0,0.0,False,lineage_leiden,Cholangiocyte,7432
FAM83C-AS1,,1.0,1.0,0.0,False,lineage_leiden,Cholangiocyte,7432
FAM85B,-0.004644374632712069,0.6889194186451804,1.0,11.671766,False,lineage_leiden,Cholangiocyte,7432
FAM87A,,1.0,1.0,0.0,False,lineage_leiden,Cholangiocyte,7432
FAM87B,0.013113022549484927,0.25834156265068386,0.6740069427907746,11.023061,False,lineage_leiden,Cholangiocyte,7432
FAM99B,,1.0,1.0,0.0,False,lineage_leiden,Cholangiocyte,7432
FARP1-AS1,0.016941646585396684,0.14418501791753502,0.4396878814941086,9.667804,False,lineage_leiden,Cholangiocyte,7432
FBXL19-AS1,0.0036246311828904525,0.7547179554514512,1.0,12.452066,False,lineage_leiden,Cholangiocyte,7432
FENDRR,,1.0,1.0,0.0,False,lineage_leiden,Cholangiocyte,7432
FGD5-AS1,-0.0002086076640670878,0.9856541356916506,1.0,0.7080662,False,lineage_leiden,Cholangiocyte,7432
FGF13-AS1,,1.0,1.0,0.0,False,lineage_leiden,Cholangiocyte,7432
FGF14-AS2,0.017091179676847396,0.14067714215272176,0.4396878814941086,11.349944,False,lineage_leiden,Cholangiocyte,7432
FLG-AS1,0.016941646585396684,0.14418501791753502,0.4396878814941086,8.585271,False,lineage_leiden,Cholangiocyte,7432
FLNB-AS1,,1.0,1.0,0.0,False,lineage_leiden,Cholangiocyte,7432
FOXD2-AS1,0.003516982717473284,0.7617788499972299,1.0,12.255331,False,lineage_leiden,Cholangiocyte,7432
FOXN3-AS1,0.019514973770537524,0.09252143499048614,0.3766320679093846,13.254788,False,lineage_leiden,Cholangiocyte,7432
FOXN3-AS2,,1.0,1.0,0.0,False,lineage_leiden,Cholangiocyte,7432
FOXP1-AS1,,1.0,1.0,0.0,False,lineage_leiden,Cholangiocyte,7432
FRY-AS1,0.041268359846195535,0.0003728034501212338,0.0035747708606069417,2.7172794,False,lineage_leiden,Cholangiocyte,7432
FTX,0.02975752432517724,0.010302590224524026,0.07287815871937897,1.8342767,False,lineage_leiden,Cholangiocyte,7432
GAS5-AS1,0.019961394623212156,0.08529895692217468,0.36492788076261806,11.165541,False,lineage_leiden,Cholangiocyte,7432
GAS6-AS1,-0.01075715999210269,0.3538043458399837,0.8428459483959482,10.4140005,False,lineage_leiden,Cholangiocyte,7432
GATA3-AS1,,1.0,1.0,0.0,False,lineage_leiden,Cholangiocyte,7432
GATA6-AS1,,1.0,1.0,0.0,False,lineage_leiden,Cholangiocyte,7432
GDNF-AS1,,1.0,1.0,0.0,False,lineage_leiden,Cholangiocyte,7432
GFOD1-AS1,,1.0,1.0,0.0,False,lineage_leiden,Cholangiocyte,7432
GGNBP1,,1.0,1.0,0.0,False,lineage_leiden,Cholangiocyte,7432
GHRLOS,0.02412028934697541,0.03758611893513966,0.20085768388839617,12.631119,False,lineage_leiden,Cholangiocyte,7432
GK-AS1,0.0045717057572815705,0.6935380944488824,1.0,12.817408,False,lineage_leiden,Cholangiocyte,7432
GNAS-AS1,,1.0,1.0,0.0,False,lineage_leiden,Cholangiocyte,7432
GNG12-AS1,,1.0,1.0,0.0,False,lineage_leiden,Cholangiocyte,7432
GOLGA8M,-0.001668131729014828,0.8856710696648398,1.0,11.172999,False,lineage_leiden,Cholangiocyte,7432
GPR158-AS1,,1.0,1.0,0.0,False,lineage_leiden,Cholangiocyte,7432
GRIK1-AS1,,1.0,1.0,0.0,False,lineage_leiden,Cholangiocyte,7432
GRM7-AS1,0.016941646585396684,0.14418501791753502,0.4396878814941086,8.717851,False,lineage_leiden,Cholangiocyte,7432
GRPEL2-AS1,,1.0,1.0,0.0,False,lineage_leiden,Cholangiocyte,7432
GS1-24F4.2,,1.0,1.0,0.0,False,lineage_leiden,Cholangiocyte,7432
GS1-279B7.1,,1.0,1.0,0.0,False,lineage_leiden,Cholangiocyte,7432
GSN-AS1,0.03180757582672562,0.0061004380331720785,0.04700605377345986,11.763952,False,lineage_leiden,Cholangiocyte,7432
GTSCR1,,1.0,1.0,0.0,False,lineage_leiden,Cholangiocyte,7432
HAND2-AS1,,1.0,1.0,0.0,False,lineage_leiden,Cholangiocyte,7432
HAR1A,,1.0,1.0,0.0,False,lineage_leiden,Cholangiocyte,7432
HAR1B,,1.0,1.0,0.0,False,lineage_leiden,Cholangiocyte,7432
HAS2-AS1,,1.0,1.0,0.0,False,lineage_leiden,Cholangiocyte,7432
HCFC1-AS1,0.016941646585396684,0.14418501791753502,0.4396878814941086,8.841178,False,lineage_leiden,Cholangiocyte,7432
HCG11,0.03370566415287146,0.0036599941061250052,0.030081665843675044,1.185513,False,lineage_leiden,Cholangiocyte,7432
HCG14,0.016870689244685853,0.14587287413128672,0.44326862808204376,11.592338,False,lineage_leiden,Cholangiocyte,7432
HCG15,0.016941646585396684,0.14418501791753502,0.4396878814941086,8.703717,False,lineage_leiden,Cholangiocyte,7432
HCG17,,1.0,1.0,0.0,False,lineage_leiden,Cholangiocyte,7432
HCG18,0.08549060540086643,1.5552929568140944e-13,6.3915134368122075e-12,1.9850221,False,lineage_leiden,Cholangiocyte,7432
HCG20,-0.01462330004837557,0.2074832354018622,0.5739039492045099,12.1106415,False,lineage_leiden,Cholangiocyte,7432
HCG21,,1.0,1.0,0.0,False,lineage_leiden,Cholangiocyte,7432
HCG22,,1.0,1.0,0.0,False,lineage_leiden,Cholangiocyte,7432
HCG24,0.016941646585396684,0.14418501791753502,0.4396878814941086,8.547075,False,lineage_leiden,Cholangiocyte,7432
HCG25,0.0070164531929182514,0.5453202323735133,1.0,11.648634,False,lineage_leiden,Cholangiocyte,7432
HCG27,0.021071039629159172,0.06930744552446469,0.31574569788081513,12.431702,False,lineage_leiden,Cholangiocyte,7432
HCG9,,1.0,1.0,0.0,False,lineage_leiden,Cholangiocyte,7432
HDAC11-AS1,,1.0,1.0,0.0,False,lineage_leiden,Cholangiocyte,7432
HEXA-AS1,-0.00522283696739584,0.6525783928517487,1.0,11.541835,False,lineage_leiden,Cholangiocyte,7432
HHIP-AS1,-0.04976226810941407,1.7715462525532457e-05,0.00023520683322360785,13.869839,False,lineage_leiden,Cholangiocyte,7432
HIF1A-AS1,,1.0,1.0,0.0,False,lineage_leiden,Cholangiocyte,7432
HLA-DQB1-AS1,0.006611154252575646,0.568778302888998,1.0,11.155923,False,lineage_leiden,Cholangiocyte,7432
HM13-AS1,0.007365579959336997,0.5255057410042322,1.0,10.390852,False,lineage_leiden,Cholangiocyte,7432
HMGA1P4,0.03723784240396278,0.0013236026094128849,0.012023884757087575,1.346642,False,lineage_leiden,Cholangiocyte,7432
HMGN3-AS1,0.02376695500099246,0.04047469965812028,0.20546862238210473,12.112934,False,lineage_leiden,Cholangiocyte,7432
HNF1A-AS1,,1.0,1.0,0.0,False,lineage_leiden,Cholangiocyte,7432
HNF4A-AS1,,1.0,1.0,0.0,False,lineage_leiden,Cholangiocyte,7432
HOTAIRM1,-0.02826068898969318,0.014834111063395359,0.09625441990759545,1.1599658,False,lineage_leiden,Cholangiocyte,7432
HOTTIP,,1.0,1.0,0.0,False,lineage_leiden,Cholangiocyte,7432
HOXA-AS2,-0.021837073868678582,0.059773429861789476,0.28584435202301384,13.152128,False,lineage_leiden,Cholangiocyte,7432
HOXA-AS3,0.016941646585396684,0.14418501791753502,0.4396878814941086,8.682113,False,lineage_leiden,Cholangiocyte,7432
HOXA10-AS,-0.07300137677057789,2.962503447609846e-10,7.747395379658476e-09,15.055827,False,lineage_leiden,Cholangiocyte,7432
HOXA11-AS,,1.0,1.0,0.0,False,lineage_leiden,Cholangiocyte,7432
HOXB-AS1,0.00903287404290369,0.43621515913980996,0.955466198826538,5.2704372,False,lineage_leiden,Cholangiocyte,7432
HOXB-AS2,,1.0,1.0,0.0,False,lineage_leiden,Cholangiocyte,7432
HOXB-AS3,-0.0325308569985934,0.005035956215164442,0.039509365578971944,12.703184,False,lineage_leiden,Cholangiocyte,7432
HOXC-AS2,,1.0,1.0,0.0,False,lineage_leiden,Cholangiocyte,7432
HOXD-AS2,,1.0,1.0,0.0,False,lineage_leiden,Cholangiocyte,7432
HULC,-0.012932015721980637,0.264972206031134,0.6826000412085632,10.868777,False,lineage_leiden,Cholangiocyte,7432
HYI-AS1,0.01550840076623073,0.18128140810796967,0.5205948372057286,10.446067,False,lineage_leiden,Cholangiocyte,7432
IDH1-AS1,0.030133343125826932,0.009379040297163408,0.06801774602060522,12.392958,False,lineage_leiden,Cholangiocyte,7432
IDI2-AS1,-0.010259993894676977,0.37649175995830175,0.8757746330027343,11.273949,False,lineage_leiden,Cholangiocyte,7432
IFNG-AS1,0.02396071842089282,0.038868172896132286,0.20085768388839617,9.569444,False,lineage_leiden,Cholangiocyte,7432
IGBP1-AS1,0.016941646585396684,0.14418501791753502,0.4396878814941086,8.771366,False,lineage_leiden,Cholangiocyte,7432
IGBP1-AS2,,1.0,1.0,0.0,False,lineage_leiden,Cholangiocyte,7432
IGFBP7-AS1,,1.0,1.0,0.0,False,lineage_leiden,Cholangiocyte,7432
IL12A-AS1,,1.0,1.0,0.0,False,lineage_leiden,Cholangiocyte,7432
IL20RB-AS1,,1.0,1.0,0.0,False,lineage_leiden,Cholangiocyte,7432
IL21-AS1,,1.0,1.0,0.0,False,lineage_leiden,Cholangiocyte,7432
IL21R-AS1,0.008443931595438528,0.46671530860594757,0.9994424598683195,10.478283,False,lineage_leiden,Cholangiocyte,7432
INHBA-AS1,0.0010122314971839198,0.930473704164455,1.0,12.53075,False,lineage_leiden,Cholangiocyte,7432
INTS6-AS1,-0.0056902358031810235,0.6238004547124177,1.0,2.7493682,False,lineage_leiden,Cholangiocyte,7432
IPO9-AS1,0.018957355594276932,0.1022236791443567,0.3991811543057911,12.495652,False,lineage_leiden,Cholangiocyte,7432
IQCH-AS1,0.028188391437171275,0.015091804510274752,0.09641998096673744,2.1689148,False,lineage_leiden,Cholangiocyte,7432
ISM1-AS1,,1.0,1.0,0.0,False,lineage_leiden,Cholangiocyte,7432
ITCH-AS1,0.04270410962134767,0.00023092050998034302,0.0023172604664306517,11.51349,False,lineage_leiden,Cholangiocyte,7432
ITGB2-AS1,0.13613057627501732,4.4676210673916775e-32,5.507938544512883e-30,1.4748644,False,lineage_leiden,Cholangiocyte,7432
ITIH4-AS1,0.0025274314461424855,0.8275450835791924,1.0,10.514844,False,lineage_leiden,Cholangiocyte,7432
ITPK1-AS1,-0.004572001320673269,0.6935192858648264,1.0,13.065908,False,lineage_leiden,Cholangiocyte,7432
ITPKB-AS1,0.005057670361325984,0.6628756218058336,1.0,12.6124935,False,lineage_leiden,Cholangiocyte,7432
JARID2-AS1,0.015476604395541852,0.1821780310963268,0.5205948372057286,11.768415,False,lineage_leiden,Cholangiocyte,7432
JAZF1-AS1,-0.005596062384300352,0.6295546054165975,1.0,10.760027,False,lineage_leiden,Cholangiocyte,7432
JMJD1C-AS1,0.0777302902575491,1.945166720427057e-11,5.995281713316251e-10,13.591995,False,lineage_leiden,Cholangiocyte,7432
JPX,0.06263126808543844,6.525123611129815e-08,1.173162849251048e-06,0.8601949,False,lineage_leiden,Cholangiocyte,7432
KANSL1-AS1,-0.04783619910105956,3.697995433292073e-05,0.0004494887406945154,1.6095529,False,lineage_leiden,Cholangiocyte,7432
KBTBD11-OT1,-0.007999469518176592,0.4904950308016193,1.0,10.577023,False,lineage_leiden,Cholangiocyte,7432
KCNIP2-AS1,,1.0,1.0,0.0,False,lineage_leiden,Cholangiocyte,7432
KCNJ2-AS1,0.014048763815911563,0.22590054174070331,0.6110183514481735,1.6930456,False,lineage_leiden,Cholangiocyte,7432
KCNQ1-AS1,,1.0,1.0,0.0,False,lineage_leiden,Cholangiocyte,7432
KCNQ1OT1,-0.0077548896464450096,0.5038532456655133,1.0,1.6086197,False,lineage_leiden,Cholangiocyte,7432
KCNQ5-AS1,,1.0,1.0,0.0,False,lineage_leiden,Cholangiocyte,7432
KCTD21-AS1,-0.011263008795701714,0.3316275931493671,0.7971994787963894,12.689928,False,lineage_leiden,Cholangiocyte,7432
KDM4A-AS1,-0.02827546736896007,0.01478191558447057,0.09625441990759545,13.896343,False,lineage_leiden,Cholangiocyte,7432
KIAA0087,0.016941646585396684,0.14418501791753502,0.4396878814941086,8.826599,False,lineage_leiden,Cholangiocyte,7432
KIF25-AS1,-0.018900202786426713,0.10326223456838275,0.4003858662233956,11.2683525,False,lineage_leiden,Cholangiocyte,7432
KIF9-AS1,0.006486147230985275,0.5761095764039027,1.0,12.233062,False,lineage_leiden,Cholangiocyte,7432
KLHL6-AS1,0.054302141724017004,2.813238212006991e-06,4.49597143881858e-05,12.189478,False,lineage_leiden,Cholangiocyte,7432
KMT2E-AS1,0.042844051687881426,0.0002202158332243199,0.002235838400853977,0.8653884,False,lineage_leiden,Cholangiocyte,7432
KRTAP5-AS1,-0.01334147896275642,0.25013813827747694,0.6581378455288494,10.74462,False,lineage_leiden,Cholangiocyte,7432
KTN1-AS1,0.04348930006983517,0.00017661270726363322,0.0018363465827531983,12.094566,False,lineage_leiden,Cholangiocyte,7432
LAMTOR5-AS1,0.02416534914870432,0.037230671769141785,0.20085768388839617,12.09506,False,lineage_leiden,Cholangiocyte,7432
LATS2-AS1,0.013996783834556707,0.2276226225119943,0.6110183514481735,1.4377961,False,lineage_leiden,Cholangiocyte,7432
LBX2-AS1,-0.018298535919173044,0.11471131617273914,0.4341923941099732,1.7682753,False,lineage_leiden,Cholangiocyte,7432
LDLRAD4-AS1,-0.010274970498626418,0.3757954813643254,0.8757746330027343,11.284828,False,lineage_leiden,Cholangiocyte,7432
LEMD1-AS1,,1.0,1.0,0.0,False,lineage_leiden,Cholangiocyte,7432
LENG8-AS1,-0.0006032681934466707,0.9585299414698075,1.0,14.067089,False,lineage_leiden,Cholangiocyte,7432
LGALS8-AS1,0.005055133903291213,0.663034260046887,1.0,10.905992,False,lineage_leiden,Cholangiocyte,7432
LIFR-AS1,,1.0,1.0,0.0,False,lineage_leiden,Cholangiocyte,7432
LIMD1-AS1,0.011697111497848875,0.31332883370925213,0.7638496708787701,10.667494,False,lineage_leiden,Cholangiocyte,7432
LINC-PINT,0.01967726576154442,0.08984096207336849,0.3697221449037755,0.86645365,False,lineage_leiden,Cholangiocyte,7432
LINC-ROR,,1.0,1.0,0.0,False,lineage_leiden,Cholangiocyte,7432
LINC00092,,1.0,1.0,0.0,False,lineage_leiden,Cholangiocyte,7432
LINC00102,0.016941646585396684,0.14418501791753502,0.4396878814941086,8.937199,False,lineage_leiden,Cholangiocyte,7432
LINC00106,0.007924764526227287,0.49455489147762866,1.0,1.995462,False,lineage_leiden,Cholangiocyte,7432
LINC00114,,1.0,1.0,0.0,False,lineage_leiden,Cholangiocyte,7432
LINC00115,0.03985401347738696,0.0005891433293294279,0.005526420578383655,2.7979202,False,lineage_leiden,Cholangiocyte,7432
LINC00158,0.05360664697762136,3.765453055170175e-06,5.602734459675622e-05,12.668783,False,lineage_leiden,Cholangiocyte,7432
LINC00159,,1.0,1.0,0.0,False,lineage_leiden,Cholangiocyte,7432
LINC00161,,1.0,1.0,0.0,False,lineage_leiden,Cholangiocyte,7432
LINC00174,0.025520636950100723,0.027799938627628844,0.15936397682773612,12.977417,False,lineage_leiden,Cholangiocyte,7432
LINC00184,,1.0,1.0,0.0,False,lineage_leiden,Cholangiocyte,7432
LINC00200,,1.0,1.0,0.0,False,lineage_leiden,Cholangiocyte,7432
LINC00205,0.013262633712499016,0.2529485112183949,0.6635093166610176,12.289581,False,lineage_leiden,Cholangiocyte,7432
LINC00221,,1.0,1.0,0.0,False,lineage_leiden,Cholangiocyte,7432
LINC00222,,1.0,1.0,0.0,False,lineage_leiden,Cholangiocyte,7432
LINC00226,,1.0,1.0,0.0,False,lineage_leiden,Cholangiocyte,7432
LINC00237,-0.012295767600498013,0.2892045709489532,0.7251607877979731,12.066226,False,lineage_leiden,Cholangiocyte,7432
LINC00240,,1.0,1.0,0.0,False,lineage_leiden,Cholangiocyte,7432
LINC00242,0.030904440099369712,0.007711877635693858,0.05721308848249097,11.275346,False,lineage_leiden,Cholangiocyte,7432
LINC00261,-0.016110005155637045,0.16492864429918164,0.49367362031250916,10.825182,False,lineage_leiden,Cholangiocyte,7432
LINC00265,0.023026621008326864,0.0471408723912826,0.23380789007860278,11.427833,False,lineage_leiden,Cholangiocyte,7432
LINC00276,,1.0,1.0,0.0,False,lineage_leiden,Cholangiocyte,7432
LINC00278,-0.005784335471433662,0.6180736424832274,1.0,1.7473416,False,lineage_leiden,Cholangiocyte,7432
LINC00298,,1.0,1.0,0.0,False,lineage_leiden,Cholangiocyte,7432
LINC00299,0.03681720293680227,0.0015008539824095364,0.013352958627004433,11.791777,False,lineage_leiden,Cholangiocyte,7432
LINC00304,,1.0,1.0,0.0,False,lineage_leiden,Cholangiocyte,7432
LINC00305,,1.0,1.0,0.0,False,lineage_leiden,Cholangiocyte,7432
LINC00309,0.007755712590275815,0.5038079793068534,1.0,2.57123,False,lineage_leiden,Cholangiocyte,7432
LINC00310,,1.0,1.0,0.0,False,lineage_leiden,Cholangiocyte,7432
LINC00311,0.012788857296075751,0.27029874295849016,0.6921893625316825,9.728243,False,lineage_leiden,Cholangiocyte,7432
LINC00313,,1.0,1.0,0.0,False,lineage_leiden,Cholangiocyte,7432
LINC00315,,1.0,1.0,0.0,False,lineage_leiden,Cholangiocyte,7432
LINC00319,,1.0,1.0,0.0,False,lineage_leiden,Cholangiocyte,7432
LINC00322,,1.0,1.0,0.0,False,lineage_leiden,Cholangiocyte,7432
LINC00323,-0.04882355055298348,2.544285244404304e-05,0.0003277191292419275,13.924105,False,lineage_leiden,Cholangiocyte,7432
LINC00324,-0.0024859313695728405,0.8303333449614635,1.0,0.8479526,False,lineage_leiden,Cholangiocyte,7432
LINC00327,0.0010600945260101017,0.9271951075346818,1.0,11.046069,False,lineage_leiden,Cholangiocyte,7432
LINC00330,-0.018517781525985093,0.11042882452937786,0.42355589141712485,10.795757,False,lineage_leiden,Cholangiocyte,7432
LINC00332,,1.0,1.0,0.0,False,lineage_leiden,Cholangiocyte,7432
LINC00333,,1.0,1.0,0.0,False,lineage_leiden,Cholangiocyte,7432
LINC00334,,1.0,1.0,0.0,False,lineage_leiden,Cholangiocyte,7432
LINC00336,,1.0,1.0,0.0,False,lineage_leiden,Cholangiocyte,7432
LINC00339,0.020275091365542453,0.08050178881687937,0.3562720192254713,1.9362931,False,lineage_leiden,Cholangiocyte,7432
LINC00342,0.055226726598004816,1.8990694281941275e-06,3.0922583330783626e-05,13.70739,False,lineage_leiden,Cholangiocyte,7432
LINC00355,0.016941646585396684,0.14418501791753502,0.4396878814941086,9.660173,False,lineage_leiden,Cholangiocyte,7432
LINC00359,-0.005864832884135563,0.6131929781439801,1.0,10.774398,False,lineage_leiden,Cholangiocyte,7432
LINC00379,-6.693830312318819e-05,0.9953964576236207,1.0,13.056654,False,lineage_leiden,Cholangiocyte,7432
LINC00381,,1.0,1.0,0.0,False,lineage_leiden,Cholangiocyte,7432
LINC00384,0.016941646585396684,0.14418501791753502,0.4396878814941086,9.235217,False,lineage_leiden,Cholangiocyte,7432
LINC00393,,1.0,1.0,0.0,False,lineage_leiden,Cholangiocyte,7432
LINC00398,,1.0,1.0,0.0,False,lineage_leiden,Cholangiocyte,7432
LINC00399,,1.0,1.0,0.0,False,lineage_leiden,Cholangiocyte,7432
LINC00402,-0.019073574289699077,0.10013744473593018,0.3928118854868534,11.4814,False,lineage_leiden,Cholangiocyte,7432
LINC00407,,1.0,1.0,0.0,False,lineage_leiden,Cholangiocyte,7432
LINC00412,,1.0,1.0,0.0,False,lineage_leiden,Cholangiocyte,7432
LINC00426,0.07279415044505941,3.325395150869138e-10,8.440635338823724e-09,13.304592,False,lineage_leiden,Cholangiocyte,7432
LINC00427,,1.0,1.0,0.0,False,lineage_leiden,Cholangiocyte,7432
LINC00449,-0.0057138593794168885,0.6223605904709756,1.0,11.577734,False,lineage_leiden,Cholangiocyte,7432
LINC00461,,1.0,1.0,0.0,False,lineage_leiden,Cholangiocyte,7432
LINC00462,0.010675892099943768,0.35745262701380887,0.8428459483959482,10.719497,False,lineage_leiden,Cholangiocyte,7432
LINC00469,,1.0,1.0,0.0,False,lineage_leiden,Cholangiocyte,7432
LINC00470,-0.007218134145312511,0.5338288341130534,1.0,13.601307,False,lineage_leiden,Cholangiocyte,7432
LINC00472,0.02934774157330597,0.011401044230348958,0.0751076425251233,11.068641,False,lineage_leiden,Cholangiocyte,7432
LINC00479,,1.0,1.0,0.0,False,lineage_leiden,Cholangiocyte,7432
LINC00482,0.005663649452348775,0.6254226211411819,1.0,2.8672862,False,lineage_leiden,Cholangiocyte,7432
LINC00484,0.016941646585396684,0.14418501791753502,0.4396878814941086,8.325698,False,lineage_leiden,Cholangiocyte,7432
LINC00485,,1.0,1.0,0.0,False,lineage_leiden,Cholangiocyte,7432
LINC00486,,1.0,1.0,0.0,False,lineage_leiden,Cholangiocyte,7432
LINC00487,-0.019733840466724335,0.08892137901635433,0.3689382215918932,11.060573,False,lineage_leiden,Cholangiocyte,7432
LINC00491,,1.0,1.0,0.0,False,lineage_leiden,Cholangiocyte,7432
LINC00494,,1.0,1.0,0.0,False,lineage_leiden,Cholangiocyte,7432
LINC00500,0.02396071842089282,0.038868172896132286,0.20085768388839617,10.064833,False,lineage_leiden,Cholangiocyte,7432
LINC00501,-0.009592320204491469,0.40833641685568084,0.9161767749895979,10.416706,False,lineage_leiden,Cholangiocyte,7432
LINC00504,0.046394346193011,6.305028226269739e-05,0.0007353026161176736,11.797267,False,lineage_leiden,Cholangiocyte,7432
LINC00507,,1.0,1.0,0.0,False,lineage_leiden,Cholangiocyte,7432
LINC00511,-0.019418283887090496,0.09414868036309677,0.3779084239690815,11.652908,False,lineage_leiden,Cholangiocyte,7432
LINC00525,,1.0,1.0,0.0,False,lineage_leiden,Cholangiocyte,7432
LINC00526,0.009428462223087979,0.41639002564072725,0.9213963900716606,1.6459517,False,lineage_leiden,Cholangiocyte,7432
LINC00528,0.08442719275710037,3.095367086808723e-13,1.1130424149649701e-11,1.7435498,False,lineage_leiden,Cholangiocyte,7432
LINC00534,,1.0,1.0,0.0,False,lineage_leiden,Cholangiocyte,7432
LINC00543,0.02934774157330597,0.011401044230348958,0.0751076425251233,10.979218,False,lineage_leiden,Cholangiocyte,7432
LINC00544,0.02934774157330597,0.011401044230348958,0.0751076425251233,10.421852,False,lineage_leiden,Cholangiocyte,7432
LINC00545,-0.027401071395553745,0.01816358164348117,0.1119655068451732,12.483934,False,lineage_leiden,Cholangiocyte,7432
LINC00551,,1.0,1.0,0.0,False,lineage_leiden,Cholangiocyte,7432
LINC00562,0.01542467345635204,0.18364949156439925,0.5221169339117808,11.628641,False,lineage_leiden,Cholangiocyte,7432
LINC00563,0.009604960465203352,0.4077190264867851,0.9161767749895979,11.092526,False,lineage_leiden,Cholangiocyte,7432
LINC00570,,1.0,1.0,0.0,False,lineage_leiden,Cholangiocyte,7432
LINC00571,,1.0,1.0,0.0,False,lineage_leiden,Cholangiocyte,7432
LINC00574,-0.0013254005101946504,0.9090456832728974,1.0,10.698211,False,lineage_leiden,Cholangiocyte,7432
LINC00578,,1.0,1.0,0.0,False,lineage_leiden,Cholangiocyte,7432
LINC00582,0.05873104538535993,4.0483628479240894e-07,6.850464975997037e-06,12.621018,False,lineage_leiden,Cholangiocyte,7432
LINC00592,-0.007587712197904719,0.5130932295813265,1.0,11.249834,False,lineage_leiden,Cholangiocyte,7432
LINC00595,0.04214299910140317,0.00027894058135580587,0.002766962318506442,11.630766,False,lineage_leiden,Cholangiocyte,7432
LINC00598,,1.0,1.0,0.0,False,lineage_leiden,Cholangiocyte,7432
LINC00601,,1.0,1.0,0.0,False,lineage_leiden,Cholangiocyte,7432
LINC00604,,1.0,1.0,0.0,False,lineage_leiden,Cholangiocyte,7432
LINC00607,0.010334566952876293,0.37303266106830246,0.8724313997342684,11.376426,False,lineage_leiden,Cholangiocyte,7432
LINC00608,,1.0,1.0,0.0,False,lineage_leiden,Cholangiocyte,7432
LINC00621,,1.0,1.0,0.0,False,lineage_leiden,Cholangiocyte,7432
LINC00623,0.013108315759402267,0.2585125122407258,0.6740069427907746,11.334869,False,lineage_leiden,Cholangiocyte,7432
LINC00629,,1.0,1.0,0.0,False,lineage_leiden,Cholangiocyte,7432
LINC00630,0.017785419335454064,0.12524446180359475,0.4396878814941086,11.28808,False,lineage_leiden,Cholangiocyte,7432
LINC00632,,1.0,1.0,0.0,False,lineage_leiden,Cholangiocyte,7432
LINC00636,0.016941646585396684,0.14418501791753502,0.4396878814941086,8.562391,False,lineage_leiden,Cholangiocyte,7432
LINC00638,0.007301259355493919,0.5291283656151522,1.0,11.874677,False,lineage_leiden,Cholangiocyte,7432
LINC00639,,1.0,1.0,0.0,False,lineage_leiden,Cholangiocyte,7432
LINC00640,,1.0,1.0,0.0,False,lineage_leiden,Cholangiocyte,7432
LINC00642,0.016941646585396684,0.14418501791753502,0.4396878814941086,8.227115,False,lineage_leiden,Cholangiocyte,7432
LINC00648,-0.028159797551865807,0.015194805807040893,0.09641998096673744,12.170797,False,lineage_leiden,Cholangiocyte,7432
LINC00649,0.019953816025092865,0.08541764995834165,0.36492788076261806,13.217771,False,lineage_leiden,Cholangiocyte,7432
LINC00654,0.02133852123525751,0.0658455566902482,0.3071606239118065,11.076176,False,lineage_leiden,Cholangiocyte,7432
LINC00656,0.019165844466010638,0.09850539698638247,0.38931257270058867,12.161293,False,lineage_leiden,Cholangiocyte,7432
LINC00659,-0.0052201076063414465,0.6527480236109443,1.0,11.162428,False,lineage_leiden,Cholangiocyte,7432
LINC00662,0.03796343880446006,0.0010625394858887276,0.00975501676938268,0.98720074,False,lineage_leiden,Cholangiocyte,7432
LINC00663,0.029466544153189084,0.01107235268420631,0.0751076425251233,10.936577,False,lineage_leiden,Cholangiocyte,7432
LINC00664,0.026651879382913246,0.021581444531002046,0.12834036292752404,11.021332,False,lineage_leiden,Cholangiocyte,7432
LINC00665,0.0780211337180483,1.636319055006037e-11,5.230160535074852e-10,14.037418,False,lineage_leiden,Cholangiocyte,7432
LINC00667,0.08704469955794823,5.602642348351665e-14,2.6861557481263817e-12,0.7462113,False,lineage_leiden,Cholangiocyte,7432
LINC00671,-0.004894020846870669,0.6731414871557244,1.0,11.625937,False,lineage_leiden,Cholangiocyte,7432
LINC00677,-0.015611313907762615,0.1784018237512157,0.5175008387886486,10.905992,False,lineage_leiden,Cholangiocyte,7432
LINC00678,,1.0,1.0,0.0,False,lineage_leiden,Cholangiocyte,7432
LINC00682,-0.009072205694674366,0.43422000648384984,0.9535161974441791,10.561846,False,lineage_leiden,Cholangiocyte,7432
LINC00683,-0.00024651260621539787,0.9830477902550174,1.0,10.6876955,False,lineage_leiden,Cholangiocyte,7432
LINC00685,0.04405387130143706,0.00014525307183361542,0.0015475728517581494,1.870893,False,lineage_leiden,Cholangiocyte,7432
LINC00686,-0.013720994961487048,0.2369159238909034,0.6328545889211311,10.911601,False,lineage_leiden,Cholangiocyte,7432
LINC00687,,1.0,1.0,0.0,False,lineage_leiden,Cholangiocyte,7432
LINC00691,,1.0,1.0,0.0,False,lineage_leiden,Cholangiocyte,7432
LINC00692,,1.0,1.0,0.0,False,lineage_leiden,Cholangiocyte,7432
LINC00702,-0.014192082900686475,0.22120063768804007,0.6021960578068725,10.554329,False,lineage_leiden,Cholangiocyte,7432
LINC00707,,1.0,1.0,0.0,False,lineage_leiden,Cholangiocyte,7432
LINC00838,,1.0,1.0,0.0,False,lineage_leiden,Cholangiocyte,7432
LINC00839,,1.0,1.0,0.0,False,lineage_leiden,Cholangiocyte,7432
LINC00842,,1.0,1.0,0.0,False,lineage_leiden,Cholangiocyte,7432
LINC00844,0.012799208167244959,0.269911170830519,0.6921893625316825,10.93601,False,lineage_leiden,Cholangiocyte,7432
LINC00847,0.025506899859329035,0.027884079375420805,0.15936397682773612,1.3618281,False,lineage_leiden,Cholangiocyte,7432
LINC00852,0.008998713894630398,0.43795225869683846,0.9568425297604344,12.2188015,False,lineage_leiden,Cholangiocyte,7432
LINC00853,0.0537902160462572,3.4877626548900073e-06,5.3748913770894225e-05,12.530819,False,lineage_leiden,Cholangiocyte,7432
LINC00861,-0.023316980872266083,0.044423794340017315,0.2241972778680406,13.363232,False,lineage_leiden,Cholangiocyte,7432
LINC00862,,1.0,1.0,0.0,False,lineage_leiden,Cholangiocyte,7432
LINC00863,-0.00954104907542097,0.4108463637554744,0.9161767749895979,4.056771,False,lineage_leiden,Cholangiocyte,7432
LINC00865,0.05873104538535993,4.0483628479240894e-07,6.850464975997037e-06,12.690792,False,lineage_leiden,Cholangiocyte,7432
LINC00867,0.016941646585396684,0.14418501791753502,0.4396878814941086,8.968313,False,lineage_leiden,Cholangiocyte,7432
LINC00868,,1.0,1.0,0.0,False,lineage_leiden,Cholangiocyte,7432
LINC00869,-0.015243147639275206,0.1888621745891953,0.5315570522407638,10.682712,False,lineage_leiden,Cholangiocyte,7432
LINC00870,,1.0,1.0,0.0,False,lineage_leiden,Cholangiocyte,7432
LINC00871,,1.0,1.0,0.0,False,lineage_leiden,Cholangiocyte,7432
LINC00877,0.07448280812707675,1.2849433198214818e-10,3.465331515643559e-09,1.007359,False,lineage_leiden,Cholangiocyte,7432
LINC00880,,1.0,1.0,0.0,False,lineage_leiden,Cholangiocyte,7432
LINC00881,,1.0,1.0,0.0,False,lineage_leiden,Cholangiocyte,7432
LINC00882,0.1679393875641935,3.814274882517817e-48,8.22929805903219e-46,15.762184,False,lineage_leiden,Cholangiocyte,7432
LINC00885,0.043152342180337235,0.00019825482942740117,0.0020368323547124666,12.043428,False,lineage_leiden,Cholangiocyte,7432
LINC00886,0.02166929951565955,0.06176279826857722,0.29286425772407765,11.756179,False,lineage_leiden,Cholangiocyte,7432
LINC00887,0.02934774157330597,0.011401044230348958,0.0751076425251233,10.898015,False,lineage_leiden,Cholangiocyte,7432
LINC00896,0.017733241429793666,0.1263564651129147,0.4396878814941086,11.2223425,False,lineage_leiden,Cholangiocyte,7432
LINC00900,-0.010014776304269122,0.388005108954259,0.8929290907400681,3.0583196,False,lineage_leiden,Cholangiocyte,7432
LINC00907,,1.0,1.0,0.0,False,lineage_leiden,Cholangiocyte,7432
LINC00910,0.052819925961080046,5.214438687011181e-06,7.627221333712964e-05,1.0393758,False,lineage_leiden,Cholangiocyte,7432
LINC00920,-0.0021419766728652465,0.853521668385832,1.0,2.0539465,False,lineage_leiden,Cholangiocyte,7432
LINC00923,0.02396071842089282,0.038868172896132286,0.20085768388839617,9.9699745,False,lineage_leiden,Cholangiocyte,7432
LINC00924,0.008948853074454371,0.44049489012183074,0.9575493455293197,10.814543,False,lineage_leiden,Cholangiocyte,7432
LINC00926,0.03946853760319992,0.0006657744200386144,0.006178100263369078,12.198977,False,lineage_leiden,Cholangiocyte,7432
LINC00929,-0.03268097586879282,0.004837281806223207,0.03829884586028099,13.047472,False,lineage_leiden,Cholangiocyte,7432
LINC00937,0.012085635456706292,0.29752578231121374,0.7358358756530685,3.7164903,False,lineage_leiden,Cholangiocyte,7432
LINC00938,0.06880330565937996,2.893896009963096e-09,6.403672452815774e-08,1.6411619,False,lineage_leiden,Cholangiocyte,7432
LINC00939,,1.0,1.0,0.0,False,lineage_leiden,Cholangiocyte,7432
LINC00940,,1.0,1.0,0.0,False,lineage_leiden,Cholangiocyte,7432
LINC00941,-0.018889367067472188,0.10346007898935948,0.4003858662233956,11.100489,False,lineage_leiden,Cholangiocyte,7432
LINC00943,,1.0,1.0,0.0,False,lineage_leiden,Cholangiocyte,7432
LINC00944,0.015600718949332487,0.17869669751913939,0.5175008387886486,12.12002,False,lineage_leiden,Cholangiocyte,7432
LINC00951,,1.0,1.0,0.0,False,lineage_leiden,Cholangiocyte,7432
LINC00954,0.004730069980189237,0.6834876801345685,1.0,1.7543707,False,lineage_leiden,Cholangiocyte,7432
LINC00957,0.014575482888087441,0.20897319746388984,0.5752451705863884,3.3369074,False,lineage_leiden,Cholangiocyte,7432
LINC00958,0.013623420487531498,0.24026725352663866,0.6380019685953513,10.928303,False,lineage_leiden,Cholangiocyte,7432
LINC00960,0.004087199499984392,0.7246164505833445,1.0,10.829835,False,lineage_leiden,Cholangiocyte,7432
LINC00964,0.011813642590168682,0.30853203133192103,0.7607518372555653,11.117169,False,lineage_leiden,Cholangiocyte,7432
LINC00968,-0.020784065130686216,0.07318638692624575,0.32725311874274654,14.076611,False,lineage_leiden,Cholangiocyte,7432
LINC00970,,1.0,1.0,0.0,False,lineage_leiden,Cholangiocyte,7432
LINC00971,-0.005291217038348366,0.6483344285777013,1.0,11.082146,False,lineage_leiden,Cholangiocyte,7432
LINC00987,-0.050304088839458395,1.4333779924664241e-05,0.0001954952982798246,15.255762,False,lineage_leiden,Cholangiocyte,7432
LINC00989,,1.0,1.0,0.0,False,lineage_leiden,Cholangiocyte,7432
LINC00992,-0.019669538832197842,0.08996714997658499,0.3697221449037755,11.1824875,False,lineage_leiden,Cholangiocyte,7432
LINC00996,-0.018084886886743024,0.11900913233900921,0.4396878814941086,13.687586,False,lineage_leiden,Cholangiocyte,7432
LINC01001,-0.006129777793433431,0.5972506144709395,1.0,13.187546,False,lineage_leiden,Cholangiocyte,7432
LINC01003,0.0315040598482268,0.0066045521203786225,0.05044007504324559,0.7641473,False,lineage_leiden,Cholangiocyte,7432
LINC01004,0.01632665510261182,0.1593199417876585,0.4790700688597536,12.980183,False,lineage_leiden,Cholangiocyte,7432
LINC01010,0.08586419300211973,1.2188067473069538e-13,5.259151114629505e-12,13.9839,False,lineage_leiden,Cholangiocyte,7432
LINC01011,0.01816409319467631,0.11740131073805261,0.4396878814941086,2.0799837,False,lineage_leiden,Cholangiocyte,7432
LINC01013,-0.012550471479076244,0.2793303788075134,0.706927029064176,10.553259,False,lineage_leiden,Cholangiocyte,7432
LINC01018,,1.0,1.0,0.0,False,lineage_leiden,Cholangiocyte,7432
LINC01023,-0.052510118801482354,5.920446773072944e-06,8.515575941936585e-05,15.4398155,False,lineage_leiden,Cholangiocyte,7432
LINC01030,-0.012278147112337231,0.28989625931668683,0.7251607877979731,10.46794,False,lineage_leiden,Cholangiocyte,7432
LINC01031,,1.0,1.0,0.0,False,lineage_leiden,Cholangiocyte,7432
LINC01036,,1.0,1.0,0.0,False,lineage_leiden,Cholangiocyte,7432
LINC01048,,1.0,1.0,0.0,False,lineage_leiden,Cholangiocyte,7432
LINC01050,,1.0,1.0,0.0,False,lineage_leiden,Cholangiocyte,7432
LINC01054,,1.0,1.0,0.0,False,lineage_leiden,Cholangiocyte,7432
LINC01058,,1.0,1.0,0.0,False,lineage_leiden,Cholangiocyte,7432
LINC01063,0.047972027370127304,3.514025439861669e-05,0.00043322913637151714,2.8779125,False,lineage_leiden,Cholangiocyte,7432
LINC01068,,1.0,1.0,0.0,False,lineage_leiden,Cholangiocyte,7432
LINC01072,,1.0,1.0,0.0,False,lineage_leiden,Cholangiocyte,7432
LINC01085,0.016941646585396684,0.14418501791753502,0.4396878814941086,8.701697,False,lineage_leiden,Cholangiocyte,7432
LINC01087,,1.0,1.0,0.0,False,lineage_leiden,Cholangiocyte,7432
LINC01088,-0.012740096560780395,0.272129642788323,0.6948162181252153,10.858041,False,lineage_leiden,Cholangiocyte,7432
LINC01090,,1.0,1.0,0.0,False,lineage_leiden,Cholangiocyte,7432
LINC01091,,1.0,1.0,0.0,False,lineage_leiden,Cholangiocyte,7432
LINC01093,-0.012458367867962799,0.2828742033369992,0.711721392069476,11.039993,False,lineage_leiden,Cholangiocyte,7432
LINC01094,-0.006388857045028715,0.5818460215608094,1.0,12.505451,False,lineage_leiden,Cholangiocyte,7432
LINC01095,0.04444878808634584,0.000126519153271947,0.001364825365921128,13.163631,False,lineage_leiden,Cholangiocyte,7432
LINC01099,,1.0,1.0,0.0,False,lineage_leiden,Cholangiocyte,7432
LINC01102,0.016941646585396684,0.14418501791753502,0.4396878814941086,8.43729,False,lineage_leiden,Cholangiocyte,7432
LINC01104,-0.011758952216067568,0.31077718771743534,0.7631562747437833,10.553259,False,lineage_leiden,Cholangiocyte,7432
LINC01106,0.02934774157330597,0.011401044230348958,0.0751076425251233,10.346352,False,lineage_leiden,Cholangiocyte,7432
LINC01111,,1.0,1.0,0.0,False,lineage_leiden,Cholangiocyte,7432
LINC01114,,1.0,1.0,0.0,False,lineage_leiden,Cholangiocyte,7432
LINC01115,,1.0,1.0,0.0,False,lineage_leiden,Cholangiocyte,7432
LINC01116,0.01704437453178706,0.14176801146563342,0.4396878814941086,1.4380832,False,lineage_leiden,Cholangiocyte,7432
LINC01117,,1.0,1.0,0.0,False,lineage_leiden,Cholangiocyte,7432
LINC01118,0.0008148351876378637,0.9440071249753204,1.0,10.6154585,False,lineage_leiden,Cholangiocyte,7432
LINC01119,-0.0022942826067019182,0.8432368249512878,1.0,11.875088,False,lineage_leiden,Cholangiocyte,7432
LINC01122,,1.0,1.0,0.0,False,lineage_leiden,Cholangiocyte,7432
LINC01123,,1.0,1.0,0.0,False,lineage_leiden,Cholangiocyte,7432
LINC01124,,1.0,1.0,0.0,False,lineage_leiden,Cholangiocyte,7432
LINC01132,-0.019869999632856516,0.08673927130506869,0.3666009688258913,10.530819,False,lineage_leiden,Cholangiocyte,7432
LINC01133,,1.0,1.0,0.0,False,lineage_leiden,Cholangiocyte,7432
LINC01134,0.014120405242875871,0.22354235082644314,0.6066573860478629,12.263363,False,lineage_leiden,Cholangiocyte,7432
LINC01135,0.009589633351411076,0.4084677229764597,0.9161767749895979,10.651891,False,lineage_leiden,Cholangiocyte,7432
LINC01138,0.006471633145588851,0.5769636632699567,1.0,10.70015,False,lineage_leiden,Cholangiocyte,7432
LINC01140,-0.01980498531912938,0.08777574745681305,0.36772072842344494,11.027916,False,lineage_leiden,Cholangiocyte,7432
LINC01149,,1.0,1.0,0.0,False,lineage_leiden,Cholangiocyte,7432
LINC01150,,1.0,1.0,0.0,False,lineage_leiden,Cholangiocyte,7432
LINC01151,,1.0,1.0,0.0,False,lineage_leiden,Cholangiocyte,7432
LINC01152,,1.0,1.0,0.0,False,lineage_leiden,Cholangiocyte,7432
LINC01160,0.012095371282986279,0.29713674515002714,0.7358358756530685,10.130597,False,lineage_leiden,Cholangiocyte,7432
LINC01166,,1.0,1.0,0.0,False,lineage_leiden,Cholangiocyte,7432
LIPE-AS1,0.04751657436837068,4.167635235211072e-05,0.0004926944120530349,0.9078822,False,lineage_leiden,Cholangiocyte,7432
LL22NC03-63E9.3,,1.0,1.0,0.0,False,lineage_leiden,Cholangiocyte,7432
LMCD1-AS1,0.005241771103929155,0.6514021244340298,1.0,10.496851,False,lineage_leiden,Cholangiocyte,7432
LMLN-AS1,,1.0,1.0,0.0,False,lineage_leiden,Cholangiocyte,7432
LOH12CR2,0.02407344042373682,0.037958736405544605,0.20085768388839617,2.092545,False,lineage_leiden,Cholangiocyte,7432
LOXL1-AS1,0.016941646585396684,0.14418501791753502,0.4396878814941086,9.220569,False,lineage_leiden,Cholangiocyte,7432
LPP-AS1,,1.0,1.0,0.0,False,lineage_leiden,Cholangiocyte,7432
LPP-AS2,0.02751160510320493,0.017701705454798173,0.10990339429849512,1.4049911,False,lineage_leiden,Cholangiocyte,7432
LRP4-AS1,,1.0,1.0,0.0,False,lineage_leiden,Cholangiocyte,7432
LUCAT1,0.00957828458622972,0.4090226127581229,0.9161767749895979,1.7380977,False,lineage_leiden,Cholangiocyte,7432
LY86-AS1,0.009646498799264085,0.40569408370261406,0.9161767749895979,10.523159,False,lineage_leiden,Cholangiocyte,7432
MAFG-AS1,0.02396071842089282,0.038868172896132286,0.20085768388839617,10.253324,False,lineage_leiden,Cholangiocyte,7432
MALAT1,-0.1814106938197375,5.1980534990325595e-56,1.4953067232216997e-53,0.12479854,False,lineage_leiden,Cholangiocyte,7432
MAMDC2-AS1,-0.009629291201555125,0.40653220321762884,0.9161767749895979,10.388359,False,lineage_leiden,Cholangiocyte,7432
MAP3K14-AS1,0.016941646585396684,0.14418501791753502,0.4396878814941086,8.607686,False,lineage_leiden,Cholangiocyte,7432
MAPKAPK5-AS1,0.0495943100320107,1.890963328034943e-05,0.00024725778062032665,0.77305794,False,lineage_leiden,Cholangiocyte,7432
MAST4-AS1,0.016941646585396684,0.14418501791753502,0.4396878814941086,8.792598,False,lineage_leiden,Cholangiocyte,7432
MATN1-AS1,0.020732559132725394,0.07390102783794408,0.3287452939388956,3.013884,False,lineage_leiden,Cholangiocyte,7432
MBNL1-AS1,0.0062821468053952355,0.5881684111799388,1.0,1.0032883,False,lineage_leiden,Cholangiocyte,7432
MCCC1-AS1,,1.0,1.0,0.0,False,lineage_leiden,Cholangiocyte,7432
MCF2L-AS1,0.03007117419640868,0.009526525215387157,0.0685115938406593,11.433915,False,lineage_leiden,Cholangiocyte,7432
MCM3AP-AS1,0.045099427344506754,0.00010053228931694577,0.0011267450088379768,12.867516,False,lineage_leiden,Cholangiocyte,7432
MDC1-AS1,,1.0,1.0,0.0,False,lineage_leiden,Cholangiocyte,7432
MDS2,,1.0,1.0,0.0,False,lineage_leiden,Cholangiocyte,7432
MED4-AS1,-0.011423556707805853,0.32478106976484866,0.782921964265543,10.727948,False,lineage_leiden,Cholangiocyte,7432
MEF2C-AS1,0.013510914597324574,0.24417271401378798,0.6444068874431164,12.401059,False,lineage_leiden,Cholangiocyte,7432
MEG3,-0.04578966742275087,7.851413691870034e-05,0.0009034360021445119,2.0994852,False,lineage_leiden,Cholangiocyte,7432
MEG8,-0.009290913011056378,0.42322235329595703,0.9317369665673748,11.490058,False,lineage_leiden,Cholangiocyte,7432
MEG9,-0.000830080851007053,0.9429612613047658,1.0,11.21117,False,lineage_leiden,Cholangiocyte,7432
MEIS1-AS2,,1.0,1.0,0.0,False,lineage_leiden,Cholangiocyte,7432
MIAT,-0.00463888228156333,0.6892680984556485,1.0,12.936132,False,lineage_leiden,Cholangiocyte,7432
MID1IP1-AS1,0.003247865206156621,0.7795166253144284,1.0,11.206933,False,lineage_leiden,Cholangiocyte,7432
MIMT1,,1.0,1.0,0.0,False,lineage_leiden,Cholangiocyte,7432
MIR155HG,0.07581351964305232,5.984218629929822e-11,1.7214602258764788e-09,14.782108,False,lineage_leiden,Cholangiocyte,7432
MIR181A1HG,0.18789934591174415,4.988028644933702e-60,2.1523343602888924e-57,1.6216804,False,lineage_leiden,Cholangiocyte,7432
MIR181A2HG,,1.0,1.0,0.0,False,lineage_leiden,Cholangiocyte,7432
MIR202HG,-0.06500375447235517,2.0361465766172723e-08,3.993623853683423e-07,14.917308,False,lineage_leiden,Cholangiocyte,7432
MIR210HG,-0.002990664157787619,0.796577070982428,1.0,10.744201,False,lineage_leiden,Cholangiocyte,7432
MIR22HG,0.03513697357939912,0.0024491758012471485,0.020927116004715734,0.7858012,False,lineage_leiden,Cholangiocyte,7432
MIR4458HG,0.09747438775262605,3.706766021224856e-17,2.4607223663977312e-15,2.619203,False,lineage_leiden,Cholangiocyte,7432
MIR4500HG,,1.0,1.0,0.0,False,lineage_leiden,Cholangiocyte,7432
MIR497HG,-0.012560056821307434,0.2789633099745616,0.706927029064176,10.609838,False,lineage_leiden,Cholangiocyte,7432
MIR503HG,0.0156149285139875,0.17830130663709326,0.5175008387886486,12.102457,False,lineage_leiden,Cholangiocyte,7432
MIS18A-AS1,0.017096678667534976,0.14054940408894415,0.4396878814941086,12.04372,False,lineage_leiden,Cholangiocyte,7432
MKNK1-AS1,,1.0,1.0,0.0,False,lineage_leiden,Cholangiocyte,7432
MNX1-AS1,,1.0,1.0,0.0,False,lineage_leiden,Cholangiocyte,7432
MNX1-AS2,,1.0,1.0,0.0,False,lineage_leiden,Cholangiocyte,7432
MORC2-AS1,0.03296110941327681,0.004485399146615466,0.0361766305002724,1.6984172,False,lineage_leiden,Cholangiocyte,7432
MORF4L2-AS1,0.021055334073187923,0.06951527531559082,0.31574569788081513,11.588122,False,lineage_leiden,Cholangiocyte,7432
MPRIP-AS1,0.05733750263932752,7.565703412542944e-07,1.2556157778893386e-05,2.9031277,False,lineage_leiden,Cholangiocyte,7432
MRPL23-AS1,,1.0,1.0,0.0,False,lineage_leiden,Cholangiocyte,7432
MTUS2-AS1,,1.0,1.0,0.0,False,lineage_leiden,Cholangiocyte,7432
MYCBP2-AS1,,1.0,1.0,0.0,False,lineage_leiden,Cholangiocyte,7432
MYLK-AS1,0.007949123589535954,0.4932291219295459,1.0,13.0215435,False,lineage_leiden,Cholangiocyte,7432
NAALADL2-AS2,,1.0,1.0,0.0,False,lineage_leiden,Cholangiocyte,7432
NALCN-AS1,,1.0,1.0,0.0,False,lineage_leiden,Cholangiocyte,7432
NAPA-AS1,0.024684767579480432,0.033335707038555096,0.18441484086072468,1.2541819,False,lineage_leiden,Cholangiocyte,7432
NAV2-AS2,-0.0038168820017307203,0.7421590022685122,1.0,10.642436,False,lineage_leiden,Cholangiocyte,7432
NAV2-AS3,,1.0,1.0,0.0,False,lineage_leiden,Cholangiocyte,7432
NCAM1-AS1,,1.0,1.0,0.0,False,lineage_leiden,Cholangiocyte,7432
NCBP2-AS1,-0.020111435496758374,0.08297640223322865,0.3625871503879548,11.690001,False,lineage_leiden,Cholangiocyte,7432
NDUFB2-AS1,0.010992702730258498,0.3433638548168927,0.8208393537589429,12.7579365,False,lineage_leiden,Cholangiocyte,7432
NEAT1,-0.06364792224276496,3.981456896536237e-08,7.310632556831431e-07,0.2959144,False,lineage_leiden,Cholangiocyte,7432
NEBL-AS1,,1.0,1.0,0.0,False,lineage_leiden,Cholangiocyte,7432
NEXN-AS1,0.008962141759825574,0.43981641332437194,0.9575493455293197,10.175392,False,lineage_leiden,Cholangiocyte,7432
NFE4,0.016941646585396684,0.14418501791753502,0.4396878814941086,9.348811,False,lineage_leiden,Cholangiocyte,7432
NFYC-AS1,0.011746841991098489,0.31127579224775404,0.7631562747437833,1.5869393,False,lineage_leiden,Cholangiocyte,7432
NIFK-AS1,-0.0024096415073404237,0.8354645757221708,1.0,2.2576623,False,lineage_leiden,Cholangiocyte,7432
NNT-AS1,0.08014408351867394,4.544753650296369e-12,1.5688489600823064e-10,1.8686018,False,lineage_leiden,Cholangiocyte,7432
NOP14-AS1,0.026448474279041585,0.02260098115965401,0.132684671705996,1.4694948,False,lineage_leiden,Cholangiocyte,7432
NPHP3-AS1,-0.0022402848938476265,0.8468801945454535,1.0,10.203682,False,lineage_leiden,Cholangiocyte,7432
NR2F2-AS1,,1.0,1.0,0.0,False,lineage_leiden,Cholangiocyte,7432
NUCB1-AS1,,1.0,1.0,0.0,False,lineage_leiden,Cholangiocyte,7432
NUTM2A-AS1,0.08642677562835638,8.426363575527763e-14,3.827343034568663e-12,0.9422953,False,lineage_leiden,Cholangiocyte,7432
NXF5,,1.0,1.0,0.0,False,lineage_leiden,Cholangiocyte,7432
ODF2-AS1,,1.0,1.0,0.0,False,lineage_leiden,Cholangiocyte,7432
OGFR-AS1,0.005371807671704768,0.6433472561783324,1.0,10.9206505,False,lineage_leiden,Cholangiocyte,7432
OPA1-AS1,,1.0,1.0,0.0,False,lineage_leiden,Cholangiocyte,7432
OR2A1-AS1,0.009502054889249476,0.41276141881180844,0.9180750114293574,11.712474,False,lineage_leiden,Cholangiocyte,7432
OSBPL10-AS1,,1.0,1.0,0.0,False,lineage_leiden,Cholangiocyte,7432
OSGEPL1-AS1,0.02598447745368468,0.025084530246447922,0.14528825236701046,12.147036,False,lineage_leiden,Cholangiocyte,7432
OSTN-AS1,,1.0,1.0,0.0,False,lineage_leiden,Cholangiocyte,7432
OTX2-AS1,,1.0,1.0,0.0,False,lineage_leiden,Cholangiocyte,7432
OVCH1-AS1,0.009558913818931975,0.4099707680550508,0.9161767749895979,1.523459,False,lineage_leiden,Cholangiocyte,7432
PAN3-AS1,0.03701805299738819,0.001413655801513971,0.01270817663235997,12.632416,False,lineage_leiden,Cholangiocyte,7432
PAPPA-AS1,,1.0,1.0,0.0,False,lineage_leiden,Cholangiocyte,7432
PART1,-0.013985991020643641,0.2279813547697704,0.6110183514481735,11.865534,False,lineage_leiden,Cholangiocyte,7432
PAXBP1-AS1,-0.009910206177596824,0.39297938552063666,0.9019713024050783,2.035842,False,lineage_leiden,Cholangiocyte,7432
PAXIP1-AS2,0.021429044427471497,0.06470673114682945,0.30348863575931423,1.2335777,False,lineage_leiden,Cholangiocyte,7432
PCA3,,1.0,1.0,0.0,False,lineage_leiden,Cholangiocyte,7432
PCAT1,0.018406555560417207,0.11258533443007737,0.42991656465998573,10.827573,False,lineage_leiden,Cholangiocyte,7432
PCAT6,-0.01830834860560693,0.11451689363727324,0.4341923941099732,12.471453,False,lineage_leiden,Cholangiocyte,7432
PCAT7,-0.011574636094733061,0.3184229429024629,0.7740816893657056,11.197868,False,lineage_leiden,Cholangiocyte,7432
PCBP1-AS1,0.041629330356067404,0.00033096050441062426,0.0032456694921178266,0.9266877,False,lineage_leiden,Cholangiocyte,7432
PCCA-AS1,,1.0,1.0,0.0,False,lineage_leiden,Cholangiocyte,7432
PCDH9-AS1,-0.018233806070723547,0.11600034696400878,0.43715414598226887,11.078486,False,lineage_leiden,Cholangiocyte,7432
PCOLCE-AS1,-0.008617105498584401,0.457626210720276,0.9824164672925327,10.94755,False,lineage_leiden,Cholangiocyte,7432
PDCD4-AS1,0.05132798155869303,9.550390501571897e-06,0.0001351145410304352,1.0358443,False,lineage_leiden,Cholangiocyte,7432
PEX5L-AS1,,1.0,1.0,0.0,False,lineage_leiden,Cholangiocyte,7432
PGM5-AS1,,1.0,1.0,0.0,False,lineage_leiden,Cholangiocyte,7432
PHKA2-AS1,,1.0,1.0,0.0,False,lineage_leiden,Cholangiocyte,7432
PINK1-AS,0.010056649829463988,0.3860240380051242,0.8907453069476529,1.3740163,False,lineage_leiden,Cholangiocyte,7432
PITPNA-AS1,-0.0030470232337155585,0.7928300718870888,1.0,1.731988,False,lineage_leiden,Cholangiocyte,7432
PLCXD2-AS1,,1.0,1.0,0.0,False,lineage_leiden,Cholangiocyte,7432
PLS1-AS1,-0.014246261495459088,0.2194423223415027,0.5992997600655595,10.982675,False,lineage_leiden,Cholangiocyte,7432
POT1-AS1,-0.011718704291527717,0.3124363186731936,0.7638315666146348,11.037793,False,lineage_leiden,Cholangiocyte,7432
POU6F2-AS1,,1.0,1.0,0.0,False,lineage_leiden,Cholangiocyte,7432
PPP1R26-AS1,-0.009727883045261176,0.40174415678994807,0.9161767749895979,12.379965,False,lineage_leiden,Cholangiocyte,7432
PRC1-AS1,-0.019734553145924982,0.08890984344648872,0.3689382215918932,10.793778,False,lineage_leiden,Cholangiocyte,7432
PRICKLE2-AS3,,1.0,1.0,0.0,False,lineage_leiden,Cholangiocyte,7432
PRKAG2-AS1,-0.006229014943516462,0.5913281718176273,1.0,1.1089151,False,lineage_leiden,Cholangiocyte,7432
PRKAR2A-AS1,0.02159459773830086,0.06266603380674302,0.29552342718699026,12.642208,False,lineage_leiden,Cholangiocyte,7432
PRKCQ-AS1,0.0907093162600645,4.695744670172845e-15,2.532767281474478e-13,14.778633,False,lineage_leiden,Cholangiocyte,7432
PRKG1-AS1,,1.0,1.0,0.0,False,lineage_leiden,Cholangiocyte,7432
PRKX-AS1,,1.0,1.0,0.0,False,lineage_leiden,Cholangiocyte,7432
PRMT5-AS1,0.02283806215609126,0.048979142086935844,0.24016477057400928,11.05218,False,lineage_leiden,Cholangiocyte,7432
PROSER2-AS1,,1.0,1.0,0.0,False,lineage_leiden,Cholangiocyte,7432
PROX1-AS1,,1.0,1.0,0.0,False,lineage_leiden,Cholangiocyte,7432
PRR7-AS1,0.022211639251771196,0.05552332252159311,0.270715408678728,12.178172,False,lineage_leiden,Cholangiocyte,7432
PRRT3-AS1,-0.011081936284934263,0.3394604813878635,0.8137622095492394,11.194009,False,lineage_leiden,Cholangiocyte,7432
PSMD6-AS2,0.028059870289819974,0.015559642061901975,0.09801438758701754,12.859306,False,lineage_leiden,Cholangiocyte,7432
PSMG3-AS1,-0.018767655504670234,0.10570310907572528,0.4072401032694237,3.7002234,False,lineage_leiden,Cholangiocyte,7432
PTCSC3,,1.0,1.0,0.0,False,lineage_leiden,Cholangiocyte,7432
PTOV1-AS1,0.07485598171284434,1.0384594232359646e-10,2.890937039524637e-09,13.814337,False,lineage_leiden,Cholangiocyte,7432
PWRN1,,1.0,1.0,0.0,False,lineage_leiden,Cholangiocyte,7432
PXN-AS1,0.06383809878640773,3.626972839338276e-08,6.804516435541156e-07,13.697485,False,lineage_leiden,Cholangiocyte,7432
RAB11B-AS1,0.03052965755966587,0.008485800463173092,0.06206140508235913,1.1894798,False,lineage_leiden,Cholangiocyte,7432
RAD21-AS1,-0.020850388126322325,0.0722744974345631,0.3248588087813956,11.211521,False,lineage_leiden,Cholangiocyte,7432
RAI1-AS1,,1.0,1.0,0.0,False,lineage_leiden,Cholangiocyte,7432
RAMP2-AS1,0.0125022330925472,0.2811826413726006,0.7095339751595154,11.125217,False,lineage_leiden,Cholangiocyte,7432
RAP2C-AS1,0.005716674182248375,0.6221891234950941,1.0,14.129027,False,lineage_leiden,Cholangiocyte,7432
RASAL2-AS1,-0.0064999453262481995,0.5752981758399847,1.0,10.832782,False,lineage_leiden,Cholangiocyte,7432
RASSF8-AS1,0.07803192970237639,1.6258312796253785e-11,5.230160535074852e-10,13.568324,False,lineage_leiden,Cholangiocyte,7432
RBM26-AS1,0.0026364749172369077,0.8202292278203812,1.0,2.5272183,False,lineage_leiden,Cholangiocyte,7432
RBMS3-AS2,,1.0,1.0,0.0,False,lineage_leiden,Cholangiocyte,7432
RBMS3-AS3,0.016941646585396684,0.14418501791753502,0.4396878814941086,8.897316,False,lineage_leiden,Cholangiocyte,7432
RBPMS-AS1,,1.0,1.0,0.0,False,lineage_leiden,Cholangiocyte,7432
RFPL1S,0.0040229569483250655,0.7287728646731478,1.0,12.948789,False,lineage_leiden,Cholangiocyte,7432
RFPL3S,0.0005336591585102568,0.9633114351457196,1.0,11.153457,False,lineage_leiden,Cholangiocyte,7432
RGMB-AS1,,1.0,1.0,0.0,False,lineage_leiden,Cholangiocyte,7432
RGPD4-AS1,-0.01955576378317535,0.09184176519895815,0.3756371723540326,10.060884,False,lineage_leiden,Cholangiocyte,7432
RHPN1-AS1,0.03389013329047052,0.0034780940888403363,0.028861492294896252,10.9907,False,lineage_leiden,Cholangiocyte,7432
RMDN2-AS1,,1.0,1.0,0.0,False,lineage_leiden,Cholangiocyte,7432
RN7SL832P,0.007257263719131768,0.5316135554308353,1.0,3.196157,False,lineage_leiden,Cholangiocyte,7432
RNASEH2B-AS1,-0.00943477940098181,0.41607781040064545,0.9213963900716606,11.414795,False,lineage_leiden,Cholangiocyte,7432
RNF157-AS1,,1.0,1.0,0.0,False,lineage_leiden,Cholangiocyte,7432
RNF185-AS1,,1.0,1.0,0.0,False,lineage_leiden,Cholangiocyte,7432
RNU6ATAC35P,,1.0,1.0,0.0,False,lineage_leiden,Cholangiocyte,7432
RRM1-AS1,0.016941646585396684,0.14418501791753502,0.4396878814941086,8.219347,False,lineage_leiden,Cholangiocyte,7432
RUSC1-AS1,0.0088276981465902,0.4467082735510419,0.9637731001863729,12.59972,False,lineage_leiden,Cholangiocyte,7432
RUVBL1-AS1,,1.0,1.0,0.0,False,lineage_leiden,Cholangiocyte,7432
SAMSN1-AS1,-0.00018463934548181436,0.9873022790635829,1.0,11.014966,False,lineage_leiden,Cholangiocyte,7432
SAP30L-AS1,0.016941646585396684,0.14418501791753502,0.4396878814941086,8.554135,False,lineage_leiden,Cholangiocyte,7432
SAPCD1-AS1,,1.0,1.0,0.0,False,lineage_leiden,Cholangiocyte,7432
SBF2-AS1,0.023817654883334916,0.04004899388610278,0.20451054274382663,12.389981,False,lineage_leiden,Cholangiocyte,7432
SCARNA9,,1.0,1.0,0.0,False,lineage_leiden,Cholangiocyte,7432
SCGB1B2P,0.0024028206781654712,0.8359236870247915,1.0,11.20401,False,lineage_leiden,Cholangiocyte,7432
SDCBP2-AS1,-0.014822937060935583,0.2013458628446092,0.5605209020480573,2.3172364,False,lineage_leiden,Cholangiocyte,7432
SEC24B-AS1,0.017077171850752807,0.14100293831000724,0.4396878814941086,12.821781,False,lineage_leiden,Cholangiocyte,7432
SEC62-AS1,,1.0,1.0,0.0,False,lineage_leiden,Cholangiocyte,7432
SEMA3B-AS1,,1.0,1.0,0.0,False,lineage_leiden,Cholangiocyte,7432
SENCR,0.19823659196311105,9.666235739955618e-67,8.341961443581699e-64,3.2174804,False,lineage_leiden,Cholangiocyte,7432
SERTAD4-AS1,-0.01221456419148603,0.29240144533511786,0.7293134315728518,11.040269,False,lineage_leiden,Cholangiocyte,7432
SFTA1P,,1.0,1.0,0.0,False,lineage_leiden,Cholangiocyte,7432
SFTA3,,1.0,1.0,0.0,False,lineage_leiden,Cholangiocyte,7432
SH3BP5-AS1,0.0008403628233068848,0.9422559658743889,1.0,12.282656,False,lineage_leiden,Cholangiocyte,7432
SH3RF3-AS1,-0.010557091825214833,0.3628282535432445,0.8531901438905177,11.30951,False,lineage_leiden,Cholangiocyte,7432
SHANK2-AS1,,1.0,1.0,0.0,False,lineage_leiden,Cholangiocyte,7432
SHANK2-AS3,,1.0,1.0,0.0,False,lineage_leiden,Cholangiocyte,7432
SIAH2-AS1,,1.0,1.0,0.0,False,lineage_leiden,Cholangiocyte,7432
SIDT1-AS1,-0.03536429545279084,0.002294798213659208,0.02000415008472623,11.885914,False,lineage_leiden,Cholangiocyte,7432
SIGLEC5,-0.03993797807899463,0.000573578926303427,0.005439545202196236,3.671185,False,lineage_leiden,Cholangiocyte,7432
SIX3-AS1,,1.0,1.0,0.0,False,lineage_leiden,Cholangiocyte,7432
SLC16A1-AS1,0.07001554240349331,1.5186304114726895e-09,3.542102824597111e-08,13.817337,False,lineage_leiden,Cholangiocyte,7432
SLC22A18AS,0.017165486864582982,0.13895856356586916,0.4396878814941086,14.297597,False,lineage_leiden,Cholangiocyte,7432
SLC25A21-AS1,,1.0,1.0,0.0,False,lineage_leiden,Cholangiocyte,7432
SLC25A30-AS1,0.013701131626188816,0.23759546559727288,0.6328545889211311,11.352175,False,lineage_leiden,Cholangiocyte,7432
SLC26A4-AS1,-0.015415136269634075,0.18392068123891236,0.5221169339117808,12.074945,False,lineage_leiden,Cholangiocyte,7432
SLC8A1-AS1,0.009559011343139455,0.4099659911959054,0.9161767749895979,11.827683,False,lineage_leiden,Cholangiocyte,7432
SLC9A9-AS2,,1.0,1.0,0.0,False,lineage_leiden,Cholangiocyte,7432
SMAD5-AS1,-0.0060746413155559845,0.600552753624794,1.0,11.174574,False,lineage_leiden,Cholangiocyte,7432
SMARCA5-AS1,0.026132421317207864,0.024268171134347167,0.14150967357392977,11.106534,False,lineage_leiden,Cholangiocyte,7432
SMCR2,0.016941646585396684,0.14418501791753502,0.4396878814941086,8.919049,False,lineage_leiden,Cholangiocyte,7432
SMCR5,0.04377285462051821,0.00016014211924289618,0.0016853981573977975,1.3949018,False,lineage_leiden,Cholangiocyte,7432
SMIM2-AS1,0.00016555674857448758,0.9886145026224051,1.0,11.090211,False,lineage_leiden,Cholangiocyte,7432
SNAI3-AS1,0.024896943960830784,0.03184797646687737,0.1808210769139156,13.237761,False,lineage_leiden,Cholangiocyte,7432
SNAP25-AS1,,1.0,1.0,0.0,False,lineage_leiden,Cholangiocyte,7432
SNHG10,0.04807894741316736,3.375357147575336e-05,0.0004221642345445673,3.8660674,False,lineage_leiden,Cholangiocyte,7432
SNHG12,0.10406043979812933,2.38679442158189e-19,1.7165029881876426e-17,1.8559613,False,lineage_leiden,Cholangiocyte,7432
SNHG15,0.07205293802726549,5.014377615370553e-10,1.2364022520185104e-08,0.80526304,False,lineage_leiden,Cholangiocyte,7432
SNHG18,,1.0,1.0,0.0,False,lineage_leiden,Cholangiocyte,7432
SNHG7,0.09085992413333166,4.231744244970957e-15,2.4346635222732904e-13,0.9723388,False,lineage_leiden,Cholangiocyte,7432
SNHG8,0.06978748444442283,1.7159039806343987e-09,3.8969082507565425e-08,0.4262315,False,lineage_leiden,Cholangiocyte,7432
SNHG9,0.045261513621595854,9.489154166251508e-05,0.0010775184270361909,1.0064039,False,lineage_leiden,Cholangiocyte,7432
SNRK-AS1,,1.0,1.0,0.0,False,lineage_leiden,Cholangiocyte,7432
SPATA13,-0.048742936061928636,2.6238498201709584e-05,0.00033299741100110844,1.7069039,False,lineage_leiden,Cholangiocyte,7432
SPATA13-AS1,0.021177204198369777,0.06791592621885789,0.31202224317722455,10.740639,False,lineage_leiden,Cholangiocyte,7432
SPATA41,-0.023109867859100255,0.046347951298958155,0.2325481509941912,12.973771,False,lineage_leiden,Cholangiocyte,7432
SPATA8,,1.0,1.0,0.0,False,lineage_leiden,Cholangiocyte,7432
SPIN4-AS1,,1.0,1.0,0.0,False,lineage_leiden,Cholangiocyte,7432
SRGAP2-AS1,,1.0,1.0,0.0,False,lineage_leiden,Cholangiocyte,7432
SRRM2-AS1,-0.006357864804435399,0.5836789816820467,1.0,2.3400831,False,lineage_leiden,Cholangiocyte,7432
SSBP3-AS1,,1.0,1.0,0.0,False,lineage_leiden,Cholangiocyte,7432
ST20,0.020996691477104902,0.07029581226896732,0.3176192983671141,0.6549177,False,lineage_leiden,Cholangiocyte,7432
ST3GAL6-AS1,0.007606626805187591,0.512043400201371,1.0,11.074145,False,lineage_leiden,Cholangiocyte,7432
ST7-AS1,0.05360664697762136,3.765453055170175e-06,5.602734459675622e-05,12.253304,False,lineage_leiden,Cholangiocyte,7432
ST7-AS2,,1.0,1.0,0.0,False,lineage_leiden,Cholangiocyte,7432
ST7-OT4,0.0717301573207273,5.988861676155684e-10,1.4356632295895432e-08,13.494896,False,lineage_leiden,Cholangiocyte,7432
ST8SIA6-AS1,-0.0022122442686405867,0.8487734670987644,1.0,10.746782,False,lineage_leiden,Cholangiocyte,7432
STARD4-AS1,0.0643844840609956,2.7704692704450912e-08,5.313144400875807e-07,13.79159,False,lineage_leiden,Cholangiocyte,7432
STAU2-AS1,0.021963720290196175,0.058307179039149934,0.2826915478134067,12.092424,False,lineage_leiden,Cholangiocyte,7432
STEAP3-AS1,0.016941646585396684,0.14418501791753502,0.4396878814941086,8.559331,False,lineage_leiden,Cholangiocyte,7432
STK24-AS1,0.02396071842089282,0.038868172896132286,0.20085768388839617,10.1195545,False,lineage_leiden,Cholangiocyte,7432
STX18-AS1,0.04151235343843196,0.0003440132337129593,0.0033357687718458865,11.563756,False,lineage_leiden,Cholangiocyte,7432
STXBP5-AS1,0.007572690693148844,0.5139277755361868,1.0,13.366552,False,lineage_leiden,Cholangiocyte,7432
SUCLA2-AS1,,1.0,1.0,0.0,False,lineage_leiden,Cholangiocyte,7432
SYP-AS1,,1.0,1.0,0.0,False,lineage_leiden,Cholangiocyte,7432
SZT2-AS1,,1.0,1.0,0.0,False,lineage_leiden,Cholangiocyte,7432
TAB3-AS2,,1.0,1.0,0.0,False,lineage_leiden,Cholangiocyte,7432
TAPT1-AS1,0.08780839196793747,3.369913184841307e-14,1.7107265167753225e-12,2.776279,False,lineage_leiden,Cholangiocyte,7432
TBC1D3P1-DHX40P1,,1.0,1.0,0.0,False,lineage_leiden,Cholangiocyte,7432
TCEAL3-AS1,,1.0,1.0,0.0,False,lineage_leiden,Cholangiocyte,7432
TERC,0.007926232814529297,0.4944749243139915,1.0,10.788276,False,lineage_leiden,Cholangiocyte,7432
TET2-AS1,,1.0,1.0,0.0,False,lineage_leiden,Cholangiocyte,7432
TEX26-AS1,0.0016812612176856892,0.8847774681608471,1.0,10.494811,False,lineage_leiden,Cholangiocyte,7432
TEX41,,1.0,1.0,0.0,False,lineage_leiden,Cholangiocyte,7432
TFAP2A-AS1,,1.0,1.0,0.0,False,lineage_leiden,Cholangiocyte,7432
THAP7-AS1,0.03560351303210019,0.002142008007395751,0.01886278479982177,1.2711601,False,lineage_leiden,Cholangiocyte,7432
THAP9-AS1,0.11841827691995517,1.2714012036053557e-24,1.3715240483892774e-22,1.2418644,False,lineage_leiden,Cholangiocyte,7432
THOC7-AS1,0.016941646585396684,0.14418501791753502,0.4396878814941086,8.448673,False,lineage_leiden,Cholangiocyte,7432
TIPARP-AS1,0.001644050753578557,0.8873104135136042,1.0,1.2330692,False,lineage_leiden,Cholangiocyte,7432
TLR8-AS1,,1.0,1.0,0.0,False,lineage_leiden,Cholangiocyte,7432
TM4SF1-AS1,,1.0,1.0,0.0,False,lineage_leiden,Cholangiocyte,7432
TM4SF19-AS1,-0.0031858493948369185,0.7836208434535307,1.0,11.218422,False,lineage_leiden,Cholangiocyte,7432
TMEM105,,1.0,1.0,0.0,False,lineage_leiden,Cholangiocyte,7432
TMEM254-AS1,0.017092479155226437,0.1406469480440422,0.4396878814941086,11.6812315,False,lineage_leiden,Cholangiocyte,7432
TMEM44-AS1,0.01997727082877491,0.0850507421813847,0.36492788076261806,1.7108641,False,lineage_leiden,Cholangiocyte,7432
TMEM72-AS1,,1.0,1.0,0.0,False,lineage_leiden,Cholangiocyte,7432
TMEM78,,1.0,1.0,0.0,False,lineage_leiden,Cholangiocyte,7432
TMEM9B-AS1,0.0007715145383055224,0.9469794739682166,1.0,12.187405,False,lineage_leiden,Cholangiocyte,7432
TMLHE-AS1,0.047683102136897484,3.916306616491115e-05,0.0004694128625044212,12.051771,False,lineage_leiden,Cholangiocyte,7432
TMPO-AS1,-0.003915176787388788,0.7357639917975533,1.0,2.1082935,False,lineage_leiden,Cholangiocyte,7432
TNK2-AS1,0.0025791404584359595,0.8240739579049643,1.0,12.396635,False,lineage_leiden,Cholangiocyte,7432
TP53TG1,0.0848998236428808,2.2820211250756386e-13,8.870369008028868e-12,0.7972789,False,lineage_leiden,Cholangiocyte,7432
TP73-AS1,0.03476216712444862,0.0027245843070358303,0.023052120166391386,13.380298,False,lineage_leiden,Cholangiocyte,7432
TPRG1-AS1,-0.0034391740369685286,0.7668949014749422,1.0,1.6281347,False,lineage_leiden,Cholangiocyte,7432
TPRXL,,1.0,1.0,0.0,False,lineage_leiden,Cholangiocyte,7432
TPT1-AS1,0.030881893788473776,0.007756583258924038,0.05721308848249097,0.93075514,False,lineage_leiden,Cholangiocyte,7432
TPTEP1,-0.05937499819655119,3.017985889087559e-07,5.315350657719517e-06,1.9987073,False,lineage_leiden,Cholangiocyte,7432
TRAF3IP2-AS1,0.031054882256811717,0.007419439390524202,0.05567805386106424,4.0799603,False,lineage_leiden,Cholangiocyte,7432
TRAM2-AS1,-0.006725636301812059,0.562103633603805,1.0,13.502428,False,lineage_leiden,Cholangiocyte,7432
TRAPPC12-AS1,0.014494844939855233,0.21150336985594684,0.5794520894783559,12.793369,False,lineage_leiden,Cholangiocyte,7432
TRBV11-2,,1.0,1.0,0.0,False,lineage_leiden,Cholangiocyte,7432
TRERNA1,0.084845196533499,2.364061265175712e-13,8.870369008028868e-12,13.506327,False,lineage_leiden,Cholangiocyte,7432
TRIM16L,0.02125818847653734,0.06686996573446059,0.3102622603701048,1.6330771,False,lineage_leiden,Cholangiocyte,7432
TRIM52-AS1,0.02004439807394199,0.08400769626443329,0.36431478329751726,0.9684417,False,lineage_leiden,Cholangiocyte,7432
TSIX,0.024832596460595664,0.03229303348423398,0.18123877549476608,12.60993,False,lineage_leiden,Cholangiocyte,7432
TSPEAR-AS1,,1.0,1.0,0.0,False,lineage_leiden,Cholangiocyte,7432
TTC3-AS1,,1.0,1.0,0.0,False,lineage_leiden,Cholangiocyte,7432
TTLL10-AS1,-0.01925236365244871,0.09699442981435343,0.38574282456123044,11.221395,False,lineage_leiden,Cholangiocyte,7432
TTN-AS1,0.06619092986796864,1.1194438565545353e-08,2.3562928005038145e-07,1.7076201,False,lineage_leiden,Cholangiocyte,7432
TTTY10,-0.015784933587001355,0.17362116984045692,0.5113824900078987,11.067054,False,lineage_leiden,Cholangiocyte,7432
TTTY14,0.06650497600151593,9.539475572576057e-09,2.0581418547832843e-07,3.1115546,False,lineage_leiden,Cholangiocyte,7432
UBAC2-AS1,0.0032193922066348006,0.7814002184731919,1.0,2.8279815,False,lineage_leiden,Cholangiocyte,7432
UBBP4,0.021913043964538945,0.058890259632529064,0.2839234305188412,1.1589985,False,lineage_leiden,Cholangiocyte,7432
UBOX5-AS1,0.016941646585396684,0.14418501791753502,0.4396878814941086,8.677148,False,lineage_leiden,Cholangiocyte,7432
UBXN7-AS1,0.0033449708054346396,0.7731025251226095,1.0,11.642278,False,lineage_leiden,Cholangiocyte,7432
UGDH-AS1,-0.015151407026027346,0.191537719527074,0.534941915701828,13.086098,False,lineage_leiden,Cholangiocyte,7432
UNC5B-AS1,0.012702171544439565,0.2735595310277979,0.6964067117315327,10.046889,False,lineage_leiden,Cholangiocyte,7432
UPK1A-AS1,,1.0,1.0,0.0,False,lineage_leiden,Cholangiocyte,7432
USP2-AS1,0.016941646585396684,0.14418501791753502,0.4396878814941086,8.85736,False,lineage_leiden,Cholangiocyte,7432
USP3-AS1,0.02935174642460424,0.011389824476466234,0.0751076425251233,11.340073,False,lineage_leiden,Cholangiocyte,7432
USP30-AS1,0.012084418987333714,0.2975744155306152,0.7358358756530685,0.8543925,False,lineage_leiden,Cholangiocyte,7432
UXT-AS1,,1.0,1.0,0.0,False,lineage_leiden,Cholangiocyte,7432
VAC14-AS1,0.04484148396493727,0.00011016594373755378,0.0012188873005834476,11.834645,False,lineage_leiden,Cholangiocyte,7432
VAV3-AS1,-0.0012772903273118184,0.9123336316464535,1.0,11.20207,False,lineage_leiden,Cholangiocyte,7432
VCAN-AS1,,1.0,1.0,0.0,False,lineage_leiden,Cholangiocyte,7432
VIM-AS1,-0.01562608706167882,0.17799126895102693,0.5175008387886486,1.2796898,False,lineage_leiden,Cholangiocyte,7432
VIPR1-AS1,-0.015489542683235628,0.18181278948834895,0.5205948372057286,12.433625,False,lineage_leiden,Cholangiocyte,7432
VPS13A-AS1,,1.0,1.0,0.0,False,lineage_leiden,Cholangiocyte,7432
VPS9D1-AS1,0.02934774157330597,0.011401044230348958,0.0751076425251233,10.439415,False,lineage_leiden,Cholangiocyte,7432
WAC-AS1,-0.026807252235041146,0.020829857731505433,0.12659272691752949,1.1684757,False,lineage_leiden,Cholangiocyte,7432
WARS2-IT1,,1.0,1.0,0.0,False,lineage_leiden,Cholangiocyte,7432
WASF3-AS1,,1.0,1.0,0.0,False,lineage_leiden,Cholangiocyte,7432
WASIR1,-0.01914942432238074,0.09879426815924557,0.38931257270058867,11.055268,False,lineage_leiden,Cholangiocyte,7432
WASIR2,0.008139144944882703,0.4829526469332926,1.0,11.1259775,False,lineage_leiden,Cholangiocyte,7432
WDFY3-AS1,,1.0,1.0,0.0,False,lineage_leiden,Cholangiocyte,7432
WEE2-AS1,0.0032913496324363553,0.776642470938927,1.0,10.5127735,False,lineage_leiden,Cholangiocyte,7432
WNT5A-AS1,0.016941646585396684,0.14418501791753502,0.4396878814941086,8.108416,False,lineage_leiden,Cholangiocyte,7432
WT1-AS,-0.020097549730901502,0.08318917239491894,0.3625871503879548,10.591193,False,lineage_leiden,Cholangiocyte,7432
WWC2-AS2,,1.0,1.0,0.0,False,lineage_leiden,Cholangiocyte,7432
WWC3-AS1,-0.005507970184551796,0.6349576199324127,1.0,11.198187,False,lineage_leiden,Cholangiocyte,7432
WWTR1-AS1,,1.0,1.0,0.0,False,lineage_leiden,Cholangiocyte,7432
XIAP-AS1,-0.01152107817839656,0.3206675215383016,0.7751710674721408,10.901875,False,lineage_leiden,Cholangiocyte,7432
XIST,0.10935029258114823,3.2687531685091433e-21,2.564485440384901e-19,18.283354,False,lineage_leiden,Cholangiocyte,7432
XXYLT1-AS2,,1.0,1.0,0.0,False,lineage_leiden,Cholangiocyte,7432
YEATS2-AS1,0.012996084391744172,0.262611963716512,0.6785452834950595,11.314599,False,lineage_leiden,Cholangiocyte,7432
ZBED3-AS1,0.07586230194725188,5.8174555587922585e-11,1.7214602258764788e-09,13.19305,False,lineage_leiden,Cholangiocyte,7432
ZBED5-AS1,0.0035112506941115743,0.762155388239728,1.0,1.1103368,False,lineage_leiden,Cholangiocyte,7432
ZBTB11-AS1,0.005493591506112485,0.635841374920491,1.0,1.5330706,False,lineage_leiden,Cholangiocyte,7432
ZBTB20-AS1,,1.0,1.0,0.0,False,lineage_leiden,Cholangiocyte,7432
ZBTB20-AS2,-0.013592386359191955,0.24134013087372633,0.6388850703804473,3.8913207,False,lineage_leiden,Cholangiocyte,7432
ZBTB20-AS3,,1.0,1.0,0.0,False,lineage_leiden,Cholangiocyte,7432
ZBTB20-AS4,-0.0070432173204399385,0.543788227182369,1.0,10.587249,False,lineage_leiden,Cholangiocyte,7432
ZEB2-AS1,-0.03516155068433532,0.0024320384962797214,0.020927116004715734,1.9450214,False,lineage_leiden,Cholangiocyte,7432
ZFAS1,-0.02665620684731526,0.02156019589134761,0.12834036292752404,0.36443558,False,lineage_leiden,Cholangiocyte,7432
ZFAT-AS1,,1.0,1.0,0.0,False,lineage_leiden,Cholangiocyte,7432
ZFX-AS1,,1.0,1.0,0.0,False,lineage_leiden,Cholangiocyte,7432
ZFY-AS1,-0.007492705560229593,0.5183833493749803,1.0,11.8877945,False,lineage_leiden,Cholangiocyte,7432
ZMIZ1-AS1,0.004937854315455649,0.6703857025396367,1.0,10.676957,False,lineage_leiden,Cholangiocyte,7432
ZMYM4-AS1,,1.0,1.0,0.0,False,lineage_leiden,Cholangiocyte,7432
ZMYND10-AS1,,1.0,1.0,0.0,False,lineage_leiden,Cholangiocyte,7432
ZNF197-AS1,,1.0,1.0,0.0,False,lineage_leiden,Cholangiocyte,7432
ZNF252P-AS1,0.05094931039093879,1.1107567824881364e-05,0.00015461017794955834,12.336641,False,lineage_leiden,Cholangiocyte,7432
ZNF286B,0.0008777231591471507,0.9396936059034637,1.0,11.215427,False,lineage_leiden,Cholangiocyte,7432
ZNF295-AS1,,1.0,1.0,0.0,False,lineage_leiden,Cholangiocyte,7432
ZNF32-AS1,,1.0,1.0,0.0,False,lineage_leiden,Cholangiocyte,7432
ZNF32-AS2,,1.0,1.0,0.0,False,lineage_leiden,Cholangiocyte,7432
ZNF337-AS1,0.02984632748933152,0.010077347420952319,0.07187397375439546,12.561289,False,lineage_leiden,Cholangiocyte,7432
ZNF503-AS1,,1.0,1.0,0.0,False,lineage_leiden,Cholangiocyte,7432
ZNF571-AS1,0.03389013329047052,0.0034780940888403363,0.028861492294896252,11.2871065,False,lineage_leiden,Cholangiocyte,7432
ZNF630-AS1,,1.0,1.0,0.0,False,lineage_leiden,Cholangiocyte,7432
ZNF667-AS1,0.0659381732771219,1.272602051046235e-08,2.6148942144116685e-07,15.588436,False,lineage_leiden,Cholangiocyte,7432
ZNF674-AS1,0.010733642946634904,0.3548576467926399,0.8428459483959482,1.8882327,False,lineage_leiden,Cholangiocyte,7432
ZNF781,-0.0021738174658670582,0.8513694181873848,1.0,12.492472,False,lineage_leiden,Cholangiocyte,7432
ZNRF3-AS1,0.01516736426246613,0.19107034689704042,0.534941915701828,11.918197,False,lineage_leiden,Cholangiocyte,7432
ZRANB2-AS1,,1.0,1.0,0.0,False,lineage_leiden,Cholangiocyte,7432
ZSCAN16-AS1,0.09724443648897256,4.3946723580783964e-17,2.7090016035868974e-15,0.7202108,False,lineage_leiden,Cholangiocyte,7432
A1BG-AS1,-0.046509155271531336,8.328394775109243e-19,2.6620017373775098e-17,2.6332645,False,lineage_pub,Kupffer,36217
A2M-AS1,-0.016618182674659185,0.0015632597414278499,0.008875612874027859,1.8679938,False,lineage_pub,Kupffer,36217
A2ML1-AS2,,1.0,1.0,0.0,False,lineage_pub,Kupffer,36217
ABCC5-AS1,-0.005954383662011543,0.2571572843685405,0.5681769779086743,8.582495,False,lineage_pub,Kupffer,36217
ACTA2-AS1,-0.00419625981816804,0.42454774754198354,0.7585604681754282,9.090461,False,lineage_pub,Kupffer,36217
ACVR2B-AS1,-0.006662604436781425,0.20482835228848725,0.4923868190110432,8.738502,False,lineage_pub,Kupffer,36217
ADAM20P1,-0.014782904838751727,0.004902727397662383,0.025184843715372836,10.738406,False,lineage_pub,Kupffer,36217
ADAMTS9-AS2,-0.002148032186972889,0.6827060279405444,0.9658611510044094,8.615984,False,lineage_pub,Kupffer,36217
ADAMTSL4-AS1,-0.02330257950815982,9.202607489276486e-06,8.539623938973771e-05,3.1054907,False,lineage_pub,Kupffer,36217
ADIPOQ-AS1,0.008433230744884602,0.10851990085697855,0.33932128420134955,8.612706,False,lineage_pub,Kupffer,36217
ADORA2A-AS1,0.020483468005078963,9.681638193644942e-05,0.0006905168397616185,3.4744196,False,lineage_pub,Kupffer,36217
ADPGK-AS1,-0.007438376939741331,0.15690708682212953,0.42582017587263454,1.3737602,False,lineage_pub,Kupffer,36217
AFAP1-AS1,-0.011834439265397996,0.024310558191000198,0.09896231942845836,9.350822,False,lineage_pub,Kupffer,36217
AGAP2-AS1,-0.04055363284857136,1.158053059824312e-14,2.7544697129979754e-13,3.985125,False,lineage_pub,Kupffer,36217
AGBL5-AS1,-0.012001343508825233,0.02237442010630365,0.0928323295756733,10.051752,False,lineage_pub,Kupffer,36217
AIRN,-0.01188235024542996,0.02374044651578106,0.09709955138918983,10.799369,False,lineage_pub,Kupffer,36217
ALG13-AS1,0.007313151174220707,0.16400745951555298,0.43592240529046195,8.79491,False,lineage_pub,Kupffer,36217
ALKBH3-AS1,0.0018262891320625489,0.7281818583411199,0.9912424644851506,8.557309,False,lineage_pub,Kupffer,36217
AP4B1-AS1,-0.009960858169032933,0.058011758181376646,0.20351279394523594,3.04288,False,lineage_pub,Kupffer,36217
APOA1-AS,,1.0,1.0,0.0,False,lineage_pub,Kupffer,36217
APOBEC3B-AS1,-0.01145724387281089,0.029228016072239772,0.11731989707136244,9.969968,False,lineage_pub,Kupffer,36217
AQP4-AS1,-0.013334772305757452,0.011157263874075271,0.05094560171072465,9.6082535,False,lineage_pub,Kupffer,36217
ARAP1-AS1,0.0037118288229677117,0.4799596534465736,0.8121670214203784,10.206116,False,lineage_pub,Kupffer,36217
ARAP1-AS2,0.0121397734025811,0.020871712516622228,0.08743829078565525,10.66376,False,lineage_pub,Kupffer,36217
ARHGAP26-AS1,0.0009846056993401834,0.8513693111608114,1.0,8.816223,False,lineage_pub,Kupffer,36217
ARHGAP31-AS1,-0.002587557899206181,0.6224253755580181,0.9229434692552744,11.275594,False,lineage_pub,Kupffer,36217
ARHGAP5-AS1,-0.0027958580891887,0.5946873171878824,0.8925480951880739,4.8217463,False,lineage_pub,Kupffer,36217
ARIH2OS,-0.046319981841251676,1.1499653762683368e-18,3.5443575704270524e-17,1.7474632,False,lineage_pub,Kupffer,36217
ARMCX3-AS1,,1.0,1.0,0.0,False,lineage_pub,Kupffer,36217
ARSD-AS1,0.004393035218612649,0.40315300832311146,0.7397014655749762,10.239505,False,lineage_pub,Kupffer,36217
ASB16-AS1,-0.04155644892396359,2.539905478336615e-15,6.446877728836761e-14,1.6780157,False,lineage_pub,Kupffer,36217
ASMTL-AS1,0.006196968632271535,0.23827828903340187,0.5440057233752006,2.0279565,False,lineage_pub,Kupffer,36217
ATP11A-AS1,-0.012779284738057011,0.015015253363326252,0.06544527097247756,11.585396,False,lineage_pub,Kupffer,36217
ATP1B3-AS1,0.020267574793057984,0.00011462884191762973,0.0008019425459135452,12.329481,False,lineage_pub,Kupffer,36217
ATP6V0E2-AS1,-0.003609814507774798,0.4921118251724318,0.8201608816707,10.823906,False,lineage_pub,Kupffer,36217
BACH1-IT2,-0.012511829436615444,0.017260659386170038,0.07363796001276028,1.7563138,False,lineage_pub,Kupffer,36217
BCAR4,,1.0,1.0,0.0,False,lineage_pub,Kupffer,36217
BCDIN3D-AS1,-0.0029249615630624415,0.5777839925077831,0.8825246518365787,11.476414,False,lineage_pub,Kupffer,36217
BDNF-AS,-0.007634088099254826,0.1462803038734047,0.40461507129085983,10.596288,False,lineage_pub,Kupffer,36217
BFSP2-AS1,-0.007842668367791843,0.13557042532113264,0.3848594639872943,8.30644,False,lineage_pub,Kupffer,36217
BHLHE40-AS1,0.0005206513797819133,0.9210743346638742,1.0,11.109664,False,lineage_pub,Kupffer,36217
BLACE,0.002413170850484152,0.6460692384312327,0.9354995851781104,8.889805,False,lineage_pub,Kupffer,36217
BOK-AS1,0.0027030165651105186,0.6069808146390938,0.9078413224151438,8.9915495,False,lineage_pub,Kupffer,36217
BRWD1-AS1,-0.006927924941146037,0.1873673051608701,0.4606780181020823,8.4930935,False,lineage_pub,Kupffer,36217
BSN-AS1,,1.0,1.0,0.0,False,lineage_pub,Kupffer,36217
BTBD9-AS1,,1.0,1.0,0.0,False,lineage_pub,Kupffer,36217
C10orf55,-0.012852252054208252,0.014449170380063124,0.06362058182650243,10.691758,False,lineage_pub,Kupffer,36217
C14orf178,-0.006512893953613922,0.21518856277305085,0.5060156121884002,9.602021,False,lineage_pub,Kupffer,36217
C1QTNF1-AS1,0.0010117464383725314,0.847321990498568,1.0,8.531574,False,lineage_pub,Kupffer,36217
C1RL-AS1,-0.03067289057289383,5.268624171623733e-09,7.706479084934375e-08,3.7447681,False,lineage_pub,Kupffer,36217
C1orf220,-0.0009383853242664946,0.8582708155716247,1.0,9.68405,False,lineage_pub,Kupffer,36217
C21orf91-OT1,-0.003165301345544569,0.5469333554630824,0.8708551397871589,8.65565,False,lineage_pub,Kupffer,36217
C2orf27A,-0.019972397268762064,0.00014402733848480702,0.000986472961209432,12.187794,False,lineage_pub,Kupffer,36217
C5orf60,-0.006343393839393799,0.22736790382102864,0.5260549624599135,8.053995,False,lineage_pub,Kupffer,36217
C5orf64,0.002011106128946391,0.701930312871043,0.9754683736033979,10.427194,False,lineage_pub,Kupffer,36217
C6orf47-AS1,-0.0033445449740000543,0.5244686354761736,0.8460120232073605,10.494657,False,lineage_pub,Kupffer,36217
C8orf44,-0.04909470382469419,8.897339921815713e-21,2.9532324432796e-19,2.214016,False,lineage_pub,Kupffer,36217
C9orf163,-0.0043499291343003,0.4077837089177258,0.7432210839284712,10.1050415,False,lineage_pub,Kupffer,36217
CACNA1C-AS1,0.001913419102298508,0.7157638853050649,0.9883267728292335,8.898221,False,lineage_pub,Kupffer,36217
CACNA1C-AS2,-0.0019721319893129087,0.7074379558732915,0.9799662213782513,3.2770052,False,lineage_pub,Kupffer,36217
CACTIN-AS1,-0.0031146511071011313,0.5533666143081307,0.8730445852795554,8.525625,False,lineage_pub,Kupffer,36217
CAHM,-0.02815880784599879,8.335372533225896e-08,1.0276323565962783e-06,1.6314893,False,lineage_pub,Kupffer,36217
CASC11,-0.003972898879315246,0.4496192662812522,0.7714143673970589,1.4369268,False,lineage_pub,Kupffer,36217
CASC15,-0.015560770093971511,0.0030623339064091335,0.016114598544091963,3.0731816,False,lineage_pub,Kupffer,36217
CASC18,,1.0,1.0,0.0,False,lineage_pub,Kupffer,36217
CASC19,,1.0,1.0,0.0,False,lineage_pub,Kupffer,36217
CASC2,-0.007871389743544477,0.1341443835288728,0.382067996651542,9.966614,False,lineage_pub,Kupffer,36217
CASC20,,1.0,1.0,0.0,False,lineage_pub,Kupffer,36217
CASC8,-0.01432594230474537,0.006403281484684758,0.03104512315327498,10.584562,False,lineage_pub,Kupffer,36217
CASK-AS1,-0.002539669524638053,0.6288808759633785,0.9260383227422919,7.920786,False,lineage_pub,Kupffer,36217
CCDC140,-0.006964730976527231,0.18503457853414756,0.4566421586790583,9.148645,False,lineage_pub,Kupffer,36217
CCDC144NL,-0.02990989531794214,1.2471021392807863e-08,1.7358857196763203e-07,13.234721,False,lineage_pub,Kupffer,36217
CCDC148-AS1,0.005441718175985791,0.3004016281481352,0.6071349065382685,9.261559,False,lineage_pub,Kupffer,36217
CCDC183-AS1,-0.006460341665288408,0.2189133237858413,0.5133755392042963,9.347687,False,lineage_pub,Kupffer,36217
CCDC26,0.0184004324131459,0.00046192079581118436,0.002888678599891682,2.6347919,False,lineage_pub,Kupffer,36217
CCND2-AS1,-0.00902000254575234,0.08606122058622116,0.2889915695171551,11.002032,False,lineage_pub,Kupffer,36217
CCNT2-AS1,-0.005651539632676447,0.2821497382679212,0.5935937211753299,2.0704288,False,lineage_pub,Kupffer,36217
CD27-AS1,-0.0814099771238604,2.614070298400955e-54,1.6113876196571604e-52,1.8550704,False,lineage_pub,Kupffer,36217
CDKN2B-AS1,0.007529928143070973,0.15186533917320033,0.41474616362807554,10.633544,False,lineage_pub,Kupffer,36217
CELF2-AS1,-0.0039174666849947125,0.455968912589102,0.780756292786498,9.941705,False,lineage_pub,Kupffer,36217
CERS6-AS1,0.013935772358177815,0.00799878087643239,0.03834971053533974,9.723608,False,lineage_pub,Kupffer,36217
CFLAR-AS1,0.01419131471108101,0.006918155970823665,0.03335401454089845,1.6350155,False,lineage_pub,Kupffer,36217
CIRBP-AS1,0.0017337060804565633,0.7414555881493854,1.0,8.533853,False,lineage_pub,Kupffer,36217
CKMT2-AS1,-0.020621485093409657,8.6834958745362e-05,0.0006297358772877934,2.2244925,False,lineage_pub,Kupffer,36217
CLLU1,-0.01066621946812827,0.042371708432730956,0.1596802811242219,10.676372,False,lineage_pub,Kupffer,36217
CLRN1-AS1,-0.007068152092813169,0.17859495887592536,0.4493511647519638,7.6552916,False,lineage_pub,Kupffer,36217
CLYBL-AS1,,1.0,1.0,0.0,False,lineage_pub,Kupffer,36217
COL4A2-AS1,0.005153378150393219,0.32674074100119627,0.6429338592807172,10.633478,False,lineage_pub,Kupffer,36217
COL4A2-AS2,-0.00796218564699389,0.1297125173071318,0.37190000809320506,10.587327,False,lineage_pub,Kupffer,36217
COLCA1,,1.0,1.0,0.0,False,lineage_pub,Kupffer,36217
CPB2-AS1,-0.005769805606186599,0.27220040174757254,0.5826373207535593,10.161796,False,lineage_pub,Kupffer,36217
CRNDE,-0.002518738941267897,0.6317113560341686,0.9260383227422919,2.972825,False,lineage_pub,Kupffer,36217
CSNK1G2-AS1,-0.002905667208745102,0.5802957535014943,0.882697018202183,8.55293,False,lineage_pub,Kupffer,36217
CTC-338M12.4,-0.021487127011466364,4.323124389529356e-05,0.0003486781633797976,2.3691483,False,lineage_pub,Kupffer,36217
CYP1B1-AS1,-0.008260908509548732,0.1159304664357162,0.3522816638521939,5.7867265,False,lineage_pub,Kupffer,36217
CYP4A22-AS1,-0.007204907773616085,0.17033770554727581,0.44012407151885935,7.949606,False,lineage_pub,Kupffer,36217
CYP4F35P,-0.004855826968578701,0.35544750259091307,0.6735762099223812,8.770134,False,lineage_pub,Kupffer,36217
DAB1-AS1,,1.0,1.0,0.0,False,lineage_pub,Kupffer,36217
DACT3-AS1,-0.001852171529454386,0.7244854086332936,0.9912424644851506,8.376793,False,lineage_pub,Kupffer,36217
DBH-AS1,0.005624288403711447,0.28447682204941765,0.5935937211753299,8.046138,False,lineage_pub,Kupffer,36217
DCTN1-AS1,-0.001726955172502741,0.7424265442807239,1.0,8.175154,False,lineage_pub,Kupffer,36217
DDX11-AS1,-0.006036218339133434,0.25067586306424444,0.5604488855555517,9.643576,False,lineage_pub,Kupffer,36217
DDX39B-AS1,0.004994473588941311,0.341878756470939,0.6599942093337927,10.547793,False,lineage_pub,Kupffer,36217
DENND5B-AS1,0.003080698529043448,0.5576997050544674,0.8732378405133456,8.997672,False,lineage_pub,Kupffer,36217
DGCR5,0.0044138915885984075,0.40092385304587486,0.7393104384157906,7.4812603,False,lineage_pub,Kupffer,36217
DGUOK-AS1,-0.08394066277404832,1.2324966734492496e-57,9.669496628970023e-56,4.0222793,False,lineage_pub,Kupffer,36217
DHRS4-AS1,0.003076453029944493,0.5582426825917004,0.8732378405133456,7.6292896,False,lineage_pub,Kupffer,36217
DIAPH2-AS1,-0.0029171117266073884,0.5788052757120551,0.8825246518365787,8.155295,False,lineage_pub,Kupffer,36217
DICER1-AS1,-0.02269682900018698,1.561795719548792e-05,0.00013614441474450582,1.9344544,False,lineage_pub,Kupffer,36217
DIO2-AS1,0.007986413763407613,0.12854933843880323,0.37190000809320506,7.773469,False,lineage_pub,Kupffer,36217
DIO3OS,0.006556672427126711,0.212120706170484,0.5001643973364145,9.635487,False,lineage_pub,Kupffer,36217
DIRC3,-0.023466541600505472,7.957539424955582e-06,7.54707373110647e-05,5.1317935,False,lineage_pub,Kupffer,36217
DLEU1,-0.012913156990835591,0.013991165227192124,0.06191987482598361,3.253006,False,lineage_pub,Kupffer,36217
DLEU2L,-0.023112716383045594,1.0876966873296721e-05,9.880865696479022e-05,2.2373815,False,lineage_pub,Kupffer,36217
DLG1-AS1,-0.005292795508064317,0.31382342313625133,0.6254725500383024,9.000658,False,lineage_pub,Kupffer,36217
DLG3-AS1,,1.0,1.0,0.0,False,lineage_pub,Kupffer,36217
DLG5-AS1,-0.00513563095245431,0.32840949422406235,0.6441304398076496,8.1691675,False,lineage_pub,Kupffer,36217
DLGAP1-AS1,-0.03250785773823021,6.096493649831788e-10,9.926932112839307e-09,1.358542,False,lineage_pub,Kupffer,36217
DLGAP1-AS2,-0.007278111142884704,0.166036954989487,0.43592240529046195,2.440206,False,lineage_pub,Kupffer,36217
DLGAP1-AS3,-0.000942100210411173,0.8577157107758497,1.0,9.071618,False,lineage_pub,Kupffer,36217
DLGAP1-AS5,,1.0,1.0,0.0,False,lineage_pub,Kupffer,36217
DNAH10OS,-0.004280506995905148,0.41530770985838206,0.7494142161119731,9.439864,False,lineage_pub,Kupffer,36217
DNAH17-AS1,-0.002258060410219108,0.6674052431698012,0.950446740685707,3.8000078,False,lineage_pub,Kupffer,36217
DNAJC27-AS1,-0.0026530960953563432,0.6136375496721009,0.916209697866822,1.1823273,False,lineage_pub,Kupffer,36217
DNAJC9-AS1,0.0011933526853924827,0.8203487969769009,1.0,8.684842,False,lineage_pub,Kupffer,36217
DNM1P35,-0.023465193393579362,7.96708723759942e-06,7.54707373110647e-05,11.393471,False,lineage_pub,Kupffer,36217
DNM3OS,0.0016595211298037669,0.7521475804611001,1.0,9.375889,False,lineage_pub,Kupffer,36217
DNMBP-AS1,0.021541274437524262,4.135012553413245e-05,0.0003366524371316632,3.5124326,False,lineage_pub,Kupffer,36217
DOCK9-AS1,0.024533099479257893,3.0211308021373306e-06,3.1038522407672815e-05,11.032038,False,lineage_pub,Kupffer,36217
DPP10-AS1,-0.01019326504351061,0.052399173157832754,0.18686151419508126,8.987434,False,lineage_pub,Kupffer,36217
DPYD-AS1,0.00887250863218594,0.09131889841542433,0.30194716219352946,7.477062,False,lineage_pub,Kupffer,36217
DPYD-AS2,0.00407676723488379,0.4378573873878614,0.767572137900372,8.025618,False,lineage_pub,Kupffer,36217
DSCAM-AS1,0.009383820718907542,0.07413318466252194,0.2528732741650452,8.867405,False,lineage_pub,Kupffer,36217
DSCR9,-0.005906275857913131,0.26102131519747473,0.5688419066045978,10.379014,False,lineage_pub,Kupffer,36217
EAF1-AS1,-0.007116132571220387,0.17566465684322718,0.44772239284944315,1.2673278,False,lineage_pub,Kupffer,36217
EDNRB-AS1,-0.0029531115743110306,0.5741285970886768,0.8784981902261135,8.942634,False,lineage_pub,Kupffer,36217
EDRF1-AS1,-0.0062706979425272156,0.23273925550447463,0.5341861103733021,9.109797,False,lineage_pub,Kupffer,36217
EFCAB14-AS1,0.005942816635527477,0.2580827060720745,0.5681769779086743,8.296958,False,lineage_pub,Kupffer,36217
EGOT,3.669522914291586e-05,0.9944283043842339,1.0,10.771454,False,lineage_pub,Kupffer,36217
ELFN2,0.0003297097186151915,0.9499702668209425,1.0,8.598811,False,lineage_pub,Kupffer,36217
ELMO1-AS1,-0.007283369514721286,0.1657311947053674,0.43592240529046195,9.009857,False,lineage_pub,Kupffer,36217
ENO1-AS1,-0.006572186280958595,0.21104116386836594,0.5001643973364145,1.7019744,False,lineage_pub,Kupffer,36217
ENTPD1-AS1,-0.018409298909910516,0.0004590034361248731,0.002888678599891682,1.3385754,False,lineage_pub,Kupffer,36217
ENTPD3-AS1,-0.02071198048764301,8.082687950673957e-05,0.0005961845898659508,0.73997426,False,lineage_pub,Kupffer,36217
EPB41L4A-AS1,-0.09489535124341196,3.213263405852682e-73,3.96149474178695e-71,0.99038064,False,lineage_pub,Kupffer,36217
EPHA1-AS1,-0.08212783927648629,3.0486504740324584e-55,2.0238348916077011e-53,1.9697981,False,lineage_pub,Kupffer,36217
EPN2-AS1,-0.0036395753255153585,0.48854968851957303,0.8186764683347408,4.0353823,False,lineage_pub,Kupffer,36217
EXTL3-AS1,-0.012573297807292102,0.016720047753268425,0.07178806572671965,3.6582136,False,lineage_pub,Kupffer,36217
EZR-AS1,-0.008067835980504656,0.12469963075067558,0.36479925877231534,8.070162,False,lineage_pub,Kupffer,36217
FAM106A,-0.010958644860268398,0.037023526710089405,0.1413774493398547,2.1866245,False,lineage_pub,Kupffer,36217
FAM138B,0.004059550910449546,0.4397946095633282,0.7683051580023326,7.8596773,False,lineage_pub,Kupffer,36217
FAM13A-AS1,-0.020343576821387335,0.00010803226380039831,0.0007641954398339651,1.9317856,False,lineage_pub,Kupffer,36217
FAM182B,0.00037507935471954156,0.9430969122160981,1.0,8.68356,False,lineage_pub,Kupffer,36217
FAM201A,0.010984258918364222,0.03658373543112174,0.1403189496758136,9.6019335,False,lineage_pub,Kupffer,36217
FAM215A,,1.0,1.0,0.0,False,lineage_pub,Kupffer,36217
FAM218A,0.003078955190631596,0.5579226379873099,0.8732378405133456,10.513262,False,lineage_pub,Kupffer,36217
FAM222A-AS1,,1.0,1.0,0.0,False,lineage_pub,Kupffer,36217
FAM224B,-0.0020430945216017584,0.6974215158691478,0.9723340358563402,7.8920813,False,lineage_pub,Kupffer,36217
FAM225A,-0.021031756026655014,6.259495850346684e-05,0.00047804822290700786,3.5267935,False,lineage_pub,Kupffer,36217
FAM225B,-0.006997106496734365,0.18300047553378146,0.45440978934739074,2.3958092,False,lineage_pub,Kupffer,36217
FAM230A,-0.021461789709922564,4.413909751303295e-05,0.00035270408475692074,2.8217258,False,lineage_pub,Kupffer,36217
FAM230C,-0.008637552789566646,0.10022449309189241,0.32093950754731976,12.165777,False,lineage_pub,Kupffer,36217
FAM27E3,-0.0009003322979083259,0.8639609581711426,1.0,9.685657,False,lineage_pub,Kupffer,36217
FAM41C,-0.014726831180915684,0.0050679328238156475,0.02557676039153745,0.83992434,False,lineage_pub,Kupffer,36217
FAM53B-AS1,-0.002082933983588372,0.6918210220575467,0.9707992553425412,9.033789,False,lineage_pub,Kupffer,36217
FAM66B,0.006405316000863424,0.22286277647935396,0.5199517412745926,8.640788,False,lineage_pub,Kupffer,36217
FAM66C,-0.023482391645130957,7.846108666872502e-06,7.54707373110647e-05,12.2101345,False,lineage_pub,Kupffer,36217
FAM66D,-0.00271468796189475,0.6054291350353626,0.9070926103047185,9.709261,False,lineage_pub,Kupffer,36217
FAM66E,-0.0031176667447713924,0.5529825521812357,0.8730445852795554,7.9563303,False,lineage_pub,Kupffer,36217
FAM74A4,0.007545155329967277,0.15103887440847558,0.4137985670302045,9.522033,False,lineage_pub,Kupffer,36217
FAM74A6,-0.005745755838401844,0.27420392844784575,0.5828521927351992,8.772911,False,lineage_pub,Kupffer,36217
FAM83A-AS1,-0.008173041284098403,0.1198592754232015,0.35545895082550827,11.793558,False,lineage_pub,Kupffer,36217
FAM83C-AS1,0.003744565542516234,0.4760949492198391,0.8087990968045692,8.952682,False,lineage_pub,Kupffer,36217
FAM85B,0.0019527381176601443,0.7101843434263925,0.9821940518861807,10.739997,False,lineage_pub,Kupffer,36217
FAM87A,,1.0,1.0,0.0,False,lineage_pub,Kupffer,36217
FAM87B,0.00049602816348941,0.9247956260609331,1.0,3.5175734,False,lineage_pub,Kupffer,36217
FAM99B,,1.0,1.0,0.0,False,lineage_pub,Kupffer,36217
FARP1-AS1,0.002118252957746618,0.6868700468262362,0.9679172609631497,9.952627,False,lineage_pub,Kupffer,36217
FBXL19-AS1,-0.005092916004663407,0.33244856039246706,0.650573940178456,1.8032293,False,lineage_pub,Kupffer,36217
FENDRR,-0.004310351443359578,0.41206315467593774,0.7473201793002696,7.466359,False,lineage_pub,Kupffer,36217
FGD5-AS1,-0.011143945843574437,0.033941099766370796,0.13135053407344394,0.32090926,False,lineage_pub,Kupffer,36217
FGF13-AS1,0.011698042106341766,0.02599903525724664,0.10533881421128569,8.870159,False,lineage_pub,Kupffer,36217
FGF14-AS2,0.013305068527384195,0.011338781407702482,0.05150193870972233,11.601629,False,lineage_pub,Kupffer,36217
FLG-AS1,0.0034516431492641942,0.511275206154529,0.8403279759616268,9.090362,False,lineage_pub,Kupffer,36217
FLNB-AS1,,1.0,1.0,0.0,False,lineage_pub,Kupffer,36217
FOXD2-AS1,-0.01803936689061243,0.0005965232874896351,0.0036253492753771485,4.402595,False,lineage_pub,Kupffer,36217
FOXN3-AS1,-0.006333062142350468,0.22812585823590142,0.5263973680684035,1.6637483,False,lineage_pub,Kupffer,36217
FOXN3-AS2,0.003042752611289751,0.5625618865808806,0.8732378405133456,8.689126,False,lineage_pub,Kupffer,36217
FOXP1-AS1,-0.0033662654446300145,0.5217788594009698,0.8448314365160167,9.686056,False,lineage_pub,Kupffer,36217
FRY-AS1,-0.01250501124410014,0.01732155953950213,0.07363796001276028,4.9353857,False,lineage_pub,Kupffer,36217
FTX,-0.007224692074957532,0.16916721633305862,0.4384123354217105,1.5146785,False,lineage_pub,Kupffer,36217
GAS5-AS1,0.0009708071652602733,0.8534285052682137,1.0,2.3622847,False,lineage_pub,Kupffer,36217
GAS6-AS1,0.008860864537967488,0.09174473702746917,0.3021973589874271,9.64617,False,lineage_pub,Kupffer,36217
GATA3-AS1,,1.0,1.0,0.0,False,lineage_pub,Kupffer,36217
GATA6-AS1,0.00576316534842025,0.272752581210241,0.5826373207535593,8.715055,False,lineage_pub,Kupffer,36217
GDNF-AS1,,1.0,1.0,0.0,False,lineage_pub,Kupffer,36217
GFOD1-AS1,0.00013476256269133146,0.9795401253700494,1.0,8.035939,False,lineage_pub,Kupffer,36217
GGNBP1,,1.0,1.0,0.0,False,lineage_pub,Kupffer,36217
GHRLOS,0.017605790161887562,0.0008061907401189408,0.004765360333716753,1.9209886,False,lineage_pub,Kupffer,36217
GK-AS1,0.0009539385206841576,0.8559472165783684,1.0,1.964098,False,lineage_pub,Kupffer,36217
GNAS-AS1,-0.003685109233058818,0.4831266468077086,0.814332609755962,7.9167757,False,lineage_pub,Kupffer,36217
GNG12-AS1,0.014752029978890987,0.004993078809431735,0.025497201257630695,9.826044,False,lineage_pub,Kupffer,36217
GOLGA8M,-0.0004588170162337819,0.9304224212845196,1.0,10.724426,False,lineage_pub,Kupffer,36217
GPR158-AS1,,1.0,1.0,0.0,False,lineage_pub,Kupffer,36217
GRIK1-AS1,-0.0053610956301519365,0.30761958039716547,0.6159528953196144,9.76536,False,lineage_pub,Kupffer,36217
GRM7-AS1,-0.02554799139968133,1.1585153629808663e-06,1.2192667783566922e-05,12.309965,False,lineage_pub,Kupffer,36217
GRPEL2-AS1,,1.0,1.0,0.0,False,lineage_pub,Kupffer,36217
GS1-24F4.2,,1.0,1.0,0.0,False,lineage_pub,Kupffer,36217
GS1-279B7.1,-0.0016160296835845073,0.7584381727301135,1.0,8.704669,False,lineage_pub,Kupffer,36217
GSN-AS1,-0.0014252684872640934,0.7862139360460585,1.0,5.3103595,False,lineage_pub,Kupffer,36217
GTSCR1,0.0003462957258016265,0.9474570810067992,1.0,8.440931,False,lineage_pub,Kupffer,36217
HAND2-AS1,-0.003515326432476415,0.503513037173906,0.8324363047530285,10.169385,False,lineage_pub,Kupffer,36217
HAR1A,-0.0059474103393522834,0.2577149100491167,0.5681769779086743,10.805031,False,lineage_pub,Kupffer,36217
HAR1B,-0.005393795173206412,0.3046783434642448,0.612907716572595,9.662258,False,lineage_pub,Kupffer,36217
HAS2-AS1,,1.0,1.0,0.0,False,lineage_pub,Kupffer,36217
HCFC1-AS1,-0.0018449632600325845,0.725514232187879,0.9912424644851506,10.092849,False,lineage_pub,Kupffer,36217
HCG11,-0.03680528571752604,2.4442470182746582e-12,4.7940572199341595e-11,1.5284848,False,lineage_pub,Kupffer,36217
HCG14,0.0004898923431017852,0.9257231881737167,1.0,9.64274,False,lineage_pub,Kupffer,36217
HCG15,0.011423452382328492,0.029707672167832568,0.11869315315203476,9.528094,False,lineage_pub,Kupffer,36217
HCG17,-0.0005895396895544518,0.9106727200935506,1.0,9.717487,False,lineage_pub,Kupffer,36217
HCG18,-0.013220997537374761,0.011866823360695637,0.05361816000146772,1.2330394,False,lineage_pub,Kupffer,36217
HCG20,-0.0031387173349265033,0.55030526135442,0.8730026480677657,11.050158,False,lineage_pub,Kupffer,36217
HCG21,,1.0,1.0,0.0,False,lineage_pub,Kupffer,36217
HCG22,,1.0,1.0,0.0,False,lineage_pub,Kupffer,36217
HCG24,-0.0038595136116555727,0.4626609162092211,0.7890837365386517,7.415655,False,lineage_pub,Kupffer,36217
HCG25,-0.0025420560427372577,0.6285584879368584,0.9260383227422919,3.5837965,False,lineage_pub,Kupffer,36217
HCG27,-0.025080745673047907,1.8092228816586345e-06,1.881155839604098e-05,3.8776484,False,lineage_pub,Kupffer,36217
HCG9,-0.0013764022817903461,0.7933746692564304,1.0,8.616225,False,lineage_pub,Kupffer,36217
HDAC11-AS1,0.005920989332942824,0.2598352868102891,0.5688419066045978,9.853391,False,lineage_pub,Kupffer,36217
HEXA-AS1,-0.0033457714742785305,0.5243165615876361,0.8460120232073605,2.635971,False,lineage_pub,Kupffer,36217
HHIP-AS1,0.006077575948967768,0.24744402578637176,0.5546602448146463,9.410944,False,lineage_pub,Kupffer,36217
HIF1A-AS1,-0.0021878514097493184,0.6771531943088954,0.9611565899483171,8.478979,False,lineage_pub,Kupffer,36217
HLA-DQB1-AS1,0.005525574825577254,0.29301483990047505,0.5992222910760899,9.352553,False,lineage_pub,Kupffer,36217
HM13-AS1,0.002636116658081891,0.6159090197850638,0.9180129258627117,9.606207,False,lineage_pub,Kupffer,36217
HMGA1P4,-0.012172053855365081,0.02053421513755917,0.08644403738396861,0.8379588,False,lineage_pub,Kupffer,36217
HMGN3-AS1,-0.010728268511091852,0.04118528866234079,0.15657667011277576,3.3376617,False,lineage_pub,Kupffer,36217
HNF1A-AS1,-0.0057236802981551855,0.2760518343683431,0.5853384104665358,8.739852,False,lineage_pub,Kupffer,36217
HNF4A-AS1,,1.0,1.0,0.0,False,lineage_pub,Kupffer,36217
HOTAIRM1,-0.06602514170083013,2.7766068956089006e-36,1.261164079426569e-34,1.2728593,False,lineage_pub,Kupffer,36217
HOTTIP,-0.004703243339922626,0.37076718976362844,0.6925802700563016,9.44216,False,lineage_pub,Kupffer,36217
HOXA-AS2,-0.04294633929528309,2.9219096063836014e-16,8.134219323577574e-15,4.201206,False,lineage_pub,Kupffer,36217
HOXA-AS3,-0.007793412952510914,0.13804322157239385,0.38908713601124295,8.183552,False,lineage_pub,Kupffer,36217
HOXA10-AS,-0.01653644390755921,0.0016488825993336439,0.009300560021078005,11.064015,False,lineage_pub,Kupffer,36217
HOXA11-AS,,1.0,1.0,0.0,False,lineage_pub,Kupffer,36217
HOXB-AS1,-0.0804750954062785,4.1716107792598365e-53,2.2500625640632743e-51,4.645934,False,lineage_pub,Kupffer,36217
HOXB-AS2,,1.0,1.0,0.0,False,lineage_pub,Kupffer,36217
HOXB-AS3,0.0013079501835222174,0.8034347043260389,1.0,9.337694,False,lineage_pub,Kupffer,36217
HOXC-AS2,-0.0030553435662526666,0.5609462840616537,0.8732378405133456,7.6578007,False,lineage_pub,Kupffer,36217
HOXD-AS2,,1.0,1.0,0.0,False,lineage_pub,Kupffer,36217
HULC,0.004387860009857287,0.40370728885957563,0.7397014655749762,3.8937068,False,lineage_pub,Kupffer,36217
HYI-AS1,-0.011280561882382804,0.0318114872251553,0.1247187380806396,10.627121,False,lineage_pub,Kupffer,36217
IDH1-AS1,-0.0024411403366928945,0.6422520780864854,0.9331036083983786,1.0360236,False,lineage_pub,Kupffer,36217
IDI2-AS1,-0.005913320746891189,0.26045297227757247,0.5688419066045978,2.069437,False,lineage_pub,Kupffer,36217
IFNG-AS1,-0.0054060050255582475,0.30358490169336205,0.6121349770125502,10.095905,False,lineage_pub,Kupffer,36217
IGBP1-AS1,-0.009245920901675446,0.07848476108816253,0.2645794875745479,8.84626,False,lineage_pub,Kupffer,36217
IGBP1-AS2,,1.0,1.0,0.0,False,lineage_pub,Kupffer,36217
IGFBP7-AS1,-0.0025085079353786904,0.6330968834506979,0.9260383227422919,8.495032,False,lineage_pub,Kupffer,36217
IL12A-AS1,-0.002022990270466686,0.7002539955064124,0.9747083840677967,8.147891,False,lineage_pub,Kupffer,36217
IL20RB-AS1,,1.0,1.0,0.0,False,lineage_pub,Kupffer,36217
IL21-AS1,,1.0,1.0,0.0,False,lineage_pub,Kupffer,36217
IL21R-AS1,0.0007151577023400882,0.8917459441524401,1.0,9.163177,False,lineage_pub,Kupffer,36217
INHBA-AS1,-0.03501023161442905,2.6551776657656304e-11,4.67636392970559e-10,3.4608626,False,lineage_pub,Kupffer,36217
INTS6-AS1,-0.029375522424515854,2.2524587248630023e-08,3.0372998118074547e-07,1.7580504,False,lineage_pub,Kupffer,36217
IPO9-AS1,-0.027976908463880037,1.0090969867286778e-07,1.2265502810518998e-06,2.9567523,False,lineage_pub,Kupffer,36217
IQCH-AS1,-0.007158485615983639,0.17310796694306105,0.4443361120805074,1.5885577,False,lineage_pub,Kupffer,36217
ISM1-AS1,,1.0,1.0,0.0,False,lineage_pub,Kupffer,36217
ITCH-AS1,-0.00012163050964340315,0.9815334801014395,1.0,3.4176645,False,lineage_pub,Kupffer,36217
ITGB2-AS1,-0.036686738844045746,2.871439317375653e-12,5.506782513100419e-11,1.2733009,False,lineage_pub,Kupffer,36217
ITIH4-AS1,0.00233760752921229,0.6564282746693485,0.944162668399413,8.484276,False,lineage_pub,Kupffer,36217
ITPK1-AS1,-0.009892587470469937,0.05975241106037792,0.20877056981824352,12.6995125,False,lineage_pub,Kupffer,36217
ITPKB-AS1,-0.007965056554428192,0.1295742613133812,0.37190000809320506,3.92066,False,lineage_pub,Kupffer,36217
JARID2-AS1,-0.01622564890434837,0.0020153442595492433,0.011220916748329013,2.5626683,False,lineage_pub,Kupffer,36217
JAZF1-AS1,-0.017077449936838827,0.001153668259285349,0.006727133160562542,3.7112203,False,lineage_pub,Kupffer,36217
JMJD1C-AS1,0.0014284746764637033,0.7857447333128458,1.0,1.8342724,False,lineage_pub,Kupffer,36217
JPX,-0.022426345085384037,1.9697327305403346e-05,0.00016998793464563085,0.7583668,False,lineage_pub,Kupffer,36217
KANSL1-AS1,0.06807027072230953,1.8367260097334956e-38,8.80608081333337e-37,1.7999072,False,lineage_pub,Kupffer,36217
KBTBD11-OT1,0.0020680802471941765,0.6939071587600698,0.9721459058602927,9.231326,False,lineage_pub,Kupffer,36217
KCNIP2-AS1,-0.002533053442628555,0.6297749937775979,0.9260383227422919,9.214589,False,lineage_pub,Kupffer,36217
KCNJ2-AS1,0.0005559141975254985,0.9157481151366788,1.0,1.590291,False,lineage_pub,Kupffer,36217
KCNQ1-AS1,0.00811759400206396,0.12239166332583641,0.35951513621982534,7.721327,False,lineage_pub,Kupffer,36217
KCNQ1OT1,-0.0023573144066856943,0.6537201658065449,0.9425206329553589,1.9982197,False,lineage_pub,Kupffer,36217
KCNQ5-AS1,,1.0,1.0,0.0,False,lineage_pub,Kupffer,36217
KCTD21-AS1,-0.007337430012685686,0.1626122451910634,0.43592240529046195,2.228468,False,lineage_pub,Kupffer,36217
KDM4A-AS1,-0.010036832474253939,0.056124440799577416,0.1982209969421657,11.192742,False,lineage_pub,Kupffer,36217
KIAA0087,-0.006557504113982324,0.2120627316429972,0.5001643973364145,7.7298355,False,lineage_pub,Kupffer,36217
KIF25-AS1,,1.0,1.0,0.0,False,lineage_pub,Kupffer,36217
KIF9-AS1,-0.010484694396190281,0.04600979108448132,0.16824766824537024,2.1006508,False,lineage_pub,Kupffer,36217
KLHL6-AS1,-0.0051917116105443615,0.32315511168230804,0.6396395903253024,4.0029535,False,lineage_pub,Kupffer,36217
KMT2E-AS1,-0.01195854571708879,0.02285765342743286,0.09438351630561989,0.5118656,False,lineage_pub,Kupffer,36217
KRTAP5-AS1,-0.0012801714370094769,0.8075266062239267,1.0,10.177301,False,lineage_pub,Kupffer,36217
KTN1-AS1,-0.012746606512782836,0.015275043608231,0.06624302831107214,11.636508,False,lineage_pub,Kupffer,36217
LAMTOR5-AS1,-0.016669585811078632,0.001511530975371022,0.008638749879107233,2.257905,False,lineage_pub,Kupffer,36217
LATS2-AS1,0.00874606510749222,0.09602903688439547,0.3139131016334595,1.1177435,False,lineage_pub,Kupffer,36217
LBX2-AS1,-0.026299435797342615,5.566612164658357e-07,6.0809953140508385e-06,0.999002,False,lineage_pub,Kupffer,36217
LDLRAD4-AS1,0.007031083880661691,0.18088360194969078,0.4524711550219801,9.206942,False,lineage_pub,Kupffer,36217
LEMD1-AS1,,1.0,1.0,0.0,False,lineage_pub,Kupffer,36217
LENG8-AS1,-0.02642614001049791,4.909885879021458e-07,5.5129806060947946e-06,2.0392466,False,lineage_pub,Kupffer,36217
LGALS8-AS1,-0.004012890572048988,0.44506960160731723,0.7699468552614666,2.9225264,False,lineage_pub,Kupffer,36217
LIFR-AS1,-0.00782464953603977,0.13647103565164934,0.3861459139913881,9.131796,False,lineage_pub,Kupffer,36217
LIMD1-AS1,0.00437413914214238,0.40517904206107586,0.7408252400396366,2.226328,False,lineage_pub,Kupffer,36217
LINC-PINT,0.00532221374205082,0.3111412820935628,0.621562329737835,1.278738,False,lineage_pub,Kupffer,36217
LINC-ROR,0.006639771366152144,0.20638456126793447,0.4939951737940228,8.026199,False,lineage_pub,Kupffer,36217
LINC00092,0.0014975676545537881,0.7756526477342076,1.0,8.553838,False,lineage_pub,Kupffer,36217
LINC00102,-0.009306434033315566,0.07655026404329142,0.2590701092916098,9.384719,False,lineage_pub,Kupffer,36217
LINC00106,-0.0025102943738153365,0.6328548632196579,0.9260383227422919,2.1176739,False,lineage_pub,Kupffer,36217
LINC00114,-0.004714842664543565,0.36958839799254695,0.6918758947235748,9.746211,False,lineage_pub,Kupffer,36217
LINC00115,-0.02632094576444414,5.449450234515709e-07,6.0293276312654576e-06,1.545402,False,lineage_pub,Kupffer,36217
LINC00158,-0.01049461075542922,0.04580446822714762,0.16824766824537024,9.592209,False,lineage_pub,Kupffer,36217
LINC00159,-0.0007212400094707315,0.8908310022166738,1.0,8.84686,False,lineage_pub,Kupffer,36217
LINC00161,,1.0,1.0,0.0,False,lineage_pub,Kupffer,36217
LINC00174,0.010399301782413762,0.04781016994710853,0.17262435328982695,1.5702939,False,lineage_pub,Kupffer,36217
LINC00184,-0.0037343646483397456,0.47729737415559503,0.809248789580115,8.45853,False,lineage_pub,Kupffer,36217
LINC00200,0.010121268415657381,0.05408719324049568,0.19208743936850936,9.716089,False,lineage_pub,Kupffer,36217
LINC00205,-0.01461118407229624,0.005424643337540667,0.02721783255986974,1.2100754,False,lineage_pub,Kupffer,36217
LINC00221,-0.004492724762723194,0.39256516711378225,0.7254469790560901,9.719615,False,lineage_pub,Kupffer,36217
LINC00222,-0.0048900797003506875,0.35206413777498635,0.6692320504401172,9.934326,False,lineage_pub,Kupffer,36217
LINC00226,,1.0,1.0,0.0,False,lineage_pub,Kupffer,36217
LINC00237,-0.0017057150193193573,0.7454840983907889,1.0,10.938899,False,lineage_pub,Kupffer,36217
LINC00240,,1.0,1.0,0.0,False,lineage_pub,Kupffer,36217
LINC00242,0.00547265122611278,0.29766246938279783,0.6060686257755027,8.992247,False,lineage_pub,Kupffer,36217
LINC00261,-0.002291112155871472,0.6628355080993,0.9486352296678208,10.632952,False,lineage_pub,Kupffer,36217
LINC00265,-0.0007979080898220443,0.8793109293401167,1.0,2.6699352,False,lineage_pub,Kupffer,36217
LINC00276,0.00820152925055289,0.11857422848017884,0.3553109693694248,7.505658,False,lineage_pub,Kupffer,36217
LINC00278,-0.005578908123861852,0.2883807607104873,0.5954163178744031,1.21492,False,lineage_pub,Kupffer,36217
LINC00298,-0.0039756156619606174,0.44930935841886005,0.7714143673970589,7.8937864,False,lineage_pub,Kupffer,36217
LINC00299,0.004977027900670735,0.34356762966265664,0.6599942093337927,11.054467,False,lineage_pub,Kupffer,36217
LINC00304,-0.007157921882334942,0.1731418137280142,0.4443361120805074,8.178111,False,lineage_pub,Kupffer,36217
LINC00305,,1.0,1.0,0.0,False,lineage_pub,Kupffer,36217
LINC00309,-0.00581662869652428,0.2683284878647666,0.5818278518273708,0.61098146,False,lineage_pub,Kupffer,36217
LINC00310,0.0008125999194403544,0.8771061859138228,1.0,8.970916,False,lineage_pub,Kupffer,36217
LINC00311,0.007588162392381275,0.14872314896301483,0.4087518393473943,9.7340975,False,lineage_pub,Kupffer,36217
LINC00313,-0.000932467382298707,0.8591552613219632,1.0,9.304018,False,lineage_pub,Kupffer,36217
LINC00315,,1.0,1.0,0.0,False,lineage_pub,Kupffer,36217
LINC00319,0.005984818672710656,0.25473333642830787,0.5665847147877054,7.9947157,False,lineage_pub,Kupffer,36217
LINC00322,,1.0,1.0,0.0,False,lineage_pub,Kupffer,36217
LINC00323,0.008436103944360531,0.10839959531934058,0.33932128420134955,9.835094,False,lineage_pub,Kupffer,36217
LINC00324,-0.020925133407060776,6.819084348449073e-05,0.0005162166484834694,0.8265939,False,lineage_pub,Kupffer,36217
LINC00327,0.010466155275213756,0.046395731719268606,0.1689431074840878,10.066862,False,lineage_pub,Kupffer,36217
LINC00330,-0.005798649220960089,0.2698107558015623,0.5826373207535593,9.184416,False,lineage_pub,Kupffer,36217
LINC00332,-0.003992201669147053,0.4474199950710492,0.7707055004916477,7.861081,False,lineage_pub,Kupffer,36217
LINC00333,,1.0,1.0,0.0,False,lineage_pub,Kupffer,36217
LINC00334,,1.0,1.0,0.0,False,lineage_pub,Kupffer,36217
LINC00336,,1.0,1.0,0.0,False,lineage_pub,Kupffer,36217
LINC00339,-0.055188997953499457,7.725304210242284e-26,3.0304261515632234e-24,1.4221067,False,lineage_pub,Kupffer,36217
LINC00342,0.060374128985741134,1.3229465561710886e-30,5.708514389878246e-29,3.2058706,False,lineage_pub,Kupffer,36217
LINC00355,-0.0013332510754451704,0.7997124777279013,1.0,8.751396,False,lineage_pub,Kupffer,36217
LINC00359,0.002460693931937251,0.6395890774561609,0.9308016422338395,9.244661,False,lineage_pub,Kupffer,36217
LINC00379,0.00048792442240505916,0.9260207034449117,1.0,11.596949,False,lineage_pub,Kupffer,36217
LINC00381,,1.0,1.0,0.0,False,lineage_pub,Kupffer,36217
LINC00384,,1.0,1.0,0.0,False,lineage_pub,Kupffer,36217
LINC00393,,1.0,1.0,0.0,False,lineage_pub,Kupffer,36217
LINC00398,-0.002803537820785882,0.5936755277879222,0.8925480951880739,8.022424,False,lineage_pub,Kupffer,36217
LINC00399,-0.01049279629569735,0.045841979664093806,0.16824766824537024,9.637312,False,lineage_pub,Kupffer,36217
LINC00402,-0.0009735939781342223,0.853012540371137,1.0,8.486839,False,lineage_pub,Kupffer,36217
LINC00407,,1.0,1.0,0.0,False,lineage_pub,Kupffer,36217
LINC00412,-0.00727555148101506,0.16618594593344377,0.43592240529046195,9.482151,False,lineage_pub,Kupffer,36217
LINC00426,-0.0197706869879907,0.0001680546579687581,0.0011419777151735293,11.265886,False,lineage_pub,Kupffer,36217
LINC00427,,1.0,1.0,0.0,False,lineage_pub,Kupffer,36217
LINC00449,-0.0032206778203923573,0.5399424314801369,0.8645089394570652,3.5044918,False,lineage_pub,Kupffer,36217
LINC00461,-0.0012082654932178665,0.8181428158518489,1.0,8.35046,False,lineage_pub,Kupffer,36217
LINC00462,-0.0036083572795756066,0.49228660104915717,0.8201608816707,8.437456,False,lineage_pub,Kupffer,36217
LINC00469,,1.0,1.0,0.0,False,lineage_pub,Kupffer,36217
LINC00470,0.018457960367322966,0.00044329601877905674,0.0028338108459727853,12.279349,False,lineage_pub,Kupffer,36217
LINC00472,0.014555664228999978,0.005603816998661102,0.02779364407956627,11.050791,False,lineage_pub,Kupffer,36217
LINC00479,,1.0,1.0,0.0,False,lineage_pub,Kupffer,36217
LINC00482,-0.04187572426330717,1.5550589190076992e-15,4.066714688192862e-14,4.0911846,False,lineage_pub,Kupffer,36217
LINC00484,-0.021171033804686296,5.593792994717863e-05,0.0004349048067064429,13.038677,False,lineage_pub,Kupffer,36217
LINC00485,0.005057726979305903,0.3357999853474127,0.6541656599431538,7.209715,False,lineage_pub,Kupffer,36217
LINC00486,,1.0,1.0,0.0,False,lineage_pub,Kupffer,36217
LINC00487,0.013685417128469967,0.00920160526083817,0.043157529022300765,11.229145,False,lineage_pub,Kupffer,36217
LINC00491,,1.0,1.0,0.0,False,lineage_pub,Kupffer,36217
LINC00494,-0.008175896330355672,0.11972999908661972,0.35545895082550827,8.145967,False,lineage_pub,Kupffer,36217
LINC00500,,1.0,1.0,0.0,False,lineage_pub,Kupffer,36217
LINC00501,-0.0017179016675063694,0.7437293171310542,1.0,8.822542,False,lineage_pub,Kupffer,36217
LINC00504,0.003250299637914862,0.5362213129523952,0.8617485904616704,11.535709,False,lineage_pub,Kupffer,36217
LINC00507,0.004851155798893031,0.35591048867277614,0.6735762099223812,8.578182,False,lineage_pub,Kupffer,36217
LINC00511,0.0008603532281126145,0.8699467098049645,1.0,2.2514286,False,lineage_pub,Kupffer,36217
LINC00525,,1.0,1.0,0.0,False,lineage_pub,Kupffer,36217
LINC00526,-0.004989406340573268,0.34236875584455845,0.6599942093337927,1.0881052,False,lineage_pub,Kupffer,36217
LINC00528,-0.040540538111496126,1.1809429823977415e-14,2.7544697129979754e-13,1.3961182,False,lineage_pub,Kupffer,36217
LINC00534,,1.0,1.0,0.0,False,lineage_pub,Kupffer,36217
LINC00543,-0.004345958810361371,0.40821181203023793,0.7432210839284712,10.21686,False,lineage_pub,Kupffer,36217
LINC00544,-0.003397816656222052,0.5178843608428835,0.8432720819007706,8.17473,False,lineage_pub,Kupffer,36217
LINC00545,-0.005884107389805407,0.2628153383019974,0.5713089092056014,8.63966,False,lineage_pub,Kupffer,36217
LINC00551,,1.0,1.0,0.0,False,lineage_pub,Kupffer,36217
LINC00562,-0.014474932547600043,0.0058738871023326185,0.02880890261024311,4.944443,False,lineage_pub,Kupffer,36217
LINC00563,0.007777232469475039,0.13886307982788276,0.38908713601124295,9.278218,False,lineage_pub,Kupffer,36217
LINC00570,,1.0,1.0,0.0,False,lineage_pub,Kupffer,36217
LINC00571,0.008292759006439224,0.11453158899053852,0.3508127849206054,9.818923,False,lineage_pub,Kupffer,36217
LINC00574,0.0013519816577543594,0.7969597873044184,1.0,9.7097025,False,lineage_pub,Kupffer,36217
LINC00578,-0.0007095439280501414,0.89259053413061,1.0,9.278332,False,lineage_pub,Kupffer,36217
LINC00582,0.004122752746758696,0.4327071193803465,0.7665648335942875,9.261559,False,lineage_pub,Kupffer,36217
LINC00592,-0.007261807546459882,0.1669876625914527,0.4366132080987509,9.070282,False,lineage_pub,Kupffer,36217
LINC00595,-0.006773501272992913,0.1973913511012867,0.4806297924963649,9.715337,False,lineage_pub,Kupffer,36217
LINC00598,,1.0,1.0,0.0,False,lineage_pub,Kupffer,36217
LINC00601,,1.0,1.0,0.0,False,lineage_pub,Kupffer,36217
LINC00604,0.003020720850067782,0.5653942742923148,0.8758519521078857,8.848363,False,lineage_pub,Kupffer,36217
LINC00607,-0.0056072632125402574,0.28593723958115225,0.5946116572494805,11.041402,False,lineage_pub,Kupffer,36217
LINC00608,-0.005038151657715205,0.33767373260340877,0.6548593960376219,8.40314,False,lineage_pub,Kupffer,36217
LINC00621,-0.009706137473404113,0.06472802291125503,0.22344113508965235,10.242725,False,lineage_pub,Kupffer,36217
LINC00623,0.0034426304104634613,0.5123787684585366,0.8403279759616268,1.6800375,False,lineage_pub,Kupffer,36217
LINC00629,-0.000979409810791536,0.8521445900918054,1.0,9.396063,False,lineage_pub,Kupffer,36217
LINC00630,-0.002840835106969763,0.588772927169466,0.8867557349864733,2.876688,False,lineage_pub,Kupffer,36217
LINC00632,0.005441718175985791,0.3004016281481352,0.6071349065382685,9.261559,False,lineage_pub,Kupffer,36217
LINC00636,,1.0,1.0,0.0,False,lineage_pub,Kupffer,36217
LINC00638,-0.015573216509009986,0.003038858637714354,0.016089171805812808,12.59206,False,lineage_pub,Kupffer,36217
LINC00639,0.020260888915355574,0.00011522697067587439,0.0008019425459135452,11.735089,False,lineage_pub,Kupffer,36217
LINC00640,-0.006172155719257798,0.2401631612975678,0.5468622907646464,8.935861,False,lineage_pub,Kupffer,36217
LINC00642,-0.0032081358748792194,0.5415218465182978,0.8654321361949834,7.5781565,False,lineage_pub,Kupffer,36217
LINC00648,-0.031449505903527034,2.1459504019520376e-09,3.1930262015251867e-08,12.451243,False,lineage_pub,Kupffer,36217
LINC00649,0.003155267848658292,0.5482047980514456,0.8712720823543234,2.4637556,False,lineage_pub,Kupffer,36217
LINC00654,0.00079236753031541,0.8801426226831094,1.0,2.5740795,False,lineage_pub,Kupffer,36217
LINC00656,-0.007588722919497021,0.14869314722416985,0.4087518393473943,3.0824823,False,lineage_pub,Kupffer,36217
LINC00659,-0.00811574627287071,0.12247676714788952,0.35951513621982534,10.34046,False,lineage_pub,Kupffer,36217
LINC00662,-0.023871576112750512,5.534513118089963e-06,5.5538195591995795e-05,1.3837867,False,lineage_pub,Kupffer,36217
LINC00663,-0.013712863673193009,0.009062286919750933,0.042971173690906896,12.160141,False,lineage_pub,Kupffer,36217
LINC00664,0.005227821913273585,0.3198009841840597,0.6359176252323583,13.167365,False,lineage_pub,Kupffer,36217
LINC00665,-0.014568998318979953,0.005560304718658123,0.027737242613884164,3.9759383,False,lineage_pub,Kupffer,36217
LINC00667,-0.021659858470351304,3.7498126465461366e-05,0.00031418333145333163,0.61231756,False,lineage_pub,Kupffer,36217
LINC00671,0.0008949593891992697,0.8647649553946467,1.0,3.672144,False,lineage_pub,Kupffer,36217
LINC00677,-0.0020491883453250368,0.6965637894058433,0.9723340358563402,10.241266,False,lineage_pub,Kupffer,36217
LINC00678,0.005747302793238896,0.2740747530833733,0.5828521927351992,7.4101753,False,lineage_pub,Kupffer,36217
LINC00682,0.0021663441225115644,0.6801502533036637,0.9638254000017437,8.337794,False,lineage_pub,Kupffer,36217
LINC00683,2.005197540634685e-05,0.9969553497028754,1.0,9.238202,False,lineage_pub,Kupffer,36217
LINC00685,-0.08522065422502978,2.3401470151171905e-59,2.2439409711623728e-57,2.202058,False,lineage_pub,Kupffer,36217
LINC00686,0.01131535624986392,0.031287772662773015,0.12329382560718315,9.744471,False,lineage_pub,Kupffer,36217
LINC00687,-0.008719853568100866,0.09702936206094231,0.3153385486110556,8.372331,False,lineage_pub,Kupffer,36217
LINC00691,-0.004071179538496523,0.4384855897854964,0.767572137900372,9.457432,False,lineage_pub,Kupffer,36217
LINC00692,,1.0,1.0,0.0,False,lineage_pub,Kupffer,36217
LINC00702,0.007079903892609899,0.17787390285959212,0.4488455501983275,8.848363,False,lineage_pub,Kupffer,36217
LINC00707,-0.0028774209437072737,0.5839820844150578,0.8841693664038508,8.325078,False,lineage_pub,Kupffer,36217
LINC00838,-0.003454683569783613,0.5109032028971764,0.8403279759616268,9.381161,False,lineage_pub,Kupffer,36217
LINC00839,-5.963070477466277e-05,0.9909459699797998,1.0,8.820493,False,lineage_pub,Kupffer,36217
LINC00842,-0.0017309760227297555,0.7418481919799814,1.0,9.154474,False,lineage_pub,Kupffer,36217
LINC00844,0.010454539593601948,0.046638928665769325,0.16911510688470135,12.071065,False,lineage_pub,Kupffer,36217
LINC00847,-0.01773225667121512,0.0007388737824284582,0.004397572925763858,0.9011276,False,lineage_pub,Kupffer,36217
LINC00852,0.004010849062043626,0.4453012168479747,0.7699468552614666,2.090188,False,lineage_pub,Kupffer,36217
LINC00853,-0.0005760561891501583,0.9127074790077309,1.0,10.002318,False,lineage_pub,Kupffer,36217
LINC00861,-0.033304007170908825,2.304418557379862e-10,3.899437676507492e-09,12.600785,False,lineage_pub,Kupffer,36217
LINC00862,-0.005168504708678574,0.3253227599896573,0.6424566175539458,3.084652,False,lineage_pub,Kupffer,36217
LINC00863,0.0036618754143603886,0.48588967890758333,0.8172186853798865,1.7181749,False,lineage_pub,Kupffer,36217
LINC00865,-0.01370030861673926,0.009125780836288585,0.04303578612960136,3.8169022,False,lineage_pub,Kupffer,36217
LINC00867,-0.009801249643848074,0.06214872905051674,0.21626755310724172,9.085326,False,lineage_pub,Kupffer,36217
LINC00868,,1.0,1.0,0.0,False,lineage_pub,Kupffer,36217
LINC00869,0.004982825390926148,0.34300579904937917,0.6599942093337927,9.213125,False,lineage_pub,Kupffer,36217
LINC00870,,1.0,1.0,0.0,False,lineage_pub,Kupffer,36217
LINC00871,,1.0,1.0,0.0,False,lineage_pub,Kupffer,36217
LINC00877,-0.007298137400375767,0.16487474707086275,0.43592240529046195,2.517152,False,lineage_pub,Kupffer,36217
LINC00880,-0.005767407044373968,0.272399769007251,0.5826373207535593,9.071238,False,lineage_pub,Kupffer,36217
LINC00881,0.0031048942160187753,0.5546101160689827,0.8732378405133456,9.946387,False,lineage_pub,Kupffer,36217
LINC00882,-0.0022683793808388865,0.6659772073090214,0.9504005825824408,9.932166,False,lineage_pub,Kupffer,36217
LINC00885,-0.004045102648821183,0.44142415177444655,0.7695940262249441,9.982901,False,lineage_pub,Kupffer,36217
LINC00886,-0.0069933083345166324,0.1832382464575805,0.45440978934739074,1.2101321,False,lineage_pub,Kupffer,36217
LINC00887,-0.006716078295425582,0.20121721957284555,0.48641585571811125,2.3062563,False,lineage_pub,Kupffer,36217
LINC00896,-0.008177245838873106,0.11966893143934126,0.35545895082550827,11.3815775,False,lineage_pub,Kupffer,36217
LINC00900,-0.03226693739811982,8.147236783569475e-10,1.2783755171309922e-08,2.4190507,False,lineage_pub,Kupffer,36217
LINC00907,0.004112808873123054,0.43381782868500923,0.7665648335942875,9.877826,False,lineage_pub,Kupffer,36217
LINC00910,-0.013437219101666675,0.010550860819237612,0.04843294088830882,1.3268075,False,lineage_pub,Kupffer,36217
LINC00920,-0.0014140991970347909,0.7878490867436378,1.0,1.7910919,False,lineage_pub,Kupffer,36217
LINC00923,-0.004719524843140922,0.3691132280651958,0.6918758947235748,11.805923,False,lineage_pub,Kupffer,36217
LINC00924,0.006804643173909291,0.19533888718238782,0.4775565428849878,2.9855862,False,lineage_pub,Kupffer,36217
LINC00926,-0.016128001589765132,0.002145066565458538,0.011866618243530245,1.9106531,False,lineage_pub,Kupffer,36217
LINC00929,,1.0,1.0,0.0,False,lineage_pub,Kupffer,36217
LINC00937,-0.19034778222952892,1.325691169288609e-292,5.720357395480349e-290,4.938239,False,lineage_pub,Kupffer,36217
LINC00938,-0.028984971134859015,3.447760647884245e-08,4.5082082410971266e-07,1.0847087,False,lineage_pub,Kupffer,36217
LINC00939,-0.001614873972424711,0.7586055549002532,1.0,7.8291655,False,lineage_pub,Kupffer,36217
LINC00940,,1.0,1.0,0.0,False,lineage_pub,Kupffer,36217
LINC00941,0.006636002643277543,0.20664224535300374,0.4939951737940228,8.948278,False,lineage_pub,Kupffer,36217
LINC00943,-0.0032413078892520888,0.5373494985812928,0.8619565376870922,8.419766,False,lineage_pub,Kupffer,36217
LINC00944,-0.0023044420646178483,0.6609960476537904,0.9475740683143207,1.3399019,False,lineage_pub,Kupffer,36217
LINC00951,,1.0,1.0,0.0,False,lineage_pub,Kupffer,36217
LINC00954,0.0010738503552515698,0.8380761410831993,1.0,1.4387665,False,lineage_pub,Kupffer,36217
LINC00957,-0.018127739891623335,0.0005605618664559623,0.0034588100637192773,2.5422435,False,lineage_pub,Kupffer,36217
LINC00958,0.002993861136424288,0.5688565819233525,0.8758519521078857,2.4429283,False,lineage_pub,Kupffer,36217
LINC00960,-0.020746601508407205,7.86340234344687e-05,0.0005850100191719524,4.0723853,False,lineage_pub,Kupffer,36217
LINC00964,-0.001139597272323592,0.8283122615349098,1.0,9.273391,False,lineage_pub,Kupffer,36217
LINC00968,-0.022705965130645593,1.5495328826429474e-05,0.00013614441474450582,1.6744285,False,lineage_pub,Kupffer,36217
LINC00970,0.007112711253706715,0.17587241155963063,0.44772239284944315,9.733379,False,lineage_pub,Kupffer,36217
LINC00971,0.00475428910271064,0.3655970772147251,0.6879333189510306,10.129277,False,lineage_pub,Kupffer,36217
LINC00987,-0.01689341887063967,0.0013041489074530751,0.007503203380880025,3.2039356,False,lineage_pub,Kupffer,36217
LINC00989,-0.008036582491773608,0.12616655103592608,0.36784369440541964,8.328617,False,lineage_pub,Kupffer,36217
LINC00992,,1.0,1.0,0.0,False,lineage_pub,Kupffer,36217
LINC00996,-0.014473399562032562,0.005879126975424559,0.02880890261024311,5.4504967,False,lineage_pub,Kupffer,36217
LINC01001,-0.020816996402201308,7.434754868288332e-05,0.0005579298653332897,3.5595927,False,lineage_pub,Kupffer,36217
LINC01003,-0.02719792014619098,2.2578315998453003e-07,2.633119825224992e-06,0.54581976,False,lineage_pub,Kupffer,36217
LINC01004,-0.02157706678845475,4.014959636546844e-05,0.00033041809467445205,2.6571121,False,lineage_pub,Kupffer,36217
LINC01010,-0.015692632731482525,0.002821827251463429,0.01522023073758087,5.2587557,False,lineage_pub,Kupffer,36217
LINC01011,-0.02357099565416966,7.2501593252659194e-06,7.110099429209646e-05,2.3704104,False,lineage_pub,Kupffer,36217
LINC01013,0.019581410632411995,0.00019398712773415752,0.0013078975877701402,11.101937,False,lineage_pub,Kupffer,36217
LINC01018,-0.0030563272504948295,0.5608201577201564,0.8732378405133456,8.713962,False,lineage_pub,Kupffer,36217
LINC01023,-0.032482179555945484,6.288467821013804e-10,1.004990320284243e-08,2.3635993,False,lineage_pub,Kupffer,36217
LINC01030,0.0036548000394822744,0.48673279754955007,0.8172186853798865,10.080428,False,lineage_pub,Kupffer,36217
LINC01031,-0.004274566933140624,0.4159552833344555,0.7494142161119731,8.11028,False,lineage_pub,Kupffer,36217
LINC01036,,1.0,1.0,0.0,False,lineage_pub,Kupffer,36217
LINC01048,,1.0,1.0,0.0,False,lineage_pub,Kupffer,36217
LINC01050,-0.006588600434652511,0.20990330529410872,0.49902631534109043,9.0034685,False,lineage_pub,Kupffer,36217
LINC01054,,1.0,1.0,0.0,False,lineage_pub,Kupffer,36217
LINC01058,,1.0,1.0,0.0,False,lineage_pub,Kupffer,36217
LINC01063,-0.0025787199909708372,0.6236145900275226,0.9231207396119245,2.308094,False,lineage_pub,Kupffer,36217
LINC01068,,1.0,1.0,0.0,False,lineage_pub,Kupffer,36217
LINC01072,,1.0,1.0,0.0,False,lineage_pub,Kupffer,36217
LINC01085,-0.005921709755843444,0.25977731069710996,0.5688419066045978,9.117153,False,lineage_pub,Kupffer,36217
LINC01087,0.007362176765663606,0.16119937463619835,0.4347345634719974,7.994178,False,lineage_pub,Kupffer,36217
LINC01088,-0.008349413165100293,0.11207619444973506,0.3466729598929081,9.323771,False,lineage_pub,Kupffer,36217
LINC01090,,1.0,1.0,0.0,False,lineage_pub,Kupffer,36217
LINC01091,0.0037712940960814676,0.4729522242990692,0.8050449103946681,9.041245,False,lineage_pub,Kupffer,36217
LINC01093,-0.007914960213630378,0.13200325315633468,0.37721459428449283,10.655936,False,lineage_pub,Kupffer,36217
LINC01094,-0.038267020010500204,3.2185354229794897e-13,6.613323976264999e-12,2.9797773,False,lineage_pub,Kupffer,36217
LINC01095,0.018572151471170424,0.00040838474771683335,0.0026301196811912477,11.182319,False,lineage_pub,Kupffer,36217
LINC01099,0.006241596280645613,0.23491455341567216,0.5377486991982098,9.261559,False,lineage_pub,Kupffer,36217
LINC01102,5.277365922956572e-05,0.9919870724406628,1.0,8.323431,False,lineage_pub,Kupffer,36217
LINC01104,0.0011235867132074326,0.830687560923577,1.0,8.877653,False,lineage_pub,Kupffer,36217
LINC01106,0.0034986949257305483,0.505534181822671,0.8341797302351148,8.989112,False,lineage_pub,Kupffer,36217
LINC01111,,1.0,1.0,0.0,False,lineage_pub,Kupffer,36217
LINC01114,-0.018738242737687812,0.0003621661893386742,0.002367798646964211,11.849109,False,lineage_pub,Kupffer,36217
LINC01115,0.0055502456668809165,0.2908650370639292,0.5962387814398358,9.313057,False,lineage_pub,Kupffer,36217
LINC01116,-0.015380103875032457,0.003422230837832541,0.017899304321512016,1.2921867,False,lineage_pub,Kupffer,36217
LINC01117,-0.0017309760227297555,0.7418481919799814,1.0,9.154474,False,lineage_pub,Kupffer,36217
LINC01118,0.0018590711066588678,0.7235011099568283,0.9912424644851506,10.360046,False,lineage_pub,Kupffer,36217
LINC01119,0.0009380181699659828,0.8583256821968513,1.0,10.677652,False,lineage_pub,Kupffer,36217
LINC01122,-0.015777958662243654,0.002675526268230266,0.014521881569073705,9.886905,False,lineage_pub,Kupffer,36217
LINC01123,,1.0,1.0,0.0,False,lineage_pub,Kupffer,36217
LINC01124,,1.0,1.0,0.0,False,lineage_pub,Kupffer,36217
LINC01132,0.004222940493710948,0.4216085498332244,0.7577476979605728,8.683181,False,lineage_pub,Kupffer,36217
LINC01133,-0.002855804893157107,0.586810470335776,0.8853451676569488,8.590867,False,lineage_pub,Kupffer,36217
LINC01134,-0.003042487922653311,0.5625958740734881,0.8732378405133456,2.0068812,False,lineage_pub,Kupffer,36217
LINC01135,-0.019119868422710587,0.00027384319277345753,0.0018178975027961066,11.606413,False,lineage_pub,Kupffer,36217
LINC01138,0.00312121558232886,0.5525307508571219,0.8730445852795554,10.012126,False,lineage_pub,Kupffer,36217
LINC01140,,1.0,1.0,0.0,False,lineage_pub,Kupffer,36217
LINC01149,-0.0055787549500625625,0.2883939986923528,0.5954163178744031,7.7663727,False,lineage_pub,Kupffer,36217
LINC01150,-0.00033738023252320476,0.9488079329500075,1.0,8.175318,False,lineage_pub,Kupffer,36217
LINC01151,0.0019807713430830334,0.7062157493819482,0.9798459673900664,8.057122,False,lineage_pub,Kupffer,36217
LINC01152,0.0070867485251131105,0.17745493615373215,0.4488455501983275,7.168767,False,lineage_pub,Kupffer,36217
LINC01160,-0.010390141419630319,0.048006772641435075,0.17262435328982695,10.601686,False,lineage_pub,Kupffer,36217
LINC01166,,1.0,1.0,0.0,False,lineage_pub,Kupffer,36217
LIPE-AS1,-4.962301222816731e-05,0.992465438586372,1.0,1.6811597,False,lineage_pub,Kupffer,36217
LL22NC03-63E9.3,0.008929805747920896,0.0892465661557685,0.29839532231805727,7.5292225,False,lineage_pub,Kupffer,36217
LMCD1-AS1,-0.007761237669235368,0.1396772102249771,0.39010172305551855,9.410282,False,lineage_pub,Kupffer,36217
LMLN-AS1,,1.0,1.0,0.0,False,lineage_pub,Kupffer,36217
LOH12CR2,-0.03023398735961892,8.670549583046127e-09,1.226669555765378e-07,1.8162656,False,lineage_pub,Kupffer,36217
LOXL1-AS1,-0.008011369598796112,0.12735971393018716,0.3700721653931027,10.16248,False,lineage_pub,Kupffer,36217
LPP-AS1,0.0029005408325126075,0.580963970265168,0.882697018202183,8.436227,False,lineage_pub,Kupffer,36217
LPP-AS2,-0.01114900078425221,0.03386018300506639,0.13135053407344394,1.4959693,False,lineage_pub,Kupffer,36217
LRP4-AS1,-0.01732661916800421,0.0009754210101113852,0.005726451236232146,12.158106,False,lineage_pub,Kupffer,36217
LUCAT1,-0.034589767104712954,4.5660268151294733e-11,7.88096228291347e-10,2.6385448,False,lineage_pub,Kupffer,36217
LY86-AS1,-0.028381522116972285,6.585700076474524e-08,8.285048242152193e-07,12.862698,False,lineage_pub,Kupffer,36217
MAFG-AS1,-0.003616797529107797,0.49127476323213976,0.8201608816707,10.973601,False,lineage_pub,Kupffer,36217
MALAT1,0.08461978004387047,1.5158771352070045e-58,1.3082019676836447e-56,0.14854956,False,lineage_pub,Kupffer,36217
MAMDC2-AS1,-0.005643289178787518,0.2828529086728812,0.5935937211753299,9.603233,False,lineage_pub,Kupffer,36217
MAP3K14-AS1,-0.006300294744342014,0.23054164277480635,0.5305531672390877,10.021421,False,lineage_pub,Kupffer,36217
MAPKAPK5-AS1,-0.0756450467396729,4.1050345684387953e-47,2.083908725036871e-45,1.4066541,False,lineage_pub,Kupffer,36217
MAST4-AS1,0.006595605425955106,0.20941906118237238,0.49902631534109043,9.447853,False,lineage_pub,Kupffer,36217
MATN1-AS1,-0.021080348962969075,6.019147760150823e-05,0.0004637968318759072,1.7603531,False,lineage_pub,Kupffer,36217
MBNL1-AS1,-0.010652518238773025,0.042637546215788025,0.15998348862706552,1.6849728,False,lineage_pub,Kupffer,36217
MCCC1-AS1,,1.0,1.0,0.0,False,lineage_pub,Kupffer,36217
MCF2L-AS1,-0.00162812779959181,0.7566866780028232,1.0,9.789019,False,lineage_pub,Kupffer,36217
MCM3AP-AS1,-0.023721772765134094,6.3342412213246844e-06,6.283276062072648e-05,12.09996,False,lineage_pub,Kupffer,36217
MDC1-AS1,-0.002384866790897994,0.6499415692612273,0.9395302751632146,8.080297,False,lineage_pub,Kupffer,36217
MDS2,,1.0,1.0,0.0,False,lineage_pub,Kupffer,36217
MED4-AS1,-0.0040259229638238934,0.4435926587136491,0.7699468552614666,8.4458885,False,lineage_pub,Kupffer,36217
MEF2C-AS1,-0.007055479997266301,0.1793749157566758,0.4500016055174745,3.181827,False,lineage_pub,Kupffer,36217
MEG3,0.11549389674254824,9.05103592753278e-108,1.5622088010921578e-105,16.709723,False,lineage_pub,Kupffer,36217
MEG8,0.00797326150687544,0.1291797613063083,0.37190000809320506,9.412349,False,lineage_pub,Kupffer,36217
MEG9,0.0068275985399800475,0.19383602031596278,0.4752286520814656,9.501239,False,lineage_pub,Kupffer,36217
MEIS1-AS2,-0.0047863195889824225,0.3623759993916128,0.6843117887854745,7.591359,False,lineage_pub,Kupffer,36217
MIAT,-0.02227355460442153,2.2431045957614812e-05,0.0001916632936774414,5.1141534,False,lineage_pub,Kupffer,36217
MID1IP1-AS1,-0.0043896920161207885,0.4035110232907805,0.7397014655749762,9.849461,False,lineage_pub,Kupffer,36217
MIMT1,,1.0,1.0,0.0,False,lineage_pub,Kupffer,36217
MIR155HG,-0.03050803030775433,6.357836327459353e-09,9.144687917662369e-08,3.3289542,False,lineage_pub,Kupffer,36217
MIR181A1HG,-0.050948750543472004,2.959271896789748e-22,1.1103702812737184e-20,1.3269784,False,lineage_pub,Kupffer,36217
MIR181A2HG,-0.005770515859331197,0.27214138503094665,0.5826373207535593,10.7174,False,lineage_pub,Kupffer,36217
MIR202HG,0.00841652763522503,0.10922138073322563,0.34028177463095205,9.082345,False,lineage_pub,Kupffer,36217
MIR210HG,-0.02915991019406782,2.8511049991891326e-08,3.785390175846495e-07,12.67959,False,lineage_pub,Kupffer,36217
MIR22HG,-0.002857061546405513,0.5866458679530656,0.8853451676569488,1.4917226,False,lineage_pub,Kupffer,36217
MIR4458HG,-0.005665756755178342,0.2809408235049492,0.5932963185685348,1.8483293,False,lineage_pub,Kupffer,36217
MIR4500HG,,1.0,1.0,0.0,False,lineage_pub,Kupffer,36217
MIR497HG,-0.016031272170853563,0.0022810761546356024,0.012538654276754936,3.3441668,False,lineage_pub,Kupffer,36217
MIR503HG,-0.008804455878548407,0.093830307651389,0.3078918460195768,1.7412796,False,lineage_pub,Kupffer,36217
MIS18A-AS1,0.005150037692766078,0.3270544197268075,0.6429338592807172,10.37649,False,lineage_pub,Kupffer,36217
MKNK1-AS1,-0.0023261377009617884,0.6580065361111851,0.9448579711546635,9.379566,False,lineage_pub,Kupffer,36217
MNX1-AS1,,1.0,1.0,0.0,False,lineage_pub,Kupffer,36217
MNX1-AS2,,1.0,1.0,0.0,False,lineage_pub,Kupffer,36217
MORC2-AS1,-0.012346188476335387,0.018794478264897288,0.07950801344414882,0.9407635,False,lineage_pub,Kupffer,36217
MORF4L2-AS1,-0.01703912125531857,0.0011836187934298936,0.006855456501543612,11.806818,False,lineage_pub,Kupffer,36217
MPRIP-AS1,-0.018694975677317816,0.00037371075725416077,0.0024249051391754942,3.1254606,False,lineage_pub,Kupffer,36217
MRPL23-AS1,0.0029799526244961446,0.5706534078358135,0.8761059066103816,7.8748016,False,lineage_pub,Kupffer,36217
MTUS2-AS1,-0.004279543006755485,0.4154127614753304,0.7494142161119731,8.340995,False,lineage_pub,Kupffer,36217
MYCBP2-AS1,0.0045919146550911305,0.38219945026593005,0.7078071364366902,9.980993,False,lineage_pub,Kupffer,36217
MYLK-AS1,-0.0023538602466642417,0.6541945065356431,0.9425206329553589,2.0131626,False,lineage_pub,Kupffer,36217
NAALADL2-AS2,,1.0,1.0,0.0,False,lineage_pub,Kupffer,36217
NALCN-AS1,0.0040759702823687845,0.4379469539117384,0.767572137900372,8.757568,False,lineage_pub,Kupffer,36217
NAPA-AS1,-0.010504845656730313,0.04559335981326146,0.16824766824537024,0.93699265,False,lineage_pub,Kupffer,36217
NAV2-AS2,0.003428358549679961,0.514128819591818,0.8403279759616268,10.594986,False,lineage_pub,Kupffer,36217
NAV2-AS3,-0.0017309760227297555,0.7418481919799814,1.0,9.154474,False,lineage_pub,Kupffer,36217
NCAM1-AS1,,1.0,1.0,0.0,False,lineage_pub,Kupffer,36217
NCBP2-AS1,-0.0011551190794782354,0.826010970152578,1.0,10.526247,False,lineage_pub,Kupffer,36217
NDUFB2-AS1,-0.011041079621145512,0.03562399384994931,0.13724779773440293,2.2523766,False,lineage_pub,Kupffer,36217
NEAT1,-0.22519301133918215,0.0,0.0,0.49844134,False,lineage_pub,Kupffer,36217
NEBL-AS1,0.017745249073787817,0.000732262121394388,0.004388487574745534,9.871424,False,lineage_pub,Kupffer,36217
NEXN-AS1,0.004917136595616266,0.349406016027823,0.6664986668862116,9.763482,False,lineage_pub,Kupffer,36217
NFE4,-0.004971073267600062,0.3441453003478641,0.6599942093337927,11.187102,False,lineage_pub,Kupffer,36217
NFYC-AS1,-0.008287426690061323,0.11476485473312897,0.3508127849206054,2.4178185,False,lineage_pub,Kupffer,36217
NIFK-AS1,-0.042890155514036334,3.193113913614169e-16,8.611429085778213e-15,1.6987529,False,lineage_pub,Kupffer,36217
NNT-AS1,-0.044708820616149836,1.7037992264877887e-17,5.070271491237798e-16,1.8885887,False,lineage_pub,Kupffer,36217
NOP14-AS1,-0.019523800153006653,0.00020259835797704207,0.0013553673095673434,1.4032912,False,lineage_pub,Kupffer,36217
NPHP3-AS1,-0.004309134695418003,0.4121951394518289,0.7473201793002696,9.28893,False,lineage_pub,Kupffer,36217
NR2F2-AS1,0.007151753659089825,0.17351247945669873,0.4443361120805074,9.945062,False,lineage_pub,Kupffer,36217
NUCB1-AS1,,1.0,1.0,0.0,False,lineage_pub,Kupffer,36217
NUTM2A-AS1,-0.018068799678539475,0.0005843143879114981,0.003576335579912219,0.52093005,False,lineage_pub,Kupffer,36217
NXF5,,1.0,1.0,0.0,False,lineage_pub,Kupffer,36217
ODF2-AS1,,1.0,1.0,0.0,False,lineage_pub,Kupffer,36217
OGFR-AS1,-0.010692154868795824,0.04187233515517674,0.15849046157419971,10.367517,False,lineage_pub,Kupffer,36217
OPA1-AS1,,1.0,1.0,0.0,False,lineage_pub,Kupffer,36217
OR2A1-AS1,0.02279243046430044,1.4379329959275473e-05,0.00012793156448303848,2.8132906,False,lineage_pub,Kupffer,36217
OSBPL10-AS1,,1.0,1.0,0.0,False,lineage_pub,Kupffer,36217
OSGEPL1-AS1,-0.005993034011385644,0.2540817713477716,0.5665847147877054,3.1582508,False,lineage_pub,Kupffer,36217
OSTN-AS1,-0.007089634508040028,0.17727850271282902,0.4488455501983275,9.182571,False,lineage_pub,Kupffer,36217
OTX2-AS1,0.005441718175985791,0.3004016281481352,0.6071349065382685,9.261559,False,lineage_pub,Kupffer,36217
OVCH1-AS1,0.032507959908274084,6.095741351414141e-10,9.926932112839307e-09,13.386765,False,lineage_pub,Kupffer,36217
PAN3-AS1,-0.014464781558156607,0.0059086625284044385,0.02880890261024311,2.0870085,False,lineage_pub,Kupffer,36217
PAPPA-AS1,,1.0,1.0,0.0,False,lineage_pub,Kupffer,36217
PART1,0.009309020917530981,0.07646844029153135,0.2590701092916098,3.6066656,False,lineage_pub,Kupffer,36217
PAXBP1-AS1,-0.008245711436590565,0.1166026387265554,0.3526672902253992,0.9623933,False,lineage_pub,Kupffer,36217
PAXIP1-AS2,-0.013552997257076226,0.009900981740237838,0.04593842603131857,1.5529714,False,lineage_pub,Kupffer,36217
PCA3,-0.00010655253101588508,0.9838223543012383,1.0,7.7042484,False,lineage_pub,Kupffer,36217
PCAT1,0.021339432104827253,4.878362985164035e-05,0.0003862410326785837,10.978883,False,lineage_pub,Kupffer,36217
PCAT6,-0.0016770376662523774,0.7496186095262372,1.0,2.0420494,False,lineage_pub,Kupffer,36217
PCAT7,1.4287147010199318e-05,0.9978306666809429,1.0,10.261381,False,lineage_pub,Kupffer,36217
PCBP1-AS1,0.021906219259788473,3.055669128665355e-05,0.00025853357431747067,0.8746388,False,lineage_pub,Kupffer,36217
PCCA-AS1,-0.008476957491103384,0.10670038502602472,0.33606727108561796,8.770015,False,lineage_pub,Kupffer,36217
PCDH9-AS1,,1.0,1.0,0.0,False,lineage_pub,Kupffer,36217
PCOLCE-AS1,0.004637468511848203,0.37749566997332634,0.7021094034202168,8.665422,False,lineage_pub,Kupffer,36217
PDCD4-AS1,0.0055892345812801475,0.2874892456195815,0.5954163178744031,1.0433326,False,lineage_pub,Kupffer,36217
PEX5L-AS1,-0.0007302595573676799,0.8894744884975224,1.0,8.297321,False,lineage_pub,Kupffer,36217
PGM5-AS1,0.001695405714430954,0.7469695891136731,1.0,10.451612,False,lineage_pub,Kupffer,36217
PHKA2-AS1,-0.0031769742856198563,0.5454560023356925,0.8701081885687663,7.7135572,False,lineage_pub,Kupffer,36217
PINK1-AS,-0.0024916779202323915,0.6353788782881258,0.9278036750637099,1.0032139,False,lineage_pub,Kupffer,36217
PITPNA-AS1,-0.015668729134123434,0.002864102857283701,0.015352302893390271,0.86121225,False,lineage_pub,Kupffer,36217
PLCXD2-AS1,,1.0,1.0,0.0,False,lineage_pub,Kupffer,36217
PLS1-AS1,-0.0012398045444511894,0.8134821534357239,1.0,9.37899,False,lineage_pub,Kupffer,36217
POT1-AS1,-0.004912568715303698,0.3498538772878956,0.6664986668862116,1.8604012,False,lineage_pub,Kupffer,36217
POU6F2-AS1,,1.0,1.0,0.0,False,lineage_pub,Kupffer,36217
PPP1R26-AS1,-0.0033693694767034242,0.521395048724633,0.8448314365160167,10.045384,False,lineage_pub,Kupffer,36217
PRC1-AS1,-0.008394537213232238,0.11015037347138082,0.3419416269992865,10.014099,False,lineage_pub,Kupffer,36217
PRICKLE2-AS3,0.0020537437307010854,0.6959228566227572,0.9723340358563402,8.847461,False,lineage_pub,Kupffer,36217
PRKAG2-AS1,-0.08117223358154692,5.303526336462791e-54,3.0512954855782587e-52,1.8033773,False,lineage_pub,Kupffer,36217
PRKAR2A-AS1,-0.00119317967451026,0.8203743980360022,1.0,2.8526926,False,lineage_pub,Kupffer,36217
PRKCQ-AS1,-0.023116216633901347,1.0843621922711992e-05,9.880865696479022e-05,1.8705621,False,lineage_pub,Kupffer,36217
PRKG1-AS1,,1.0,1.0,0.0,False,lineage_pub,Kupffer,36217
PRKX-AS1,,1.0,1.0,0.0,False,lineage_pub,Kupffer,36217
PRMT5-AS1,0.004611124855430413,0.38021148571231334,0.7056398111176911,10.541198,False,lineage_pub,Kupffer,36217
PROSER2-AS1,0.008715192867053996,0.09720810030992538,0.3153385486110556,7.654747,False,lineage_pub,Kupffer,36217
PROX1-AS1,-0.002266251709201065,0.6662715555763344,0.9504005825824408,8.280007,False,lineage_pub,Kupffer,36217
PRR7-AS1,-0.02947937172815827,2.009567356378006e-08,2.7527882992924115e-07,3.3639708,False,lineage_pub,Kupffer,36217
PRRT3-AS1,-0.004946445602160533,0.3465410581221652,0.6631151511295533,10.096021,False,lineage_pub,Kupffer,36217
PSMD6-AS2,-0.01591347210482228,0.0024573640002611336,0.013422184381173152,1.8710165,False,lineage_pub,Kupffer,36217
PSMG3-AS1,0.0028874277089968687,0.5826748863501972,0.883740644851002,0.8218813,False,lineage_pub,Kupffer,36217
PTCSC3,,1.0,1.0,0.0,False,lineage_pub,Kupffer,36217
PTOV1-AS1,-0.006099200758903099,0.2457658463000601,0.5525114372492702,1.6231022,False,lineage_pub,Kupffer,36217
PWRN1,0.006698233871927832,0.20241706874864984,0.4879495260616894,8.367113,False,lineage_pub,Kupffer,36217
PXN-AS1,-0.018928627475869944,0.00031521880363668143,0.002076594103346993,1.8843975,False,lineage_pub,Kupffer,36217
RAB11B-AS1,-0.035678131512363646,1.107821541059138e-11,2.0341489147532681e-10,1.2410522,False,lineage_pub,Kupffer,36217
RAD21-AS1,0.004208346064566435,0.4232148208771681,0.7577476979605728,10.167942,False,lineage_pub,Kupffer,36217
RAI1-AS1,,1.0,1.0,0.0,False,lineage_pub,Kupffer,36217
RAMP2-AS1,0.011486420071043864,0.028819247593925214,0.11621967604466103,2.284358,False,lineage_pub,Kupffer,36217
RAP2C-AS1,-0.02678903691865543,3.416373185269546e-07,3.931106745183491e-06,1.8766651,False,lineage_pub,Kupffer,36217
RASAL2-AS1,0.0038828808605271513,0.4599560653842061,0.7860239295575641,11.460031,False,lineage_pub,Kupffer,36217
RASSF8-AS1,-0.001276556871601685,0.8080594337370729,1.0,3.2234235,False,lineage_pub,Kupffer,36217
RBM26-AS1,0.0010412914804224075,0.8429207082876625,1.0,1.795661,False,lineage_pub,Kupffer,36217
RBMS3-AS2,-0.0005298738352985065,0.9196809909543202,1.0,9.278934,False,lineage_pub,Kupffer,36217
RBMS3-AS3,-0.011342666822061621,0.030881900197565714,0.12281603626958161,4.501361,False,lineage_pub,Kupffer,36217
RBPMS-AS1,,1.0,1.0,0.0,False,lineage_pub,Kupffer,36217
RFPL1S,0.007520855041448654,0.15235942179596149,0.4147829053940529,2.1018124,False,lineage_pub,Kupffer,36217
RFPL3S,-0.00031472294470545126,0.9522415584307696,1.0,10.624531,False,lineage_pub,Kupffer,36217
RGMB-AS1,-0.006962161885107716,0.18519670398339558,0.4566421586790583,10.699711,False,lineage_pub,Kupffer,36217
RGPD4-AS1,-0.010630237798126514,0.04307285293440203,0.16091719516185693,9.711129,False,lineage_pub,Kupffer,36217
RHPN1-AS1,-0.014735370330404516,0.005042454071571883,0.02557676039153745,10.802179,False,lineage_pub,Kupffer,36217
RMDN2-AS1,-0.00029710538615625615,0.9549120482727611,1.0,7.854954,False,lineage_pub,Kupffer,36217
RN7SL832P,-0.0029730204881692475,0.5715499715198665,0.8761059066103816,1.2052197,False,lineage_pub,Kupffer,36217
RNASEH2B-AS1,0.0030069227194962833,0.5671716348604496,0.8758519521078857,11.26844,False,lineage_pub,Kupffer,36217
RNF157-AS1,,1.0,1.0,0.0,False,lineage_pub,Kupffer,36217
RNF185-AS1,,1.0,1.0,0.0,False,lineage_pub,Kupffer,36217
RNU6ATAC35P,-0.006768690412669106,0.19770982194230538,0.4806297924963649,10.21011,False,lineage_pub,Kupffer,36217
RRM1-AS1,0.0026120693248987974,0.6191323173571657,0.9212261894469551,8.061604,False,lineage_pub,Kupffer,36217
RUSC1-AS1,-0.006743484018077373,0.19938458929300734,0.4833396083142285,1.6733046,False,lineage_pub,Kupffer,36217
RUVBL1-AS1,0.001893857386590169,0.7185454664574737,0.990582647847923,9.782338,False,lineage_pub,Kupffer,36217
SAMSN1-AS1,0.00562700500145324,0.2842442605817499,0.5935937211753299,10.827632,False,lineage_pub,Kupffer,36217
SAP30L-AS1,0.005080648868609341,0.3336144290328501,0.6513783987677594,10.351902,False,lineage_pub,Kupffer,36217
SAPCD1-AS1,-0.009724967164279216,0.06421049489193933,0.22254480759736406,8.086236,False,lineage_pub,Kupffer,36217
SBF2-AS1,-0.020552610165544456,9.168782412575812e-05,0.0006593882685044104,3.847415,False,lineage_pub,Kupffer,36217
SCARNA9,-0.0018669415249511117,0.7223788685753858,0.9912424644851506,9.751706,False,lineage_pub,Kupffer,36217
SCGB1B2P,-0.0041709248194117705,0.4273497559552147,0.7604182255450521,9.195558,False,lineage_pub,Kupffer,36217
SDCBP2-AS1,-0.028376032221789135,6.624198478661662e-08,8.285048242152193e-07,2.6654367,False,lineage_pub,Kupffer,36217
SEC24B-AS1,-0.005620983646813303,0.2847599079566473,0.5935937211753299,1.3366675,False,lineage_pub,Kupffer,36217
SEC62-AS1,0.0036859376339601754,0.4830282887708671,0.814332609755962,10.14103,False,lineage_pub,Kupffer,36217
SEMA3B-AS1,,1.0,1.0,0.0,False,lineage_pub,Kupffer,36217
SENCR,-0.050452353863685705,7.450844081934873e-22,2.6791993511290814e-20,1.4504795,False,lineage_pub,Kupffer,36217
SERTAD4-AS1,0.006115210589010725,0.24452856592339048,0.5525114372492702,8.757568,False,lineage_pub,Kupffer,36217
SFTA1P,0.0018260720507478222,0.7282128881617445,0.9912424644851506,8.661256,False,lineage_pub,Kupffer,36217
SFTA3,-0.011272203940009638,0.03193840221995522,0.1247187380806396,8.449817,False,lineage_pub,Kupffer,36217
SH3BP5-AS1,-0.0076635269671987616,0.14473063729873215,0.40262768111409064,1.7061353,False,lineage_pub,Kupffer,36217
SH3RF3-AS1,-0.008230391761059642,0.11728332826731121,0.3526672902253992,10.449048,False,lineage_pub,Kupffer,36217
SHANK2-AS1,-0.004664052413137723,0.3747672401338375,0.6985402337699822,8.770412,False,lineage_pub,Kupffer,36217
SHANK2-AS3,0.00723527303276672,0.16854370137739197,0.43811209123099176,8.913929,False,lineage_pub,Kupffer,36217
SIAH2-AS1,-0.0007556980782650354,0.8856503648301118,1.0,9.234263,False,lineage_pub,Kupffer,36217
SIDT1-AS1,-0.012831803927303166,0.014605878070103518,0.06398412575887988,10.238078,False,lineage_pub,Kupffer,36217
SIGLEC5,-0.05616830610624756,1.0474848645296907e-26,4.304663990900586e-25,1.9068155,False,lineage_pub,Kupffer,36217
SIX3-AS1,,1.0,1.0,0.0,False,lineage_pub,Kupffer,36217
SLC16A1-AS1,-0.028677186149707178,4.803850450671685e-08,6.187646177506962e-07,1.979147,False,lineage_pub,Kupffer,36217
SLC22A18AS,-0.08991239040461406,6.831261679127273e-66,7.369223536358546e-64,2.6357665,False,lineage_pub,Kupffer,36217
SLC25A21-AS1,0.003378016796970583,0.5203265822892671,0.8448314365160167,8.784022,False,lineage_pub,Kupffer,36217
SLC25A30-AS1,-0.0012987556107839616,0.804788505087163,1.0,9.897939,False,lineage_pub,Kupffer,36217
SLC26A4-AS1,0.013005382194693767,0.013322017085416442,0.059262374972754585,10.314019,False,lineage_pub,Kupffer,36217
SLC8A1-AS1,0.0030438284573362467,0.5624237521699275,0.8732378405133456,5.1182795,False,lineage_pub,Kupffer,36217
SLC9A9-AS2,,1.0,1.0,0.0,False,lineage_pub,Kupffer,36217
SMAD5-AS1,-0.0021055753214018107,0.6886456526435387,0.9679172609631497,9.791441,False,lineage_pub,Kupffer,36217
SMARCA5-AS1,-0.00017387068450917454,0.9736045885078942,1.0,9.753761,False,lineage_pub,Kupffer,36217
SMCR2,,1.0,1.0,0.0,False,lineage_pub,Kupffer,36217
SMCR5,-0.008295983680178786,0.11439070462249995,0.3508127849206054,0.6037822,False,lineage_pub,Kupffer,36217
SMIM2-AS1,0.0055512693598158795,0.2907760628694294,0.5962387814398358,10.039043,False,lineage_pub,Kupffer,36217
SNAI3-AS1,-0.017994667685326877,0.0006155196284456546,0.003714639436004195,1.8643088,False,lineage_pub,Kupffer,36217
SNAP25-AS1,-0.005565861926744864,0.2895097414881784,0.5962387814398358,7.6857166,False,lineage_pub,Kupffer,36217
SNHG10,-0.023454172425659753,8.045547894111184e-06,7.54707373110647e-05,1.5722833,False,lineage_pub,Kupffer,36217
SNHG12,-0.03991494123760088,2.9869451091557e-14,6.60957340820864e-13,1.269706,False,lineage_pub,Kupffer,36217
SNHG15,-0.04000939568308412,2.598792899169433e-14,5.901995452587423e-13,0.40122366,False,lineage_pub,Kupffer,36217
SNHG18,0.018444759514075832,0.0004475067841576753,0.0028396937847652483,10.703675,False,lineage_pub,Kupffer,36217
SNHG7,-0.17170094849740558,1.1515158182692736e-237,3.31252717055461e-235,1.4232737,False,lineage_pub,Kupffer,36217
SNHG8,-0.08269672548648695,5.479150671720283e-56,3.9404225247455034e-54,0.7424989,False,lineage_pub,Kupffer,36217
SNHG9,-0.049515544153280557,4.154213668311123e-21,1.4340345583009995e-19,0.7730653,False,lineage_pub,Kupffer,36217
SNRK-AS1,-0.0025124510762823903,0.6325627333190657,0.9260383227422919,10.504219,False,lineage_pub,Kupffer,36217
SPATA13,-0.009468996103817722,0.0715453185734282,0.24599047780425715,2.6994321,False,lineage_pub,Kupffer,36217
SPATA13-AS1,-0.015583572312391903,0.0030194517056652817,0.016085103839439122,11.486281,False,lineage_pub,Kupffer,36217
SPATA41,-0.007319007746196256,0.1636700815410254,0.43592240529046195,3.1039195,False,lineage_pub,Kupffer,36217
SPATA8,0.009456533863206341,0.07191926791103301,0.24629495320325986,8.877137,False,lineage_pub,Kupffer,36217
SPIN4-AS1,,1.0,1.0,0.0,False,lineage_pub,Kupffer,36217
SRGAP2-AS1,-0.0006187937494683377,0.9062600997087874,1.0,9.9832735,False,lineage_pub,Kupffer,36217
SRRM2-AS1,0.007426820668630329,0.15755240920592092,0.4262311258454851,1.7929258,False,lineage_pub,Kupffer,36217
SSBP3-AS1,-0.0057679096506523435,0.27235798435109704,0.5826373207535593,8.360768,False,lineage_pub,Kupffer,36217
ST20,-0.03694290268906926,2.0261144568220076e-12,4.066364595900913e-11,2.0740132,False,lineage_pub,Kupffer,36217
ST3GAL6-AS1,-0.0021995677322238843,0.6755226590365427,0.9604218364885279,9.649555,False,lineage_pub,Kupffer,36217
ST7-AS1,-0.006098176124918192,0.245845181811958,0.5525114372492702,2.9428911,False,lineage_pub,Kupffer,36217
ST7-AS2,,1.0,1.0,0.0,False,lineage_pub,Kupffer,36217
ST7-OT4,0.0007642188703694826,0.8843700412689425,1.0,2.2698174,False,lineage_pub,Kupffer,36217
ST8SIA6-AS1,-0.0063773493261026085,0.22488950929404578,0.5231257318618908,9.647723,False,lineage_pub,Kupffer,36217
STARD4-AS1,-0.021575498274694436,4.020150630453936e-05,0.00033041809467445205,12.466364,False,lineage_pub,Kupffer,36217
STAU2-AS1,-0.008231282417970156,0.11724366905357607,0.3526672902253992,10.192397,False,lineage_pub,Kupffer,36217
STEAP3-AS1,-0.0063539621169771444,0.22659445236459355,0.5256747644909792,9.96294,False,lineage_pub,Kupffer,36217
STK24-AS1,-0.008629295073642712,0.10054965646488465,0.32093950754731976,4.146577,False,lineage_pub,Kupffer,36217
STX18-AS1,-0.012012365898040889,0.022251413057022388,0.09276796844546048,11.129504,False,lineage_pub,Kupffer,36217
STXBP5-AS1,-0.00014644172029630175,0.9777674170472289,1.0,3.7292862,False,lineage_pub,Kupffer,36217
SUCLA2-AS1,0.002431791535316598,0.6435269193928883,0.9333844225816178,8.921011,False,lineage_pub,Kupffer,36217
SYP-AS1,,1.0,1.0,0.0,False,lineage_pub,Kupffer,36217
SZT2-AS1,,1.0,1.0,0.0,False,lineage_pub,Kupffer,36217
TAB3-AS2,,1.0,1.0,0.0,False,lineage_pub,Kupffer,36217
TAPT1-AS1,-0.043336421015539986,1.572802760897323e-16,4.524429275514632e-15,2.1436448,False,lineage_pub,Kupffer,36217
TBC1D3P1-DHX40P1,,1.0,1.0,0.0,False,lineage_pub,Kupffer,36217
TCEAL3-AS1,,1.0,1.0,0.0,False,lineage_pub,Kupffer,36217
TERC,-0.00351541794134795,0.5035019283683635,0.8324363047530285,10.877541,False,lineage_pub,Kupffer,36217
TET2-AS1,-0.0029900047500636805,0.5693545134791702,0.8758519521078857,7.3750257,False,lineage_pub,Kupffer,36217
TEX26-AS1,-0.0005761531854788054,0.9126928394917692,1.0,9.248177,False,lineage_pub,Kupffer,36217
TEX41,-0.013892514064113924,0.008195977839553044,0.03907806008582473,10.281929,False,lineage_pub,Kupffer,36217
TFAP2A-AS1,,1.0,1.0,0.0,False,lineage_pub,Kupffer,36217
THAP7-AS1,-0.02789420751222263,1.1002850073034618e-07,1.3007478921957364e-06,2.2216425,False,lineage_pub,Kupffer,36217
THAP9-AS1,-0.013573551424110809,0.009789410693594625,0.04566627799228195,0.38716102,False,lineage_pub,Kupffer,36217
THOC7-AS1,,1.0,1.0,0.0,False,lineage_pub,Kupffer,36217
TIPARP-AS1,-0.027917565865324866,1.0737514134340837e-07,1.2870103747133532e-06,1.198195,False,lineage_pub,Kupffer,36217
TLR8-AS1,-0.005662942681025652,0.28117983116399853,0.5932963185685348,9.080535,False,lineage_pub,Kupffer,36217
TM4SF1-AS1,,1.0,1.0,0.0,False,lineage_pub,Kupffer,36217
TM4SF19-AS1,-0.005963939863371928,0.2563944781249216,0.5681769779086743,1.5716257,False,lineage_pub,Kupffer,36217
TMEM105,-0.038905536099828,1.2960843374484738e-13,2.796301958045082e-12,12.768556,False,lineage_pub,Kupffer,36217
TMEM254-AS1,-0.00041352080794835884,0.9372764486402442,1.0,2.0679579,False,lineage_pub,Kupffer,36217
TMEM44-AS1,-0.03511574511534679,2.3151576778702504e-11,4.162460575004221e-10,1.1451573,False,lineage_pub,Kupffer,36217
TMEM72-AS1,-0.0012037608045110003,0.8188090222327749,1.0,10.28137,False,lineage_pub,Kupffer,36217
TMEM78,0.0035549342069592224,0.4987169331000571,0.828182120283522,8.870556,False,lineage_pub,Kupffer,36217
TMEM9B-AS1,-0.004107985961303176,0.434357130507076,0.7665648335942875,2.604226,False,lineage_pub,Kupffer,36217
TMLHE-AS1,-0.020688329233271754,8.235801787921597e-05,0.0006023302494047744,3.7744513,False,lineage_pub,Kupffer,36217
TMPO-AS1,-0.007781605600051688,0.13864112624195155,0.38908713601124295,1.3190994,False,lineage_pub,Kupffer,36217
TNK2-AS1,-0.0069999460299199285,0.18282286572127268,0.45440978934739074,12.40376,False,lineage_pub,Kupffer,36217
TP53TG1,-0.03159300622081604,1.8135370050239164e-09,2.7457586584835788e-08,0.6893747,False,lineage_pub,Kupffer,36217
TP73-AS1,-0.02295241985628257,1.2513394692109488e-05,0.00011249020436760925,1.6290836,False,lineage_pub,Kupffer,36217
TPRG1-AS1,0.004084245475650151,0.4370174492431232,0.767572137900372,1.4130788,False,lineage_pub,Kupffer,36217
TPRXL,-0.002599012388929158,0.6208855433021488,0.9222447915142074,8.551851,False,lineage_pub,Kupffer,36217
TPT1-AS1,-0.011882739737746385,0.02373585973039352,0.09709955138918983,0.9365258,False,lineage_pub,Kupffer,36217
TPTEP1,0.13477776705080857,2.1338724608602994e-146,4.603829834306096e-144,2.9466455,False,lineage_pub,Kupffer,36217
TRAF3IP2-AS1,-0.02128751605352575,5.0891132993501273e-05,0.00039926407066719636,1.1617904,False,lineage_pub,Kupffer,36217
TRAM2-AS1,-0.0011481700618791568,0.8270410606210307,1.0,1.3643699,False,lineage_pub,Kupffer,36217
TRAPPC12-AS1,0.012722631706689412,0.015468150742053677,0.06674507045196161,4.2456656,False,lineage_pub,Kupffer,36217
TRBV11-2,-0.00418369466120862,0.4259360885541237,0.7594686868227453,7.972928,False,lineage_pub,Kupffer,36217
TRERNA1,-0.01034600620264082,0.04896356308041259,0.1753342528564152,9.115748,False,lineage_pub,Kupffer,36217
TRIM16L,-0.026228834845756645,5.968478760465799e-07,6.363041273634925e-06,1.7018123,False,lineage_pub,Kupffer,36217
TRIM52-AS1,-0.040783107115285155,8.209781632714857e-15,2.0242975854379775e-13,0.76243496,False,lineage_pub,Kupffer,36217
TSIX,0.007253713778408077,0.16746114934030887,0.4366132080987509,3.1996489,False,lineage_pub,Kupffer,36217
TSPEAR-AS1,0.008591155877035551,0.10206238365079615,0.3226367658997695,8.080753,False,lineage_pub,Kupffer,36217
TTC3-AS1,,1.0,1.0,0.0,False,lineage_pub,Kupffer,36217
TTLL10-AS1,,1.0,1.0,0.0,False,lineage_pub,Kupffer,36217
TTN-AS1,-0.002132106835543464,0.684931672690802,0.9674239501344716,0.88265085,False,lineage_pub,Kupffer,36217
TTTY10,-0.006404488857099629,0.22292253102155188,0.5199517412745926,9.209274,False,lineage_pub,Kupffer,36217
TTTY14,-0.026228191961041692,5.9722635360884e-07,6.363041273634925e-06,1.8359551,False,lineage_pub,Kupffer,36217
UBAC2-AS1,-0.001838392545333188,0.7264524905127481,0.9912424644851506,1.0688157,False,lineage_pub,Kupffer,36217
UBBP4,0.010030750006708417,0.05627363180861019,0.1982209969421657,1.9065804,False,lineage_pub,Kupffer,36217
UBOX5-AS1,-0.0008373928741292028,0.8733877772678671,1.0,9.154474,False,lineage_pub,Kupffer,36217
UBXN7-AS1,-0.005041574259784763,0.33734563790478933,0.6548593960376219,11.762823,False,lineage_pub,Kupffer,36217
UGDH-AS1,-0.004751404287395401,0.365888057240467,0.6879333189510306,3.8669295,False,lineage_pub,Kupffer,36217
UNC5B-AS1,-0.00023342192326396153,0.9645692657311293,1.0,10.133171,False,lineage_pub,Kupffer,36217
UPK1A-AS1,,1.0,1.0,0.0,False,lineage_pub,Kupffer,36217
USP2-AS1,0.005191813093899304,0.3231456533200699,0.6396395903253024,9.840596,False,lineage_pub,Kupffer,36217
USP3-AS1,0.008623415211331654,0.10078169935726959,0.32093950754731976,11.099012,False,lineage_pub,Kupffer,36217
USP30-AS1,-0.03829218451200601,3.1060602290776044e-13,6.537877994375543e-12,1.3982496,False,lineage_pub,Kupffer,36217
UXT-AS1,-0.01509757034485884,0.004062755151295657,0.020994956260887137,4.2364883,False,lineage_pub,Kupffer,36217
VAC14-AS1,-0.004112206777632428,0.43388513432876974,0.7665648335942875,9.440318,False,lineage_pub,Kupffer,36217
VAV3-AS1,-0.010541465943543308,0.04484472035245223,0.16681462786278564,9.991599,False,lineage_pub,Kupffer,36217
VCAN-AS1,0.00132307307920322,0.8012093064118377,1.0,9.875821,False,lineage_pub,Kupffer,36217
VIM-AS1,-0.013539447809652445,0.009975148284130295,0.04603504261606655,1.6993918,False,lineage_pub,Kupffer,36217
VIPR1-AS1,-0.00299720460011521,0.5684250467210794,0.8758519521078857,2.2906218,False,lineage_pub,Kupffer,36217
VPS13A-AS1,-0.0018807526936860468,0.7204109810869028,0.9912424644851506,7.5902367,False,lineage_pub,Kupffer,36217
VPS9D1-AS1,-0.0040039239577448465,0.4460874016578601,0.7699468552614666,8.956613,False,lineage_pub,Kupffer,36217
WAC-AS1,0.015292128317895427,0.003611066550837989,0.01877319538176617,0.9225019,False,lineage_pub,Kupffer,36217
WARS2-IT1,,1.0,1.0,0.0,False,lineage_pub,Kupffer,36217
WASF3-AS1,0.003552421175567338,0.49902051280119514,0.828182120283522,7.8933897,False,lineage_pub,Kupffer,36217
WASIR1,-0.005382568612472646,0.30568603147780443,0.6135047561984773,7.807827,False,lineage_pub,Kupffer,36217
WASIR2,-0.00341319923645696,0.5159910913148767,0.8417775270410938,6.9734783,False,lineage_pub,Kupffer,36217
WDFY3-AS1,0.0061035238816285415,0.24543131257198272,0.5525114372492702,8.796246,False,lineage_pub,Kupffer,36217
WEE2-AS1,0.006133907314430135,0.24308917822988224,0.5520683179273378,10.168627,False,lineage_pub,Kupffer,36217
WNT5A-AS1,-0.00042474174165951437,0.9355780922704194,1.0,9.648599,False,lineage_pub,Kupffer,36217
WT1-AS,-0.0021060004116219325,0.6885860874363817,0.9679172609631497,8.38089,False,lineage_pub,Kupffer,36217
WWC2-AS2,0.0082811348228982,0.11504057721034916,0.3508127849206054,11.208571,False,lineage_pub,Kupffer,36217
WWC3-AS1,0.008706003376591942,0.09756128908360584,0.3153385486110556,9.495945,False,lineage_pub,Kupffer,36217
WWTR1-AS1,-0.007332020388960998,0.16292233825669974,0.43592240529046195,7.7780104,False,lineage_pub,Kupffer,36217
XIAP-AS1,-0.0003225872552438412,0.9510496484722475,1.0,8.61944,False,lineage_pub,Kupffer,36217
XIST,-0.11279427157174556,7.541034127438594e-103,1.0846520753299179e-100,3.9230807,False,lineage_pub,Kupffer,36217
XXYLT1-AS2,-0.008600901344641502,0.10167413383138474,0.32259109373707734,9.6898155,False,lineage_pub,Kupffer,36217
YEATS2-AS1,-0.016410726064680144,0.0017890273717303025,0.01002552351820293,10.152887,False,lineage_pub,Kupffer,36217
ZBED3-AS1,0.0363704087442982,4.402505249716494e-12,8.259482675011596e-11,3.4076824,False,lineage_pub,Kupffer,36217
ZBED5-AS1,0.024148920590311734,4.30191808833943e-06,4.367712129690503e-05,1.2135415,False,lineage_pub,Kupffer,36217
ZBTB11-AS1,-0.007656578641179146,0.14509525935861203,0.40262768111409064,0.9626298,False,lineage_pub,Kupffer,36217
ZBTB20-AS1,-0.004021319735988113,0.44411401609253387,0.7699468552614666,9.089675,False,lineage_pub,Kupffer,36217
ZBTB20-AS2,0.003328806410326662,0.5264220647929959,0.8475788095454394,2.6071339,False,lineage_pub,Kupffer,36217
ZBTB20-AS3,0.008921261441188492,0.08955317321017014,0.29839532231805727,7.571186,False,lineage_pub,Kupffer,36217
ZBTB20-AS4,0.0013415724382446446,0.7984892412962026,1.0,9.922683,False,lineage_pub,Kupffer,36217
ZEB2-AS1,-0.03200397707431167,1.1154233448858259e-09,1.718947047565121e-08,0.64912057,False,lineage_pub,Kupffer,36217
ZFAS1,-0.026424296507368713,4.918881884928148e-07,5.5129806060947946e-06,0.29475248,False,lineage_pub,Kupffer,36217
ZFAT-AS1,,1.0,1.0,0.0,False,lineage_pub,Kupffer,36217
ZFX-AS1,-0.013106725020166313,0.012619479734814178,0.056428036327174275,9.933717,False,lineage_pub,Kupffer,36217
ZFY-AS1,0.0007602933136922972,0.8849598532016357,1.0,1.7465744,False,lineage_pub,Kupffer,36217
ZMIZ1-AS1,-0.02001159465783456,0.00013975053134080792,0.0009648376683769379,3.8030548,False,lineage_pub,Kupffer,36217
ZMYM4-AS1,-0.008902880335975132,0.09021564254704655,0.2994465366080814,8.2545,False,lineage_pub,Kupffer,36217
ZMYND10-AS1,,1.0,1.0,0.0,False,lineage_pub,Kupffer,36217
ZNF197-AS1,,1.0,1.0,0.0,False,lineage_pub,Kupffer,36217
ZNF252P-AS1,-0.007279472580683311,0.16595775034304172,0.43592240529046195,4.4020686,False,lineage_pub,Kupffer,36217
ZNF286B,-0.01318775352526571,0.01208156935322699,0.054304137249140065,11.561675,False,lineage_pub,Kupffer,36217
ZNF295-AS1,-0.0016398128223583889,0.7549961740733415,1.0,9.458716,False,lineage_pub,Kupffer,36217
ZNF32-AS1,-0.003429282637365018,0.5140154116045262,0.8403279759616268,8.135119,False,lineage_pub,Kupffer,36217
ZNF32-AS2,0.0008290744571516362,0.8746350529469934,1.0,8.850941,False,lineage_pub,Kupffer,36217
ZNF337-AS1,-0.005471464978184162,0.2977672043207568,0.6060686257755027,1.4986515,False,lineage_pub,Kupffer,36217
ZNF503-AS1,0.008145996305249642,0.12108929934465616,0.3578769360768434,10.118028,False,lineage_pub,Kupffer,36217
ZNF571-AS1,-0.0008521072308225748,0.8711822572933784,1.0,9.977454,False,lineage_pub,Kupffer,36217
ZNF630-AS1,0.008690614971131402,0.09815502276616755,0.31607382331045747,9.052419,False,lineage_pub,Kupffer,36217
ZNF667-AS1,-0.018126366974425396,0.0005611047612059083,0.0034588100637192773,4.9691405,False,lineage_pub,Kupffer,36217
ZNF674-AS1,0.0001655674732808769,0.9748646764131793,1.0,1.6382751,False,lineage_pub,Kupffer,36217
ZNF781,0.004209045533173116,0.42313775533452774,0.7577476979605728,11.977174,False,lineage_pub,Kupffer,36217
ZNRF3-AS1,-0.0017449334162034564,0.739841717114062,1.0,2.7209892,False,lineage_pub,Kupffer,36217
ZRANB2-AS1,-0.002466517183339943,0.6387969045001042,0.9308016422338395,7.905361,False,lineage_pub,Kupffer,36217
ZSCAN16-AS1,-0.01132779254992549,0.031102388172766903,0.12312550914265064,0.6065655,False,lineage_pub,Kupffer,36217
A1BG-AS1,-0.0030601391931415127,0.9257874488380928,1.0,13.466272,False,lineage_pub,LSEC,929
A2M-AS1,0.04254851989332134,0.19507940932042514,1.0,16.36937,False,lineage_pub,LSEC,929
A2ML1-AS2,,1.0,1.0,0.0,False,lineage_pub,LSEC,929
ABCC5-AS1,,1.0,1.0,0.0,False,lineage_pub,LSEC,929
ACTA2-AS1,,1.0,1.0,0.0,False,lineage_pub,LSEC,929
ACVR2B-AS1,,1.0,1.0,0.0,False,lineage_pub,LSEC,929
ADAM20P1,0.024211341477887536,0.4610833655747522,1.0,14.857153,False,lineage_pub,LSEC,929
ADAMTS9-AS2,0.047129139999973396,0.15119129395805608,1.0,4.0073767,False,lineage_pub,LSEC,929
ADAMTSL4-AS1,0.02318807735205183,0.48024759927804617,1.0,15.439402,False,lineage_pub,LSEC,929
ADIPOQ-AS1,,1.0,1.0,0.0,False,lineage_pub,LSEC,929
ADORA2A-AS1,0.0010679599054412379,0.9740676786192137,1.0,14.44419,False,lineage_pub,LSEC,929
ADPGK-AS1,0.03405736657250484,0.2997569358789094,1.0,14.378707,False,lineage_pub,LSEC,929
AFAP1-AS1,,1.0,1.0,0.0,False,lineage_pub,LSEC,929
AGAP2-AS1,-0.008122722071770831,0.8047168660306785,1.0,2.604412,False,lineage_pub,LSEC,929
AGBL5-AS1,-0.0068547117926369885,0.8347219792380688,1.0,12.713758,False,lineage_pub,LSEC,929
AIRN,-0.016939083921213245,0.6061081706963033,1.0,14.116742,False,lineage_pub,LSEC,929
ALG13-AS1,-0.05520491104427289,0.09263959588145065,0.9804014227036117,13.771521,False,lineage_pub,LSEC,929
ALKBH3-AS1,0.05457467682978056,0.09643091751655906,0.9804014227036117,13.988226,False,lineage_pub,LSEC,929
AP4B1-AS1,-0.012771700133128954,0.6974486625755607,1.0,15.181319,False,lineage_pub,LSEC,929
APOA1-AS,,1.0,1.0,0.0,False,lineage_pub,LSEC,929
APOBEC3B-AS1,,1.0,1.0,0.0,False,lineage_pub,LSEC,929
AQP4-AS1,-0.03574242577589287,0.2764660859908529,1.0,12.991975,False,lineage_pub,LSEC,929
ARAP1-AS1,,1.0,1.0,0.0,False,lineage_pub,LSEC,929
ARAP1-AS2,,1.0,1.0,0.0,False,lineage_pub,LSEC,929
ARHGAP26-AS1,-0.053517760075893685,0.1030662497465116,0.9804014227036117,14.048492,False,lineage_pub,LSEC,929
ARHGAP31-AS1,,1.0,1.0,0.0,False,lineage_pub,LSEC,929
ARHGAP5-AS1,0.036503992023109846,0.26635494117819153,1.0,15.363253,False,lineage_pub,LSEC,929
ARIH2OS,-0.03541798723600492,0.2808519382727453,1.0,1.4368744,False,lineage_pub,LSEC,929
ARMCX3-AS1,,1.0,1.0,0.0,False,lineage_pub,LSEC,929
ARSD-AS1,-0.03182544760867173,0.3325635430440026,1.0,13.511695,False,lineage_pub,LSEC,929
ASB16-AS1,0.030070241543026833,0.3599297205108345,1.0,2.1250625,False,lineage_pub,LSEC,929
ASMTL-AS1,-0.014917791490737636,0.6497568979717881,1.0,14.047555,False,lineage_pub,LSEC,929
ATP11A-AS1,-0.04388302465309945,0.18142650840200536,1.0,14.663318,False,lineage_pub,LSEC,929
ATP1B3-AS1,,1.0,1.0,0.0,False,lineage_pub,LSEC,929
ATP6V0E2-AS1,-0.02489412953699665,0.4485368762040759,1.0,13.528389,False,lineage_pub,LSEC,929
BACH1-IT2,0.04574432998832098,0.16358457190484024,1.0,14.781199,False,lineage_pub,LSEC,929
BCAR4,,1.0,1.0,0.0,False,lineage_pub,LSEC,929
BCDIN3D-AS1,0.0036987375547310997,0.9103601503800131,1.0,14.714426,False,lineage_pub,LSEC,929
BDNF-AS,0.04168869644573364,0.20426570502375935,1.0,15.639515,False,lineage_pub,LSEC,929
BFSP2-AS1,,1.0,1.0,0.0,False,lineage_pub,LSEC,929
BHLHE40-AS1,-0.027248662816892942,0.4067867549900488,1.0,14.356767,False,lineage_pub,LSEC,929
BLACE,,1.0,1.0,0.0,False,lineage_pub,LSEC,929
BOK-AS1,,1.0,1.0,0.0,False,lineage_pub,LSEC,929
BRWD1-AS1,,1.0,1.0,0.0,False,lineage_pub,LSEC,929
BSN-AS1,,1.0,1.0,0.0,False,lineage_pub,LSEC,929
BTBD9-AS1,,1.0,1.0,0.0,False,lineage_pub,LSEC,929
C10orf55,,1.0,1.0,0.0,False,lineage_pub,LSEC,929
C14orf178,-0.023012246732424177,0.48358374793100456,1.0,13.796148,False,lineage_pub,LSEC,929
C1QTNF1-AS1,0.013757375225647807,0.6753818941869199,1.0,2.3655517,False,lineage_pub,LSEC,929
C1RL-AS1,-0.02128953280971467,0.5169240600259472,1.0,13.575348,False,lineage_pub,LSEC,929
C1orf220,0.05263439412203402,0.1088857536563214,0.9852779922646724,13.108261,False,lineage_pub,LSEC,929
C21orf91-OT1,,1.0,1.0,0.0,False,lineage_pub,LSEC,929
C2orf27A,-0.034356059534190346,0.2955358637350732,1.0,2.1712086,False,lineage_pub,LSEC,929
C5orf60,,1.0,1.0,0.0,False,lineage_pub,LSEC,929
C5orf64,-0.04541246562622005,0.16666509164701374,1.0,13.088866,False,lineage_pub,LSEC,929
C6orf47-AS1,-0.012730179043468693,0.6983840069886892,1.0,13.15962,False,lineage_pub,LSEC,929
C8orf44,0.052570272053844305,0.10931808433604893,0.9852779922646724,3.142817,False,lineage_pub,LSEC,929
C9orf163,-0.019829701971557,0.5460796632927927,1.0,13.198252,False,lineage_pub,LSEC,929
CACNA1C-AS1,0.018850457429751718,0.5660828662329729,1.0,13.559429,False,lineage_pub,LSEC,929
CACNA1C-AS2,-0.041985109729901555,0.20106400479679987,1.0,13.288252,False,lineage_pub,LSEC,929
CACTIN-AS1,,1.0,1.0,0.0,False,lineage_pub,LSEC,929
CAHM,0.009140971010706898,0.780825876964044,1.0,15.425739,False,lineage_pub,LSEC,929
CASC11,,1.0,1.0,0.0,False,lineage_pub,LSEC,929
CASC15,-0.020652164782751694,0.5295538338911979,1.0,13.761007,False,lineage_pub,LSEC,929
CASC18,0.0287487323071715,0.38143888313057295,1.0,14.600438,False,lineage_pub,LSEC,929
CASC19,,1.0,1.0,0.0,False,lineage_pub,LSEC,929
CASC2,0.019829701971557,0.5460796632927927,1.0,13.586141,False,lineage_pub,LSEC,929
CASC20,,1.0,1.0,0.0,False,lineage_pub,LSEC,929
CASC8,,1.0,1.0,0.0,False,lineage_pub,LSEC,929
CASK-AS1,,1.0,1.0,0.0,False,lineage_pub,LSEC,929
CCDC140,,1.0,1.0,0.0,False,lineage_pub,LSEC,929
CCDC144NL,0.0931597253429224,0.0044856654643480875,0.39717354355464063,3.5864606,False,lineage_pub,LSEC,929
CCDC148-AS1,,1.0,1.0,0.0,False,lineage_pub,LSEC,929
CCDC183-AS1,0.008445984173070574,0.7971113220987,1.0,13.44129,False,lineage_pub,LSEC,929
CCDC26,,1.0,1.0,0.0,False,lineage_pub,LSEC,929
CCND2-AS1,0.05908336855468098,0.07186385381186533,0.9804014227036117,14.864576,False,lineage_pub,LSEC,929
CCNT2-AS1,0.010709916141831321,0.7444222713362127,1.0,13.7717,False,lineage_pub,LSEC,929
CD27-AS1,-0.0316542823799536,0.3351716471795111,1.0,1.6911392,False,lineage_pub,LSEC,929
CDKN2B-AS1,0.014811073694804921,0.6520968881926709,1.0,13.465775,False,lineage_pub,LSEC,929
CELF2-AS1,,1.0,1.0,0.0,False,lineage_pub,LSEC,929
CERS6-AS1,,1.0,1.0,0.0,False,lineage_pub,LSEC,929
CFLAR-AS1,-0.022418231623059903,0.4949466607548335,1.0,13.309329,False,lineage_pub,LSEC,929
CIRBP-AS1,0.0489622270902642,0.1359012617521764,1.0,14.1633625,False,lineage_pub,LSEC,929
CKMT2-AS1,0.02185323575747259,0.505885239745276,1.0,2.102937,False,lineage_pub,LSEC,929
CLLU1,,1.0,1.0,0.0,False,lineage_pub,LSEC,929
CLRN1-AS1,,1.0,1.0,0.0,False,lineage_pub,LSEC,929
CLYBL-AS1,,1.0,1.0,0.0,False,lineage_pub,LSEC,929
COL4A2-AS1,0.030111769660512485,0.35926636072021934,1.0,13.198252,False,lineage_pub,LSEC,929
COL4A2-AS2,,1.0,1.0,0.0,False,lineage_pub,LSEC,929
COLCA1,-0.040149026214016656,0.2214930295687276,1.0,13.616856,False,lineage_pub,LSEC,929
CPB2-AS1,-0.02656200819646833,0.418716826489254,1.0,13.778874,False,lineage_pub,LSEC,929
CRNDE,-0.0262355484321291,0.4244601564708828,1.0,2.0701182,False,lineage_pub,LSEC,929
CSNK1G2-AS1,,1.0,1.0,0.0,False,lineage_pub,LSEC,929
CTC-338M12.4,0.05168534682671747,0.11542391203999058,0.9961083609051187,15.81796,False,lineage_pub,LSEC,929
CYP1B1-AS1,-0.014811073694804921,0.6520968881926709,1.0,13.843632,False,lineage_pub,LSEC,929
CYP4A22-AS1,-0.02692922489964531,0.4123113504395603,1.0,13.82065,False,lineage_pub,LSEC,929
CYP4F35P,-0.01568722968650621,0.6329886287084618,1.0,14.4464035,False,lineage_pub,LSEC,929
DAB1-AS1,,1.0,1.0,0.0,False,lineage_pub,LSEC,929
DACT3-AS1,0.00652532834468873,0.842557589318431,1.0,13.764215,False,lineage_pub,LSEC,929
DBH-AS1,0.017993618455672093,0.5838687497832407,1.0,13.182367,False,lineage_pub,LSEC,929
DCTN1-AS1,,1.0,1.0,0.0,False,lineage_pub,LSEC,929
DDX11-AS1,,1.0,1.0,0.0,False,lineage_pub,LSEC,929
DDX39B-AS1,0.005263439412203402,0.8727139787017494,1.0,14.124332,False,lineage_pub,LSEC,929
DENND5B-AS1,-0.033319445155696896,0.31035642152762216,1.0,13.564833,False,lineage_pub,LSEC,929
DGCR5,,1.0,1.0,0.0,False,lineage_pub,LSEC,929
DGUOK-AS1,,1.0,1.0,0.0,False,lineage_pub,LSEC,929
DHRS4-AS1,,1.0,1.0,0.0,False,lineage_pub,LSEC,929
DIAPH2-AS1,,1.0,1.0,0.0,False,lineage_pub,LSEC,929
DICER1-AS1,0.07095597890700404,0.030578329073926405,0.6436365363609386,3.535867,False,lineage_pub,LSEC,929
DIO2-AS1,,1.0,1.0,0.0,False,lineage_pub,LSEC,929
DIO3OS,0.08718379058936211,0.007841837312331944,0.5205773538878822,14.745522,False,lineage_pub,LSEC,929
DIRC3,0.06548595801186363,0.045995543126158146,0.861152680304736,14.358917,False,lineage_pub,LSEC,929
DLEU1,0.04656449736817953,0.15615541850113726,1.0,15.067494,False,lineage_pub,LSEC,929
DLEU2L,-0.01361267271576295,0.6786045787212752,1.0,2.7099571,False,lineage_pub,LSEC,929
DLG1-AS1,,1.0,1.0,0.0,False,lineage_pub,LSEC,929
DLG3-AS1,,1.0,1.0,0.0,False,lineage_pub,LSEC,929
DLG5-AS1,0.05324642196066232,0.10482690730564648,0.9804014227036117,13.179055,False,lineage_pub,LSEC,929
DLGAP1-AS1,0.032252113492399724,0.3261194177577544,1.0,1.747504,False,lineage_pub,LSEC,929
DLGAP1-AS2,-0.028048030022858814,0.393156539214061,1.0,1.4311752,False,lineage_pub,LSEC,929
DLGAP1-AS3,,1.0,1.0,0.0,False,lineage_pub,LSEC,929
DLGAP1-AS5,,1.0,1.0,0.0,False,lineage_pub,LSEC,929
DNAH10OS,,1.0,1.0,0.0,False,lineage_pub,LSEC,929
DNAH17-AS1,,1.0,1.0,0.0,False,lineage_pub,LSEC,929
DNAJC27-AS1,-0.003714924660080951,0.9099695145977984,1.0,15.765875,False,lineage_pub,LSEC,929
DNAJC9-AS1,,1.0,1.0,0.0,False,lineage_pub,LSEC,929
DNM1P35,0.019952107539282664,0.5436040788589795,1.0,13.757381,False,lineage_pub,LSEC,929
DNM3OS,0.012373489104008052,0.706437864904174,1.0,1.0831172,False,lineage_pub,LSEC,929
DNMBP-AS1,,1.0,1.0,0.0,False,lineage_pub,LSEC,929
DOCK9-AS1,,1.0,1.0,0.0,False,lineage_pub,LSEC,929
DPP10-AS1,-0.008186063233013107,0.8032251291384811,1.0,14.184492,False,lineage_pub,LSEC,929
DPYD-AS1,,1.0,1.0,0.0,False,lineage_pub,LSEC,929
DPYD-AS2,,1.0,1.0,0.0,False,lineage_pub,LSEC,929
DSCAM-AS1,,1.0,1.0,0.0,False,lineage_pub,LSEC,929
DSCR9,,1.0,1.0,0.0,False,lineage_pub,LSEC,929
EAF1-AS1,0.018648131726204737,0.5702591599594061,1.0,14.289984,False,lineage_pub,LSEC,929
EDNRB-AS1,,1.0,1.0,0.0,False,lineage_pub,LSEC,929
EDRF1-AS1,,1.0,1.0,0.0,False,lineage_pub,LSEC,929
EFCAB14-AS1,,1.0,1.0,0.0,False,lineage_pub,LSEC,929
EGOT,-0.0023024127678330218,0.9441283912370637,1.0,14.744798,False,lineage_pub,LSEC,929
ELFN2,,1.0,1.0,0.0,False,lineage_pub,LSEC,929
ELMO1-AS1,,1.0,1.0,0.0,False,lineage_pub,LSEC,929
ENO1-AS1,0.014631108812030103,0.6560507062962111,1.0,15.100412,False,lineage_pub,LSEC,929
ENTPD1-AS1,-0.07697196657268611,0.018956248914751807,0.558619010459838,2.0547614,False,lineage_pub,LSEC,929
ENTPD3-AS1,-0.024770884473025497,0.4507871340414554,1.0,1.6264024,False,lineage_pub,LSEC,929
EPB41L4A-AS1,-0.02068496903862613,0.5288999978966235,1.0,1.1077266,False,lineage_pub,LSEC,929
EPHA1-AS1,-0.02612521008105941,0.42641165976859413,1.0,15.138549,False,lineage_pub,LSEC,929
EPN2-AS1,,1.0,1.0,0.0,False,lineage_pub,LSEC,929
EXTL3-AS1,,1.0,1.0,0.0,False,lineage_pub,LSEC,929
EZR-AS1,,1.0,1.0,0.0,False,lineage_pub,LSEC,929
FAM106A,0.02579949873927293,0.43220274706696327,1.0,14.836579,False,lineage_pub,LSEC,929
FAM138B,,1.0,1.0,0.0,False,lineage_pub,LSEC,929
FAM13A-AS1,-0.006281738132058506,0.8483623611519079,1.0,16.118748,False,lineage_pub,LSEC,929
FAM182B,0.021694096962164837,0.5089890077755593,1.0,13.903637,False,lineage_pub,LSEC,929
FAM201A,0.05385844979929062,0.10088891990829277,0.9804014227036117,13.710762,False,lineage_pub,LSEC,929
FAM215A,,1.0,1.0,0.0,False,lineage_pub,LSEC,929
FAM218A,,1.0,1.0,0.0,False,lineage_pub,LSEC,929
FAM222A-AS1,,1.0,1.0,0.0,False,lineage_pub,LSEC,929
FAM224B,,1.0,1.0,0.0,False,lineage_pub,LSEC,929
FAM225A,,1.0,1.0,0.0,False,lineage_pub,LSEC,929
FAM225B,,1.0,1.0,0.0,False,lineage_pub,LSEC,929
FAM230A,-0.033582695544916906,0.3065471007691083,1.0,14.163675,False,lineage_pub,LSEC,929
FAM230C,0.026291832385933224,0.42346669906462253,1.0,14.620791,False,lineage_pub,LSEC,929
FAM27E3,-0.03642932631461618,0.26733487686598834,1.0,3.087556,False,lineage_pub,LSEC,929
FAM41C,0.03162159303097602,0.33567123810379207,1.0,13.474285,False,lineage_pub,LSEC,929
FAM53B-AS1,-0.07679093823073194,0.019239614654659693,0.558619010459838,14.344174,False,lineage_pub,LSEC,929
FAM66B,-0.053491233096113644,0.10323733571625861,0.9804014227036117,13.683791,False,lineage_pub,LSEC,929
FAM66C,0.11414781826586655,0.0004905139362170419,0.060473360993615305,16.330399,False,lineage_pub,LSEC,929
FAM66D,,1.0,1.0,0.0,False,lineage_pub,LSEC,929
FAM66E,0.017259185049318133,0.5993175059084923,1.0,13.2482395,False,lineage_pub,LSEC,929
FAM74A4,0.04320049610709894,0.18831808131059222,1.0,15.145849,False,lineage_pub,LSEC,929
FAM74A6,0.025545355403787447,0.4367527865792392,1.0,14.375165,False,lineage_pub,LSEC,929
FAM83A-AS1,-0.04614689903257402,0.15990548791493853,1.0,14.05776,False,lineage_pub,LSEC,929
FAM83C-AS1,,1.0,1.0,0.0,False,lineage_pub,LSEC,929
FAM85B,0.03718737062994417,0.2575007092135166,1.0,15.059808,False,lineage_pub,LSEC,929
FAM87A,,1.0,1.0,0.0,False,lineage_pub,LSEC,929
FAM87B,,1.0,1.0,0.0,False,lineage_pub,LSEC,929
FAM99B,0.062359766420899625,0.05743509425153991,0.9527249687848474,14.1633625,False,lineage_pub,LSEC,929
FARP1-AS1,,1.0,1.0,0.0,False,lineage_pub,LSEC,929
FBXL19-AS1,0.021183823702673243,0.5190079124933813,1.0,14.904322,False,lineage_pub,LSEC,929
FENDRR,,1.0,1.0,0.0,False,lineage_pub,LSEC,929
FGD5-AS1,0.04886040164193551,0.13671806988564336,1.0,0.8131188,False,lineage_pub,LSEC,929
FGF13-AS1,0.04443322108441477,0.17600855775957872,1.0,14.269407,False,lineage_pub,LSEC,929
FGF14-AS2,-0.04012089144791348,0.22181721615109823,1.0,2.7796535,False,lineage_pub,LSEC,929
FLG-AS1,,1.0,1.0,0.0,False,lineage_pub,LSEC,929
FLNB-AS1,,1.0,1.0,0.0,False,lineage_pub,LSEC,929
FOXD2-AS1,,1.0,1.0,0.0,False,lineage_pub,LSEC,929
FOXN3-AS1,0.05373562448615468,0.10166963330380037,0.9804014227036117,14.426636,False,lineage_pub,LSEC,929
FOXN3-AS2,,1.0,1.0,0.0,False,lineage_pub,LSEC,929
FOXP1-AS1,,1.0,1.0,0.0,False,lineage_pub,LSEC,929
FRY-AS1,0.011808420610501432,0.7192639167162617,1.0,13.435227,False,lineage_pub,LSEC,929
FTX,0.11869441713122474,0.0002881798687958973,0.04144987112847656,2.0012174,False,lineage_pub,LSEC,929
GAS5-AS1,-0.07951849548554019,0.0153395924605531,0.558619010459838,14.79162,False,lineage_pub,LSEC,929
GAS6-AS1,,1.0,1.0,0.0,False,lineage_pub,LSEC,929
GATA3-AS1,,1.0,1.0,0.0,False,lineage_pub,LSEC,929
GATA6-AS1,0.03973533647588097,0.2262940496017178,1.0,2.224429,False,lineage_pub,LSEC,929
GDNF-AS1,-0.020751373319955163,0.5275777218050675,1.0,14.410105,False,lineage_pub,LSEC,929
GFOD1-AS1,,1.0,1.0,0.0,False,lineage_pub,LSEC,929
GGNBP1,,1.0,1.0,0.0,False,lineage_pub,LSEC,929
GHRLOS,-0.02773809544482269,0.3984082032820062,1.0,14.081059,False,lineage_pub,LSEC,929
GK-AS1,,1.0,1.0,0.0,False,lineage_pub,LSEC,929
GNAS-AS1,-0.0093028231471502,0.7770466915951608,1.0,13.564833,False,lineage_pub,LSEC,929
GNG12-AS1,0.0034221661330307725,0.9170377833513581,1.0,2.5450232,False,lineage_pub,LSEC,929
GOLGA8M,,1.0,1.0,0.0,False,lineage_pub,LSEC,929
GPR158-AS1,,1.0,1.0,0.0,False,lineage_pub,LSEC,929
GRIK1-AS1,-0.02603225089184907,0.4280598330397619,1.0,13.99879,False,lineage_pub,LSEC,929
GRM7-AS1,,1.0,1.0,0.0,False,lineage_pub,LSEC,929
GRPEL2-AS1,,1.0,1.0,0.0,False,lineage_pub,LSEC,929
GS1-24F4.2,,1.0,1.0,0.0,False,lineage_pub,LSEC,929
GS1-279B7.1,,1.0,1.0,0.0,False,lineage_pub,LSEC,929
GSN-AS1,-0.04932944379344119,0.13298679903403618,1.0,13.147297,False,lineage_pub,LSEC,929
GTSCR1,,1.0,1.0,0.0,False,lineage_pub,LSEC,929
HAND2-AS1,0.028522769508492557,0.3851940093682132,1.0,14.236885,False,lineage_pub,LSEC,929
HAR1A,,1.0,1.0,0.0,False,lineage_pub,LSEC,929
HAR1B,,1.0,1.0,0.0,False,lineage_pub,LSEC,929
HAS2-AS1,,1.0,1.0,0.0,False,lineage_pub,LSEC,929
HCFC1-AS1,,1.0,1.0,0.0,False,lineage_pub,LSEC,929
HCG11,-0.03245328061879059,0.3231094012722321,1.0,3.2604132,False,lineage_pub,LSEC,929
HCG14,,1.0,1.0,0.0,False,lineage_pub,LSEC,929
HCG15,,1.0,1.0,0.0,False,lineage_pub,LSEC,929
HCG17,,1.0,1.0,0.0,False,lineage_pub,LSEC,929
HCG18,0.05192775042101878,0.11372534183458835,0.9930520662019569,1.3666396,False,lineage_pub,LSEC,929
HCG20,,1.0,1.0,0.0,False,lineage_pub,LSEC,929
HCG21,,1.0,1.0,0.0,False,lineage_pub,LSEC,929
HCG22,,1.0,1.0,0.0,False,lineage_pub,LSEC,929
HCG24,,1.0,1.0,0.0,False,lineage_pub,LSEC,929
HCG25,0.021199300288272046,0.5187025508476352,1.0,13.735696,False,lineage_pub,LSEC,929
HCG27,0.015174437250564245,0.6441435908573019,1.0,15.249177,False,lineage_pub,LSEC,929
HCG9,-0.035694851111116296,0.2771062805452085,1.0,13.895652,False,lineage_pub,LSEC,929
HDAC11-AS1,0.026806819331919654,0.4144400370012377,1.0,13.12884,False,lineage_pub,LSEC,929
HEXA-AS1,0.011098854256677133,0.7354818886102285,1.0,13.915601,False,lineage_pub,LSEC,929
HHIP-AS1,0.03328926905105321,0.31079506439221644,1.0,14.262121,False,lineage_pub,LSEC,929
HIF1A-AS1,0.0481455504686878,0.1425592162289464,1.0,13.764215,False,lineage_pub,LSEC,929
HLA-DQB1-AS1,,1.0,1.0,0.0,False,lineage_pub,LSEC,929
HM13-AS1,-0.03599893141197879,0.27303173811453485,1.0,14.243301,False,lineage_pub,LSEC,929
HMGA1P4,-0.002589540217490897,0.9371743953438046,1.0,13.857979,False,lineage_pub,LSEC,929
HMGN3-AS1,-0.0048986355494218085,0.8814685396352727,1.0,2.9604166,False,lineage_pub,LSEC,929
HNF1A-AS1,,1.0,1.0,0.0,False,lineage_pub,LSEC,929
HNF4A-AS1,0.05679618342470648,0.0835971600678282,0.9804014227036117,13.871101,False,lineage_pub,LSEC,929
HOTAIRM1,0.006162011796007936,0.8512184810250865,1.0,1.055097,False,lineage_pub,LSEC,929
HOTTIP,,1.0,1.0,0.0,False,lineage_pub,LSEC,929
HOXA-AS2,-0.03216724766229779,0.32739468535843397,1.0,1.5073855,False,lineage_pub,LSEC,929
HOXA-AS3,,1.0,1.0,0.0,False,lineage_pub,LSEC,929
HOXA10-AS,,1.0,1.0,0.0,False,lineage_pub,LSEC,929
HOXA11-AS,,1.0,1.0,0.0,False,lineage_pub,LSEC,929
HOXB-AS1,-0.011239168907030682,0.7322652136894338,1.0,2.917127,False,lineage_pub,LSEC,929
HOXB-AS2,0.006828476455787699,0.8353454949850114,1.0,13.867101,False,lineage_pub,LSEC,929
HOXB-AS3,-0.03661479446360231,0.26490528941395464,1.0,15.452473,False,lineage_pub,LSEC,929
HOXC-AS2,,1.0,1.0,0.0,False,lineage_pub,LSEC,929
HOXD-AS2,,1.0,1.0,0.0,False,lineage_pub,LSEC,929
HULC,-0.0040937467140570085,0.9008339840871037,1.0,14.588411,False,lineage_pub,LSEC,929
HYI-AS1,-0.05483769434109591,0.0948338712712549,0.9804014227036117,13.591297,False,lineage_pub,LSEC,929
IDH1-AS1,0.006020734313458132,0.8545912172080352,1.0,13.8424835,False,lineage_pub,LSEC,929
IDI2-AS1,0.006749833253870508,0.8372151671398114,1.0,15.12999,False,lineage_pub,LSEC,929
IFNG-AS1,,1.0,1.0,0.0,False,lineage_pub,LSEC,929
IGBP1-AS1,0.00012240556772566053,0.9970272186051794,1.0,14.24544,False,lineage_pub,LSEC,929
IGBP1-AS2,,1.0,1.0,0.0,False,lineage_pub,LSEC,929
IGFBP7-AS1,0.02435870797740644,0.45835899567028926,1.0,13.500692,False,lineage_pub,LSEC,929
IL12A-AS1,,1.0,1.0,0.0,False,lineage_pub,LSEC,929
IL20RB-AS1,,1.0,1.0,0.0,False,lineage_pub,LSEC,929
IL21-AS1,,1.0,1.0,0.0,False,lineage_pub,LSEC,929
IL21R-AS1,-0.00445318061869185,0.8921780994394842,1.0,13.765072,False,lineage_pub,LSEC,929
INHBA-AS1,0.010115305801337002,0.758156709195657,1.0,13.367688,False,lineage_pub,LSEC,929
INTS6-AS1,-0.004457479357432434,0.892074652718632,1.0,2.8552227,False,lineage_pub,LSEC,929
IPO9-AS1,0.04278137895777595,0.19264442495961823,1.0,13.466106,False,lineage_pub,LSEC,929
IQCH-AS1,-0.010648502286853476,0.7458371541898223,1.0,2.0185065,False,lineage_pub,LSEC,929
ISM1-AS1,,1.0,1.0,0.0,False,lineage_pub,LSEC,929
ITCH-AS1,0.02208711457208154,0.5013418879615514,1.0,13.813243,False,lineage_pub,LSEC,929
ITGB2-AS1,-0.017218797520167604,0.6001723928844452,1.0,14.123913,False,lineage_pub,LSEC,929
ITIH4-AS1,,1.0,1.0,0.0,False,lineage_pub,LSEC,929
ITPK1-AS1,0.044555626652140426,0.1748197426261175,1.0,14.200237,False,lineage_pub,LSEC,929
ITPKB-AS1,-0.02943591237992835,0.37015760974043094,1.0,14.839917,False,lineage_pub,LSEC,929
JARID2-AS1,0.002820409449808524,0.9315863709515145,1.0,15.131751,False,lineage_pub,LSEC,929
JAZF1-AS1,,1.0,1.0,0.0,False,lineage_pub,LSEC,929
JMJD1C-AS1,0.07618489764294485,0.020215328178466614,0.558619010459838,15.038208,False,lineage_pub,LSEC,929
JPX,0.08212982171539351,0.01227504258740609,0.558619010459838,1.2848957,False,lineage_pub,LSEC,929
KANSL1-AS1,-0.07610627110985628,0.020345022090610447,0.558619010459838,3.0117266,False,lineage_pub,LSEC,929
KBTBD11-OT1,-0.021925710765188282,0.5044750241553936,1.0,14.373898,False,lineage_pub,LSEC,929
KCNIP2-AS1,0.0011310144113452366,0.9725371690484202,1.0,13.896134,False,lineage_pub,LSEC,929
KCNJ2-AS1,0.03415304479909628,0.2984004814001973,1.0,14.656414,False,lineage_pub,LSEC,929
KCNQ1-AS1,,1.0,1.0,0.0,False,lineage_pub,LSEC,929
KCNQ1OT1,0.03803277604617882,0.2468320787212693,1.0,1.2061217,False,lineage_pub,LSEC,929
KCNQ5-AS1,,1.0,1.0,0.0,False,lineage_pub,LSEC,929
KCTD21-AS1,0.011031146671967836,0.7370357284982775,1.0,14.864372,False,lineage_pub,LSEC,929
KDM4A-AS1,-0.005201733482991729,0.8741937343023835,1.0,15.178405,False,lineage_pub,LSEC,929
KIAA0087,,1.0,1.0,0.0,False,lineage_pub,LSEC,929
KIF25-AS1,,1.0,1.0,0.0,False,lineage_pub,LSEC,929
KIF9-AS1,-0.006238364036806471,0.8493968400889887,1.0,13.866866,False,lineage_pub,LSEC,929
KLHL6-AS1,-0.03723539498899489,0.25688623768869795,1.0,14.220866,False,lineage_pub,LSEC,929
KMT2E-AS1,-0.013705988435145063,0.6765256583551466,1.0,1.862998,False,lineage_pub,LSEC,929
KRTAP5-AS1,,1.0,1.0,0.0,False,lineage_pub,LSEC,929
KTN1-AS1,0.022483959418629396,0.49368238478888515,1.0,13.788627,False,lineage_pub,LSEC,929
LAMTOR5-AS1,-0.026642548953929177,0.41730694548991376,1.0,13.898307,False,lineage_pub,LSEC,929
LATS2-AS1,-0.004421693180816024,0.8929358825934538,1.0,15.808694,False,lineage_pub,LSEC,929
LBX2-AS1,-0.02936165172211898,0.37136666044189515,1.0,16.155474,False,lineage_pub,LSEC,929
LDLRAD4-AS1,0.05336882752838798,0.10402971333856549,0.9804014227036117,13.424568,False,lineage_pub,LSEC,929
LEMD1-AS1,-0.08210502681677359,0.012301386255531652,0.558619010459838,15.575945,False,lineage_pub,LSEC,929
LENG8-AS1,0.019349939275904757,0.5558360563703566,1.0,2.184044,False,lineage_pub,LSEC,929
LGALS8-AS1,-0.010649284392132464,0.7458191302683802,1.0,12.92005,False,lineage_pub,LSEC,929
LIFR-AS1,0.025102597945994037,0.444745108736295,1.0,3.485916,False,lineage_pub,LSEC,929
LIMD1-AS1,0.03876261579791778,0.23787371520278502,1.0,14.6701355,False,lineage_pub,LSEC,929
LINC-PINT,0.16066439220315443,8.549436823957042e-07,0.00036890819895374637,1.5561672,False,lineage_pub,LSEC,929
LINC-ROR,,1.0,1.0,0.0,False,lineage_pub,LSEC,929
LINC00092,0.08604371157575319,0.008692777716142729,0.5358476549307982,16.1776,False,lineage_pub,LSEC,929
LINC00102,,1.0,1.0,0.0,False,lineage_pub,LSEC,929
LINC00106,0.0007266613561727484,0.9823534619424842,1.0,14.367434,False,lineage_pub,LSEC,929
LINC00114,,1.0,1.0,0.0,False,lineage_pub,LSEC,929
LINC00115,0.054219516006941595,0.09862146815079594,0.9804014227036117,15.612236,False,lineage_pub,LSEC,929
LINC00158,,1.0,1.0,0.0,False,lineage_pub,LSEC,929
LINC00159,,1.0,1.0,0.0,False,lineage_pub,LSEC,929
LINC00161,,1.0,1.0,0.0,False,lineage_pub,LSEC,929
LINC00174,0.03725633206231018,0.25661866624908136,1.0,15.092526,False,lineage_pub,LSEC,929
LINC00184,,1.0,1.0,0.0,False,lineage_pub,LSEC,929
LINC00200,,1.0,1.0,0.0,False,lineage_pub,LSEC,929
LINC00205,-0.03716516066594165,0.25778522964854406,1.0,2.479122,False,lineage_pub,LSEC,929
LINC00221,,1.0,1.0,0.0,False,lineage_pub,LSEC,929
LINC00222,0.06521655517020435,0.04689939278600532,0.861152680304736,14.345203,False,lineage_pub,LSEC,929
LINC00226,,1.0,1.0,0.0,False,lineage_pub,LSEC,929
LINC00237,,1.0,1.0,0.0,False,lineage_pub,LSEC,929
LINC00240,-0.041019530370674566,0.21162950012396714,1.0,14.369078,False,lineage_pub,LSEC,929
LINC00242,,1.0,1.0,0.0,False,lineage_pub,LSEC,929
LINC00261,-0.003146225871821518,0.9237060065020073,1.0,14.50787,False,lineage_pub,LSEC,929
LINC00265,-0.013076012250945396,0.6906075161856514,1.0,14.463786,False,lineage_pub,LSEC,929
LINC00276,-0.04382119324578646,0.18204302182897278,1.0,13.833562,False,lineage_pub,LSEC,929
LINC00278,0.04675892687120231,0.15443231789464978,1.0,14.320098,False,lineage_pub,LSEC,929
LINC00298,,1.0,1.0,0.0,False,lineage_pub,LSEC,929
LINC00299,0.033783936692282295,0.30365602147139925,1.0,13.957405,False,lineage_pub,LSEC,929
LINC00304,,1.0,1.0,0.0,False,lineage_pub,LSEC,929
LINC00305,-0.044066004381237776,0.17961110454027474,1.0,13.002792,False,lineage_pub,LSEC,929
LINC00309,,1.0,1.0,0.0,False,lineage_pub,LSEC,929
LINC00310,,1.0,1.0,0.0,False,lineage_pub,LSEC,929
LINC00311,0.020043296892463685,0.5417634561846236,1.0,15.3337555,False,lineage_pub,LSEC,929
LINC00313,0.09054836800161502,0.005747866606611371,0.45094626195505577,16.23256,False,lineage_pub,LSEC,929
LINC00315,-0.015055884830256243,0.6467340540511646,1.0,13.067205,False,lineage_pub,LSEC,929
LINC00319,,1.0,1.0,0.0,False,lineage_pub,LSEC,929
LINC00322,,1.0,1.0,0.0,False,lineage_pub,LSEC,929
LINC00323,0.016524751642964172,0.6149485124764213,1.0,13.316828,False,lineage_pub,LSEC,929
LINC00324,0.039596409952695116,0.227922850299506,1.0,16.481716,False,lineage_pub,LSEC,929
LINC00327,,1.0,1.0,0.0,False,lineage_pub,LSEC,929
LINC00330,,1.0,1.0,0.0,False,lineage_pub,LSEC,929
LINC00332,,1.0,1.0,0.0,False,lineage_pub,LSEC,929
LINC00333,,1.0,1.0,0.0,False,lineage_pub,LSEC,929
LINC00334,,1.0,1.0,0.0,False,lineage_pub,LSEC,929
LINC00336,,1.0,1.0,0.0,False,lineage_pub,LSEC,929
LINC00339,0.03736089306789888,0.2552852903454823,1.0,16.287546,False,lineage_pub,LSEC,929
LINC00342,0.0010470602866681157,0.9745749922521285,1.0,16.469982,False,lineage_pub,LSEC,929
LINC00355,,1.0,1.0,0.0,False,lineage_pub,LSEC,929
LINC00359,,1.0,1.0,0.0,False,lineage_pub,LSEC,929
LINC00379,,1.0,1.0,0.0,False,lineage_pub,LSEC,929
LINC00381,,1.0,1.0,0.0,False,lineage_pub,LSEC,929
LINC00384,,1.0,1.0,0.0,False,lineage_pub,LSEC,929
LINC00393,,1.0,1.0,0.0,False,lineage_pub,LSEC,929
LINC00398,,1.0,1.0,0.0,False,lineage_pub,LSEC,929
LINC00399,,1.0,1.0,0.0,False,lineage_pub,LSEC,929
LINC00402,,1.0,1.0,0.0,False,lineage_pub,LSEC,929
LINC00407,0.050680920187528435,0.1226752136269648,1.0,14.13841,False,lineage_pub,LSEC,929
LINC00412,,1.0,1.0,0.0,False,lineage_pub,LSEC,929
LINC00426,,1.0,1.0,0.0,False,lineage_pub,LSEC,929
LINC00427,0.031335825337769095,0.34005898881320196,1.0,13.9055805,False,lineage_pub,LSEC,929
LINC00449,,1.0,1.0,0.0,False,lineage_pub,LSEC,929
LINC00461,,1.0,1.0,0.0,False,lineage_pub,LSEC,929
LINC00462,,1.0,1.0,0.0,False,lineage_pub,LSEC,929
LINC00469,,1.0,1.0,0.0,False,lineage_pub,LSEC,929
LINC00470,,1.0,1.0,0.0,False,lineage_pub,LSEC,929
LINC00472,0.05756269797767329,0.07950347954391006,0.9804014227036117,2.7842066,False,lineage_pub,LSEC,929
LINC00479,,1.0,1.0,0.0,False,lineage_pub,LSEC,929
LINC00482,0.027081881312319516,0.4096656770085115,1.0,13.8211,False,lineage_pub,LSEC,929
LINC00484,,1.0,1.0,0.0,False,lineage_pub,LSEC,929
LINC00485,,1.0,1.0,0.0,False,lineage_pub,LSEC,929
LINC00486,,1.0,1.0,0.0,False,lineage_pub,LSEC,929
LINC00487,-0.0011087465047389681,0.9730776623065727,1.0,13.856472,False,lineage_pub,LSEC,929
LINC00491,0.02949974182188418,0.36912034485416706,1.0,14.085957,False,lineage_pub,LSEC,929
LINC00494,,1.0,1.0,0.0,False,lineage_pub,LSEC,929
LINC00500,,1.0,1.0,0.0,False,lineage_pub,LSEC,929
LINC00501,-0.03819053713040608,0.24487593761643386,1.0,13.929936,False,lineage_pub,LSEC,929
LINC00504,0.041568556763356634,0.2055738821829505,1.0,14.9895115,False,lineage_pub,LSEC,929
LINC00507,,1.0,1.0,0.0,False,lineage_pub,LSEC,929
LINC00511,-0.005071779465494537,0.8773115625837223,1.0,14.948908,False,lineage_pub,LSEC,929
LINC00525,,1.0,1.0,0.0,False,lineage_pub,LSEC,929
LINC00526,-0.013553910069155684,0.6799149688967737,1.0,15.118191,False,lineage_pub,LSEC,929
LINC00528,-0.02165836977935976,0.5096871805767156,1.0,15.716629,False,lineage_pub,LSEC,929
LINC00534,,1.0,1.0,0.0,False,lineage_pub,LSEC,929
LINC00543,,1.0,1.0,0.0,False,lineage_pub,LSEC,929
LINC00544,,1.0,1.0,0.0,False,lineage_pub,LSEC,929
LINC00545,,1.0,1.0,0.0,False,lineage_pub,LSEC,929
LINC00551,-0.03292709771820268,0.316091476613789,1.0,12.967787,False,lineage_pub,LSEC,929
LINC00562,-0.00282575345271104,0.9314570619786262,1.0,15.903357,False,lineage_pub,LSEC,929
LINC00563,-0.007589145198990952,0.8173107195422563,1.0,12.779457,False,lineage_pub,LSEC,929
LINC00570,,1.0,1.0,0.0,False,lineage_pub,LSEC,929
LINC00571,-0.02622811894970657,0.42459139440072013,1.0,14.105604,False,lineage_pub,LSEC,929
LINC00574,,1.0,1.0,0.0,False,lineage_pub,LSEC,929
LINC00578,,1.0,1.0,0.0,False,lineage_pub,LSEC,929
LINC00582,,1.0,1.0,0.0,False,lineage_pub,LSEC,929
LINC00592,,1.0,1.0,0.0,False,lineage_pub,LSEC,929
LINC00595,,1.0,1.0,0.0,False,lineage_pub,LSEC,929
LINC00598,0.04675892687120231,0.15443231789464978,1.0,13.483024,False,lineage_pub,LSEC,929
LINC00601,,1.0,1.0,0.0,False,lineage_pub,LSEC,929
LINC00604,,1.0,1.0,0.0,False,lineage_pub,LSEC,929
LINC00607,,1.0,1.0,0.0,False,lineage_pub,LSEC,929
LINC00608,,1.0,1.0,0.0,False,lineage_pub,LSEC,929
LINC00621,,1.0,1.0,0.0,False,lineage_pub,LSEC,929
LINC00623,0.05679618342470648,0.0835971600678282,0.9804014227036117,13.871101,False,lineage_pub,LSEC,929
LINC00629,,1.0,1.0,0.0,False,lineage_pub,LSEC,929
LINC00630,0.024849279895095878,0.44935502113756376,1.0,3.1711679,False,lineage_pub,LSEC,929
LINC00632,-0.017485456270380628,0.5945382207310435,1.0,14.018078,False,lineage_pub,LSEC,929
LINC00636,,1.0,1.0,0.0,False,lineage_pub,LSEC,929
LINC00638,0.016160769663378385,0.6227609520640566,1.0,14.4837265,False,lineage_pub,LSEC,929
LINC00639,0.054592883205644586,0.09631968048410323,0.9804014227036117,13.468271,False,lineage_pub,LSEC,929
LINC00640,-0.04822779368391024,0.1418776156188743,1.0,13.394859,False,lineage_pub,LSEC,929
LINC00642,-0.01690039769516674,0.6069311877830877,1.0,14.240595,False,lineage_pub,LSEC,929
LINC00648,,1.0,1.0,0.0,False,lineage_pub,LSEC,929
LINC00649,-0.0132101935066128,0.6875989857376811,1.0,14.909359,False,lineage_pub,LSEC,929
LINC00654,0.050427223381600064,0.1245618072771444,1.0,14.921051,False,lineage_pub,LSEC,929
LINC00656,,1.0,1.0,0.0,False,lineage_pub,LSEC,929
LINC00659,,1.0,1.0,0.0,False,lineage_pub,LSEC,929
LINC00662,-0.00872075246166337,0.7906617723025445,1.0,1.8392467,False,lineage_pub,LSEC,929
LINC00663,0.0028870397419273404,0.9299742460748288,1.0,15.214235,False,lineage_pub,LSEC,929
LINC00664,0.05569453331517553,0.08977741035639544,0.9804014227036117,14.238907,False,lineage_pub,LSEC,929
LINC00665,-0.02281466512831197,0.48734752452613067,1.0,0.9785228,False,lineage_pub,LSEC,929
LINC00667,-0.0794924428999748,0.015373283637199439,0.558619010459838,2.501167,False,lineage_pub,LSEC,929
LINC00671,0.0564862965091793,0.08529980608114374,0.9804014227036117,16.436186,False,lineage_pub,LSEC,929
LINC00677,,1.0,1.0,0.0,False,lineage_pub,LSEC,929
LINC00678,,1.0,1.0,0.0,False,lineage_pub,LSEC,929
LINC00682,,1.0,1.0,0.0,False,lineage_pub,LSEC,929
LINC00683,0.0004896222709026421,0.988109286416471,1.0,13.022437,False,lineage_pub,LSEC,929
LINC00685,-0.04689858728579325,0.15320352766813794,1.0,1.163606,False,lineage_pub,LSEC,929
LINC00686,,1.0,1.0,0.0,False,lineage_pub,LSEC,929
LINC00687,,1.0,1.0,0.0,False,lineage_pub,LSEC,929
LINC00691,,1.0,1.0,0.0,False,lineage_pub,LSEC,929
LINC00692,,1.0,1.0,0.0,False,lineage_pub,LSEC,929
LINC00702,-0.012974990178920013,0.6928757989410592,1.0,13.150399,False,lineage_pub,LSEC,929
LINC00707,,1.0,1.0,0.0,False,lineage_pub,LSEC,929
LINC00838,,1.0,1.0,0.0,False,lineage_pub,LSEC,929
LINC00839,0.07117620600870737,0.030064002448994084,0.6436365363609386,14.7289505,False,lineage_pub,LSEC,929
LINC00842,0.07464975626323908,0.022881981890914563,0.558619010459838,14.332394,False,lineage_pub,LSEC,929
LINC00844,-0.011573405280574304,0.7246219217496085,1.0,15.236348,False,lineage_pub,LSEC,929
LINC00847,-0.0590564260000042,0.07199378713092425,0.9804014227036117,2.2046075,False,lineage_pub,LSEC,929
LINC00852,-0.01588115768735073,0.6287914844918923,1.0,13.77779,False,lineage_pub,LSEC,929
LINC00853,-0.004092320787784229,0.9008683473848436,1.0,14.892223,False,lineage_pub,LSEC,929
LINC00861,-0.012022506283834413,0.7143950286151178,1.0,13.697653,False,lineage_pub,LSEC,929
LINC00862,,1.0,1.0,0.0,False,lineage_pub,LSEC,929
LINC00863,0.010121006715100255,0.7580246579083921,1.0,2.1408129,False,lineage_pub,LSEC,929
LINC00865,-0.00508764328560266,0.8769308584478022,1.0,14.604655,False,lineage_pub,LSEC,929
LINC00867,,1.0,1.0,0.0,False,lineage_pub,LSEC,929
LINC00868,,1.0,1.0,0.0,False,lineage_pub,LSEC,929
LINC00869,,1.0,1.0,0.0,False,lineage_pub,LSEC,929
LINC00870,0.07794299625982713,0.01749763925045843,0.558619010459838,14.664987,False,lineage_pub,LSEC,929
LINC00871,,1.0,1.0,0.0,False,lineage_pub,LSEC,929
LINC00877,-0.003106056292071836,0.9246771805955176,1.0,14.332512,False,lineage_pub,LSEC,929
LINC00880,-0.004406600438123778,0.8932991422872596,1.0,14.023771,False,lineage_pub,LSEC,929
LINC00881,,1.0,1.0,0.0,False,lineage_pub,LSEC,929
LINC00882,,1.0,1.0,0.0,False,lineage_pub,LSEC,929
LINC00885,,1.0,1.0,0.0,False,lineage_pub,LSEC,929
LINC00886,0.05679618342470648,0.0835971600678282,0.9804014227036117,13.871101,False,lineage_pub,LSEC,929
LINC00887,-0.005997872818557365,0.8551372438651585,1.0,13.000137,False,lineage_pub,LSEC,929
LINC00896,-0.024025699651285794,0.46452815600333924,1.0,13.666153,False,lineage_pub,LSEC,929
LINC00900,,1.0,1.0,0.0,False,lineage_pub,LSEC,929
LINC00907,0.06219868402976216,0.05808345462786337,0.9527249687848474,15.46763,False,lineage_pub,LSEC,929
LINC00910,0.03618398622511216,0.270572207215961,1.0,2.272953,False,lineage_pub,LSEC,929
LINC00920,0.05770849457431911,0.07874356094889898,0.9804014227036117,1.892334,False,lineage_pub,LSEC,929
LINC00923,-0.027296441602822293,0.40596424090910394,1.0,13.282211,False,lineage_pub,LSEC,929
LINC00924,0.004764505053916822,0.884691100037515,1.0,2.5648537,False,lineage_pub,LSEC,929
LINC00926,0.029969481479024278,0.36154242604372555,1.0,15.553946,False,lineage_pub,LSEC,929
LINC00929,,1.0,1.0,0.0,False,lineage_pub,LSEC,929
LINC00937,-0.02870321894425883,0.3821934301702294,1.0,13.328154,False,lineage_pub,LSEC,929
LINC00938,-0.018319788529521486,0.5770676730204034,1.0,0.6890888,False,lineage_pub,LSEC,929
LINC00939,,1.0,1.0,0.0,False,lineage_pub,LSEC,929
LINC00940,,1.0,1.0,0.0,False,lineage_pub,LSEC,929
LINC00941,0.0020970540920302524,0.9491046530604939,1.0,13.71332,False,lineage_pub,LSEC,929
LINC00943,,1.0,1.0,0.0,False,lineage_pub,LSEC,929
LINC00944,,1.0,1.0,0.0,False,lineage_pub,LSEC,929
LINC00951,,1.0,1.0,0.0,False,lineage_pub,LSEC,929
LINC00954,0.06898249105015768,0.035533506906419605,0.7131492200055842,14.8934145,False,lineage_pub,LSEC,929
LINC00957,-0.024033902921204827,0.4643756339110196,1.0,14.362377,False,lineage_pub,LSEC,929
LINC00958,0.05398085536701629,0.100115626540119,0.9804014227036117,13.298092,False,lineage_pub,LSEC,929
LINC00960,0.009130178075619524,0.7810780728802,1.0,14.147906,False,lineage_pub,LSEC,929
LINC00964,-0.009977172564214782,0.7613584589091293,1.0,14.594477,False,lineage_pub,LSEC,929
LINC00968,,1.0,1.0,0.0,False,lineage_pub,LSEC,929
LINC00970,,1.0,1.0,0.0,False,lineage_pub,LSEC,929
LINC00971,,1.0,1.0,0.0,False,lineage_pub,LSEC,929
LINC00987,0.016816337605974205,0.6087212114879396,1.0,2.3032718,False,lineage_pub,LSEC,929
LINC00989,,1.0,1.0,0.0,False,lineage_pub,LSEC,929
LINC00992,,1.0,1.0,0.0,False,lineage_pub,LSEC,929
LINC00996,-0.026463375882908795,0.4204472101214578,1.0,13.8392725,False,lineage_pub,LSEC,929
LINC01001,-0.023717778880027417,0.4702733627660985,1.0,14.061701,False,lineage_pub,LSEC,929
LINC01003,0.07302129303720085,0.026039124547228464,0.6073449860610315,1.8335726,False,lineage_pub,LSEC,929
LINC01004,0.0082446501002021,0.8018459965268849,1.0,14.273945,False,lineage_pub,LSEC,929
LINC01010,,1.0,1.0,0.0,False,lineage_pub,LSEC,929
LINC01011,0.0066153593718319085,0.8404142860248525,1.0,2.3105197,False,lineage_pub,LSEC,929
LINC01013,,1.0,1.0,0.0,False,lineage_pub,LSEC,929
LINC01018,,1.0,1.0,0.0,False,lineage_pub,LSEC,929
LINC01023,0.03114394117375728,0.34302572980238305,1.0,14.977938,False,lineage_pub,LSEC,929
LINC01030,,1.0,1.0,0.0,False,lineage_pub,LSEC,929
LINC01031,-0.0059177270568218565,0.8570520000931131,1.0,13.5779,False,lineage_pub,LSEC,929
LINC01036,,1.0,1.0,0.0,False,lineage_pub,LSEC,929
LINC01048,,1.0,1.0,0.0,False,lineage_pub,LSEC,929
LINC01050,,1.0,1.0,0.0,False,lineage_pub,LSEC,929
LINC01054,,1.0,1.0,0.0,False,lineage_pub,LSEC,929
LINC01058,,1.0,1.0,0.0,False,lineage_pub,LSEC,929
LINC01063,0.007041711993676957,0.8302807112579768,1.0,14.360069,False,lineage_pub,LSEC,929
LINC01068,,1.0,1.0,0.0,False,lineage_pub,LSEC,929
LINC01072,,1.0,1.0,0.0,False,lineage_pub,LSEC,929
LINC01085,,1.0,1.0,0.0,False,lineage_pub,LSEC,929
LINC01087,0.020319324242459646,0.5362109423623991,1.0,13.916584,False,lineage_pub,LSEC,929
LINC01088,0.02042744716407172,0.5340437836493387,1.0,13.821703,False,lineage_pub,LSEC,929
LINC01090,,1.0,1.0,0.0,False,lineage_pub,LSEC,929
LINC01091,0.01852242416332802,0.5728613083943075,1.0,13.942303,False,lineage_pub,LSEC,929
LINC01093,,1.0,1.0,0.0,False,lineage_pub,LSEC,929
LINC01094,-0.022825592539193675,0.48713895411360775,1.0,15.089031,False,lineage_pub,LSEC,929
LINC01095,,1.0,1.0,0.0,False,lineage_pub,LSEC,929
LINC01099,-0.0008256241313422759,0.9799506847091928,1.0,15.414944,False,lineage_pub,LSEC,929
LINC01102,,1.0,1.0,0.0,False,lineage_pub,LSEC,929
LINC01104,,1.0,1.0,0.0,False,lineage_pub,LSEC,929
LINC01106,0.028882165977948016,0.37923200785720196,1.0,14.508772,False,lineage_pub,LSEC,929
LINC01111,,1.0,1.0,0.0,False,lineage_pub,LSEC,929
LINC01114,,1.0,1.0,0.0,False,lineage_pub,LSEC,929
LINC01115,,1.0,1.0,0.0,False,lineage_pub,LSEC,929
LINC01116,0.015296493746247213,0.6414810620742061,1.0,15.917566,False,lineage_pub,LSEC,929
LINC01117,,1.0,1.0,0.0,False,lineage_pub,LSEC,929
LINC01118,0.0026468596145584546,0.9357867213113766,1.0,14.134766,False,lineage_pub,LSEC,929
LINC01119,0.04136834444989409,0.20776744075156856,1.0,14.06594,False,lineage_pub,LSEC,929
LINC01122,-0.020931352081087946,0.5240023745208807,1.0,13.693014,False,lineage_pub,LSEC,929
LINC01123,,1.0,1.0,0.0,False,lineage_pub,LSEC,929
LINC01124,-0.04810538811618458,0.14289297729743855,1.0,13.178658,False,lineage_pub,LSEC,929
LINC01132,,1.0,1.0,0.0,False,lineage_pub,LSEC,929
LINC01133,,1.0,1.0,0.0,False,lineage_pub,LSEC,929
LINC01134,-0.05112054088000776,0.11945887326639212,1.0,13.889643,False,lineage_pub,LSEC,929
LINC01135,-0.05030868833524647,0.1254509908545161,1.0,13.320223,False,lineage_pub,LSEC,929
LINC01138,,1.0,1.0,0.0,False,lineage_pub,LSEC,929
LINC01140,,1.0,1.0,0.0,False,lineage_pub,LSEC,929
LINC01149,,1.0,1.0,0.0,False,lineage_pub,LSEC,929
LINC01150,,1.0,1.0,0.0,False,lineage_pub,LSEC,929
LINC01151,-0.011261312230760767,0.7317580111544257,1.0,14.135675,False,lineage_pub,LSEC,929
LINC01152,,1.0,1.0,0.0,False,lineage_pub,LSEC,929
LINC01160,,1.0,1.0,0.0,False,lineage_pub,LSEC,929
LINC01166,0.05710176371166224,0.08194518878324789,0.9804014227036117,15.203087,False,lineage_pub,LSEC,929
LIPE-AS1,0.04762315474600075,0.14694737000924435,1.0,16.332684,False,lineage_pub,LSEC,929
LL22NC03-63E9.3,0.05043109390297213,0.12453285574642624,1.0,14.164299,False,lineage_pub,LSEC,929
LMCD1-AS1,0.007384615290547639,0.8221508793509836,1.0,14.245638,False,lineage_pub,LSEC,929
LMLN-AS1,,1.0,1.0,0.0,False,lineage_pub,LSEC,929
LOH12CR2,-0.041253205262379126,0.2090365749240708,1.0,15.906452,False,lineage_pub,LSEC,929
LOXL1-AS1,0.07473421265581462,0.02272771408094982,0.558619010459838,14.7892275,False,lineage_pub,LSEC,929
LPP-AS1,,1.0,1.0,0.0,False,lineage_pub,LSEC,929
LPP-AS2,-0.055900984235249376,0.08859206136510121,0.9804014227036117,14.646118,False,lineage_pub,LSEC,929
LRP4-AS1,,1.0,1.0,0.0,False,lineage_pub,LSEC,929
LUCAT1,0.009583400524416067,0.7705078294583115,1.0,14.584261,False,lineage_pub,LSEC,929
LY86-AS1,,1.0,1.0,0.0,False,lineage_pub,LSEC,929
MAFG-AS1,,1.0,1.0,0.0,False,lineage_pub,LSEC,929
MALAT1,0.12524816166294267,0.000129481492790296,0.02234850565560509,0.118802786,False,lineage_pub,LSEC,929
MAMDC2-AS1,0.016402346075238508,0.6175709991812223,1.0,14.119425,False,lineage_pub,LSEC,929
MAP3K14-AS1,,1.0,1.0,0.0,False,lineage_pub,LSEC,929
MAPKAPK5-AS1,-0.022221373122746194,0.498743550203962,1.0,1.1536736,False,lineage_pub,LSEC,929
MAST4-AS1,-0.052369600372794034,0.11067983477350452,0.9852779922646724,15.128217,False,lineage_pub,LSEC,929
MATN1-AS1,0.01224055677256605,0.7094478744007998,1.0,13.739846,False,lineage_pub,LSEC,929
MBNL1-AS1,-0.031183611969503918,0.34241102535620815,1.0,13.82065,False,lineage_pub,LSEC,929
MCCC1-AS1,0.025337952519211726,0.4404863387692337,1.0,13.47094,False,lineage_pub,LSEC,929
MCF2L-AS1,-0.09408997310344569,0.004100513063554045,0.39717354355464063,15.477744,False,lineage_pub,LSEC,929
MCM3AP-AS1,0.04834480197195735,0.1409122059747556,1.0,14.790825,False,lineage_pub,LSEC,929
MDC1-AS1,,1.0,1.0,0.0,False,lineage_pub,LSEC,929
MDS2,0.004039383734946797,0.9021442044501546,1.0,13.342045,False,lineage_pub,LSEC,929
MED4-AS1,,1.0,1.0,0.0,False,lineage_pub,LSEC,929
MEF2C-AS1,0.049367230583224994,0.13268966161565143,1.0,15.808186,False,lineage_pub,LSEC,929
MEG3,0.06373483428169531,0.05214131904007461,0.9183256802364161,0.5790572,False,lineage_pub,LSEC,929
MEG8,-0.03591923644562444,0.27409563841834017,1.0,2.7287216,False,lineage_pub,LSEC,929
MEG9,0.015460350306375098,0.6379139411960749,1.0,15.597609,False,lineage_pub,LSEC,929
MEIS1-AS2,-0.02229688117407248,0.4972853709744259,1.0,16.487331,False,lineage_pub,LSEC,929
MIAT,-0.059377562748824025,0.07045751395174571,0.9804014227036117,3.1957703,False,lineage_pub,LSEC,929
MID1IP1-AS1,,1.0,1.0,0.0,False,lineage_pub,LSEC,929
MIMT1,-0.005875467250831704,0.8580619648942022,1.0,13.835842,False,lineage_pub,LSEC,929
MIR155HG,0.07225657946830219,0.027647053922171507,0.6278791456535266,14.231363,False,lineage_pub,LSEC,929
MIR181A1HG,0.05612691199469597,0.08730935056099881,0.9804014227036117,16.14577,False,lineage_pub,LSEC,929
MIR181A2HG,0.05361363866383931,0.10244975634955213,0.9804014227036117,13.492676,False,lineage_pub,LSEC,929
MIR202HG,,1.0,1.0,0.0,False,lineage_pub,LSEC,929
MIR210HG,0.06209343879300313,0.05851033991378553,0.9527249687848474,14.409851,False,lineage_pub,LSEC,929
MIR22HG,4.072013724554388e-05,0.9990110554828436,1.0,0.7760103,False,lineage_pub,LSEC,929
MIR4458HG,-0.0307260479577611,0.3495437669646316,1.0,2.3140395,False,lineage_pub,LSEC,929
MIR4500HG,,1.0,1.0,0.0,False,lineage_pub,LSEC,929
MIR497HG,0.023934702853967923,0.4662219101894031,1.0,14.6781025,False,lineage_pub,LSEC,929
MIR503HG,0.056975707920233036,0.08262341643312719,0.9804014227036117,0.95906556,False,lineage_pub,LSEC,929
MIS18A-AS1,-0.010696691098519178,0.7447268838818716,1.0,13.241831,False,lineage_pub,LSEC,929
MKNK1-AS1,,1.0,1.0,0.0,False,lineage_pub,LSEC,929
MNX1-AS1,,1.0,1.0,0.0,False,lineage_pub,LSEC,929
MNX1-AS2,,1.0,1.0,0.0,False,lineage_pub,LSEC,929
MORC2-AS1,-0.055985285349404945,0.08811167739230633,0.9804014227036117,15.477589,False,lineage_pub,LSEC,929
MORF4L2-AS1,-0.02787097086665781,0.39615155891097004,1.0,14.664337,False,lineage_pub,LSEC,929
MPRIP-AS1,0.002957498548282105,0.9282698021767878,1.0,2.6060383,False,lineage_pub,LSEC,929
MRPL23-AS1,,1.0,1.0,0.0,False,lineage_pub,LSEC,929
MTUS2-AS1,,1.0,1.0,0.0,False,lineage_pub,LSEC,929
MYCBP2-AS1,,1.0,1.0,0.0,False,lineage_pub,LSEC,929
MYLK-AS1,0.05482723683088933,0.09489696298028598,0.9804014227036117,15.512482,False,lineage_pub,LSEC,929
NAALADL2-AS2,,1.0,1.0,0.0,False,lineage_pub,LSEC,929
NALCN-AS1,-0.0238690857065038,0.46744538550943,1.0,13.362171,False,lineage_pub,LSEC,929
NAPA-AS1,-0.02118700175359851,0.5189452002187621,1.0,14.371283,False,lineage_pub,LSEC,929
NAV2-AS2,,1.0,1.0,0.0,False,lineage_pub,LSEC,929
NAV2-AS3,0.013342206882096995,0.6846438727874762,1.0,13.541594,False,lineage_pub,LSEC,929
NCAM1-AS1,,1.0,1.0,0.0,False,lineage_pub,LSEC,929
NCBP2-AS1,0.02937733625415852,0.37111109429352823,1.0,13.673256,False,lineage_pub,LSEC,929
NDUFB2-AS1,0.01733896562326253,0.5976304030301381,1.0,13.917567,False,lineage_pub,LSEC,929
NEAT1,0.14676844002516387,7.063995042678186e-06,0.0020320759072770915,0.21863139,False,lineage_pub,LSEC,929
NEBL-AS1,,1.0,1.0,0.0,False,lineage_pub,LSEC,929
NEXN-AS1,-0.040926486501982315,0.2126683768792371,1.0,13.640091,False,lineage_pub,LSEC,929
NFE4,,1.0,1.0,0.0,False,lineage_pub,LSEC,929
NFYC-AS1,-0.0033155366402423466,0.9196138692554866,1.0,15.124977,False,lineage_pub,LSEC,929
NIFK-AS1,-0.03045459734391877,0.3538194550776913,1.0,2.1846232,False,lineage_pub,LSEC,929
NNT-AS1,-0.01781931434117401,0.5875184342109853,1.0,1.1366313,False,lineage_pub,LSEC,929
NOP14-AS1,-0.012294315983449537,0.7082300469110828,1.0,14.253893,False,lineage_pub,LSEC,929
NPHP3-AS1,,1.0,1.0,0.0,False,lineage_pub,LSEC,929
NR2F2-AS1,0.07442187793380116,0.023302762892878526,0.558619010459838,1.5121222,False,lineage_pub,LSEC,929
NUCB1-AS1,,1.0,1.0,0.0,False,lineage_pub,LSEC,929
NUTM2A-AS1,0.06145387556315792,0.06116075735804144,0.9774395111109215,2.0266576,False,lineage_pub,LSEC,929
NXF5,,1.0,1.0,0.0,False,lineage_pub,LSEC,929
ODF2-AS1,-0.04039383734946797,0.2186864606421756,1.0,13.108387,False,lineage_pub,LSEC,929
OGFR-AS1,,1.0,1.0,0.0,False,lineage_pub,LSEC,929
OPA1-AS1,,1.0,1.0,0.0,False,lineage_pub,LSEC,929
OR2A1-AS1,0.029790978527469467,0.36441052067894303,1.0,16.014826,False,lineage_pub,LSEC,929
OSBPL10-AS1,-0.06651853921408009,0.042665736415125145,0.8368302392330228,16.07582,False,lineage_pub,LSEC,929
OSGEPL1-AS1,0.03603492183899683,0.2725522037919633,1.0,14.687326,False,lineage_pub,LSEC,929
OSTN-AS1,,1.0,1.0,0.0,False,lineage_pub,LSEC,929
OTX2-AS1,,1.0,1.0,0.0,False,lineage_pub,LSEC,929
OVCH1-AS1,0.01548366894487542,0.6374069768012047,1.0,14.99608,False,lineage_pub,LSEC,929
PAN3-AS1,-0.00988117570523793,0.7635859506765849,1.0,15.087528,False,lineage_pub,LSEC,929
PAPPA-AS1,,1.0,1.0,0.0,False,lineage_pub,LSEC,929
PART1,0.03121341977004343,0.34194961238264204,1.0,13.764215,False,lineage_pub,LSEC,929
PAXBP1-AS1,-0.03684657642042034,0.26189041549127456,1.0,15.585021,False,lineage_pub,LSEC,929
PAXIP1-AS2,-0.07560611096898397,0.021187123214042057,0.558619010459838,2.5698164,False,lineage_pub,LSEC,929
PCA3,-0.07483879397802733,0.022537937171735276,0.558619010459838,15.3312645,False,lineage_pub,LSEC,929
PCAT1,-0.03875728310030943,0.2379383285619612,1.0,3.3589942,False,lineage_pub,LSEC,929
PCAT6,0.0006890430166932065,0.9832668635258589,1.0,15.727594,False,lineage_pub,LSEC,929
PCAT7,-0.08347691395157157,0.01091673789989392,0.558619010459838,14.73941,False,lineage_pub,LSEC,929
PCBP1-AS1,0.021878665851718375,0.505390186301125,1.0,1.2099161,False,lineage_pub,LSEC,929
PCCA-AS1,,1.0,1.0,0.0,False,lineage_pub,LSEC,929
PCDH9-AS1,,1.0,1.0,0.0,False,lineage_pub,LSEC,929
PCOLCE-AS1,,1.0,1.0,0.0,False,lineage_pub,LSEC,929
PDCD4-AS1,-0.0012426111669879567,0.9698286540332682,1.0,1.4900656,False,lineage_pub,LSEC,929
PEX5L-AS1,,1.0,1.0,0.0,False,lineage_pub,LSEC,929
PGM5-AS1,0.02451603389671577,0.4554604793359585,1.0,14.255577,False,lineage_pub,LSEC,929
PHKA2-AS1,0.011750934501663408,0.7205732556270766,1.0,14.06594,False,lineage_pub,LSEC,929
PINK1-AS,0.04012169171546718,0.22180799027525047,1.0,13.879145,False,lineage_pub,LSEC,929
PITPNA-AS1,0.009441915365931556,0.7738031411437282,1.0,15.518537,False,lineage_pub,LSEC,929
PLCXD2-AS1,,1.0,1.0,0.0,False,lineage_pub,LSEC,929
PLS1-AS1,,1.0,1.0,0.0,False,lineage_pub,LSEC,929
POT1-AS1,-0.04320916540715816,0.18822935397877752,1.0,13.649748,False,lineage_pub,LSEC,929
POU6F2-AS1,,1.0,1.0,0.0,False,lineage_pub,LSEC,929
PPP1R26-AS1,-0.0046514115735751,0.8874097171891048,1.0,13.865576,False,lineage_pub,LSEC,929
PRC1-AS1,,1.0,1.0,0.0,False,lineage_pub,LSEC,929
PRICKLE2-AS3,0.019408563752536752,0.5546393349293655,1.0,13.916584,False,lineage_pub,LSEC,929
PRKAG2-AS1,-0.003915000383513396,0.9051430047475222,1.0,14.390159,False,lineage_pub,LSEC,929
PRKAR2A-AS1,,1.0,1.0,0.0,False,lineage_pub,LSEC,929
PRKCQ-AS1,0.062371383946222346,0.05738856665840419,0.9527249687848474,15.9499035,False,lineage_pub,LSEC,929
PRKG1-AS1,,1.0,1.0,0.0,False,lineage_pub,LSEC,929
PRKX-AS1,,1.0,1.0,0.0,False,lineage_pub,LSEC,929
PRMT5-AS1,,1.0,1.0,0.0,False,lineage_pub,LSEC,929
PROSER2-AS1,,1.0,1.0,0.0,False,lineage_pub,LSEC,929
PROX1-AS1,0.05679618342470648,0.0835971600678282,0.9804014227036117,14.954826,False,lineage_pub,LSEC,929
PRR7-AS1,-0.009425228714875859,0.7741920573970256,1.0,13.619877,False,lineage_pub,LSEC,929
PRRT3-AS1,-0.018563945292586505,0.5720011983837281,1.0,15.015586,False,lineage_pub,LSEC,929
PSMD6-AS2,-0.007098994718306686,0.8289213179179596,1.0,14.779467,False,lineage_pub,LSEC,929
PSMG3-AS1,0.019178261819093535,0.559347787097947,1.0,15.2511,False,lineage_pub,LSEC,929
PTCSC3,,1.0,1.0,0.0,False,lineage_pub,LSEC,929
PTOV1-AS1,-0.04190636875512685,0.20191093604277527,1.0,14.442787,False,lineage_pub,LSEC,929
PWRN1,,1.0,1.0,0.0,False,lineage_pub,LSEC,929
PXN-AS1,-0.038750444664973634,0.23802120422177586,1.0,15.624001,False,lineage_pub,LSEC,929
RAB11B-AS1,-0.05323345211099343,0.10491165933259683,0.9804014227036117,3.4163947,False,lineage_pub,LSEC,929
RAD21-AS1,-0.037112338865535395,0.2584627769091862,1.0,13.367688,False,lineage_pub,LSEC,929
RAI1-AS1,,1.0,1.0,0.0,False,lineage_pub,LSEC,929
RAMP2-AS1,-0.014696512818704422,0.6546126635132979,1.0,2.7878451,False,lineage_pub,LSEC,929
RAP2C-AS1,0.007421888274790755,0.8212683120784826,1.0,1.8628497,False,lineage_pub,LSEC,929
RASAL2-AS1,0.006313586078918669,0.8476029485400568,1.0,15.658173,False,lineage_pub,LSEC,929
RASSF8-AS1,0.01112292231393345,0.7349298040299869,1.0,2.0133317,False,lineage_pub,LSEC,929
RBM26-AS1,-0.023789178103381287,0.46893771233834874,1.0,15.962239,False,lineage_pub,LSEC,929
RBMS3-AS2,,1.0,1.0,0.0,False,lineage_pub,LSEC,929
RBMS3-AS3,-0.008287015438570676,0.8008491016856177,1.0,15.666192,False,lineage_pub,LSEC,929
RBPMS-AS1,0.007197878511154685,0.8265758825688698,1.0,14.106081,False,lineage_pub,LSEC,929
RFPL1S,-0.12715381566536677,0.00010184617588902393,0.021973312448056913,2.8291943,False,lineage_pub,LSEC,929
RFPL3S,-0.0004896222709026421,0.988109286416471,1.0,13.367688,False,lineage_pub,LSEC,929
RGMB-AS1,0.017381726028215236,0.5967270456486372,1.0,14.723815,False,lineage_pub,LSEC,929
RGPD4-AS1,0.037675008606800266,0.25130859789697974,1.0,14.813978,False,lineage_pub,LSEC,929
RHPN1-AS1,,1.0,1.0,0.0,False,lineage_pub,LSEC,929
RMDN2-AS1,,1.0,1.0,0.0,False,lineage_pub,LSEC,929
RN7SL832P,-0.04844035907938669,0.14012753213461643,1.0,1.8834112,False,lineage_pub,LSEC,929
RNASEH2B-AS1,,1.0,1.0,0.0,False,lineage_pub,LSEC,929
RNF157-AS1,,1.0,1.0,0.0,False,lineage_pub,LSEC,929
RNF185-AS1,,1.0,1.0,0.0,False,lineage_pub,LSEC,929
RNU6ATAC35P,0.0343959645309106,0.29497495784046096,1.0,13.993759,False,lineage_pub,LSEC,929
RRM1-AS1,-0.011383717798486428,0.7289563743671702,1.0,13.8125725,False,lineage_pub,LSEC,929
RUSC1-AS1,0.007458333119254078,0.8204055722337324,1.0,14.90833,False,lineage_pub,LSEC,929
RUVBL1-AS1,,1.0,1.0,0.0,False,lineage_pub,LSEC,929
SAMSN1-AS1,,1.0,1.0,0.0,False,lineage_pub,LSEC,929
SAP30L-AS1,-0.009213331736076413,0.7791356369772932,1.0,13.989014,False,lineage_pub,LSEC,929
SAPCD1-AS1,,1.0,1.0,0.0,False,lineage_pub,LSEC,929
SBF2-AS1,0.00042079698719612284,0.9897806429920065,1.0,15.14477,False,lineage_pub,LSEC,929
SCARNA9,,1.0,1.0,0.0,False,lineage_pub,LSEC,929
SCGB1B2P,0.006154166886720596,0.8514056929524229,1.0,15.717199,False,lineage_pub,LSEC,929
SDCBP2-AS1,-0.044074545396103205,0.17952669675146976,1.0,15.293779,False,lineage_pub,LSEC,929
SEC24B-AS1,0.04779338859837986,0.14550620999858266,1.0,15.444204,False,lineage_pub,LSEC,929
SEC62-AS1,,1.0,1.0,0.0,False,lineage_pub,LSEC,929
SEMA3B-AS1,0.030234175228238142,0.35731555082019417,1.0,13.965863,False,lineage_pub,LSEC,929
SENCR,0.014236906801730445,0.6647448665261257,1.0,15.301236,False,lineage_pub,LSEC,929
SERTAD4-AS1,0.09289240644261684,0.004602242683136045,0.39717354355464063,14.715237,False,lineage_pub,LSEC,929
SFTA1P,,1.0,1.0,0.0,False,lineage_pub,LSEC,929
SFTA3,,1.0,1.0,0.0,False,lineage_pub,LSEC,929
SH3BP5-AS1,0.015231765881994007,0.6428924590709274,1.0,2.7294111,False,lineage_pub,LSEC,929
SH3RF3-AS1,0.01998175672110478,0.5430052806052124,1.0,15.66324,False,lineage_pub,LSEC,929
SHANK2-AS1,-0.033783936692282295,0.30365602147139925,1.0,13.856117,False,lineage_pub,LSEC,929
SHANK2-AS3,0.016891968346141147,0.607110581239793,1.0,13.456497,False,lineage_pub,LSEC,929
SIAH2-AS1,,1.0,1.0,0.0,False,lineage_pub,LSEC,929
SIDT1-AS1,0.027541252738273615,0.4017653866904751,1.0,13.70923,False,lineage_pub,LSEC,929
SIGLEC5,,1.0,1.0,0.0,False,lineage_pub,LSEC,929
SIX3-AS1,,1.0,1.0,0.0,False,lineage_pub,LSEC,929
SLC16A1-AS1,0.007171885461196409,0.827192265785612,1.0,15.7490225,False,lineage_pub,LSEC,929
SLC22A18AS,-0.037905876128595056,0.24841347164153907,1.0,15.109289,False,lineage_pub,LSEC,929
SLC25A21-AS1,0.07553208522240351,0.02131429843051767,0.558619010459838,16.00231,False,lineage_pub,LSEC,929
SLC25A30-AS1,0.033585127295523036,0.3065120573208196,1.0,14.254013,False,lineage_pub,LSEC,929
SLC26A4-AS1,,1.0,1.0,0.0,False,lineage_pub,LSEC,929
SLC8A1-AS1,-0.01373413822399543,0.6758990095197901,1.0,13.139575,False,lineage_pub,LSEC,929
SLC9A9-AS2,,1.0,1.0,0.0,False,lineage_pub,LSEC,929
SMAD5-AS1,-0.025705169222388708,0.43388836248359425,1.0,13.309622,False,lineage_pub,LSEC,929
SMARCA5-AS1,-0.0031825447608671733,0.9228280276843996,1.0,13.244752,False,lineage_pub,LSEC,929
SMCR2,,1.0,1.0,0.0,False,lineage_pub,LSEC,929
SMCR5,-0.06902898301273097,0.035409342496123965,0.7131492200055842,16.989328,False,lineage_pub,LSEC,929
SMIM2-AS1,0.008184439685814017,0.8032633561111211,1.0,13.815258,False,lineage_pub,LSEC,929
SNAI3-AS1,-0.05646291081500477,0.08542942442151705,0.9804014227036117,15.169952,False,lineage_pub,LSEC,929
SNAP25-AS1,,1.0,1.0,0.0,False,lineage_pub,LSEC,929
SNHG10,0.031996191735790575,0.3299749290220131,1.0,14.751611,False,lineage_pub,LSEC,929
SNHG12,-0.022234433845681807,0.4984911649038757,1.0,2.6657457,False,lineage_pub,LSEC,929
SNHG15,0.014688814744225653,0.6547818553665236,1.0,1.8477421,False,lineage_pub,LSEC,929
SNHG18,-0.01934007970065436,0.5560374467762876,1.0,14.041594,False,lineage_pub,LSEC,929
SNHG7,-0.02824355301054454,0.38986515899977625,1.0,0.88570595,False,lineage_pub,LSEC,929
SNHG8,-0.046433812645635585,0.15732174832618784,1.0,0.7662575,False,lineage_pub,LSEC,929
SNHG9,0.007372408559595662,0.8224399649808737,1.0,0.679222,False,lineage_pub,LSEC,929
SNRK-AS1,-0.052360211065358854,0.11074387630321346,0.9852779922646724,14.606339,False,lineage_pub,LSEC,929
SPATA13,0.06607475481091338,0.044071023072904836,0.8451842869314861,1.500344,False,lineage_pub,LSEC,929
SPATA13-AS1,,1.0,1.0,0.0,False,lineage_pub,LSEC,929
SPATA41,0.054298783645860396,0.098129156360791,0.9804014227036117,15.1874485,False,lineage_pub,LSEC,929
SPATA8,,1.0,1.0,0.0,False,lineage_pub,LSEC,929
SPIN4-AS1,,1.0,1.0,0.0,False,lineage_pub,LSEC,929
SRGAP2-AS1,0.037088887020875136,0.25876398932273686,1.0,14.075899,False,lineage_pub,LSEC,929
SRRM2-AS1,0.016145899580192385,0.6230810321129995,1.0,14.055235,False,lineage_pub,LSEC,929
SSBP3-AS1,,1.0,1.0,0.0,False,lineage_pub,LSEC,929
ST20,-0.04491495198753884,0.17136451204003372,1.0,14.6055355,False,lineage_pub,LSEC,929
ST3GAL6-AS1,0.03353912555683098,0.30717542788431634,1.0,13.241274,False,lineage_pub,LSEC,929
ST7-AS1,-0.049760397701253234,0.12962835873819883,1.0,15.344951,False,lineage_pub,LSEC,929
ST7-AS2,0.027908469441450597,0.3955161115272913,1.0,13.279919,False,lineage_pub,LSEC,929
ST7-OT4,0.05546183738909791,0.09112869212138287,0.9804014227036117,16.043116,False,lineage_pub,LSEC,929
ST8SIA6-AS1,-0.01745711770156941,0.5951358327153122,1.0,13.088866,False,lineage_pub,LSEC,929
STARD4-AS1,-0.003925612146729523,0.9048871088435307,1.0,3.4586704,False,lineage_pub,LSEC,929
STAU2-AS1,0.027541252738273615,0.4017653866904751,1.0,13.70923,False,lineage_pub,LSEC,929
STEAP3-AS1,,1.0,1.0,0.0,False,lineage_pub,LSEC,929
STK24-AS1,0.027105014507263925,0.40926563911929514,1.0,15.451996,False,lineage_pub,LSEC,929
STX18-AS1,0.07148288615722102,0.02936014751505704,0.6436365363609386,15.395159,False,lineage_pub,LSEC,929
STXBP5-AS1,0.07937363990935858,0.01552774531325384,0.558619010459838,16.168232,False,lineage_pub,LSEC,929
SUCLA2-AS1,,1.0,1.0,0.0,False,lineage_pub,LSEC,929
SYP-AS1,,1.0,1.0,0.0,False,lineage_pub,LSEC,929
SZT2-AS1,,1.0,1.0,0.0,False,lineage_pub,LSEC,929
TAB3-AS2,,1.0,1.0,0.0,False,lineage_pub,LSEC,929
TAPT1-AS1,-0.0017362344543402966,0.9578527367512768,1.0,1.2411342,False,lineage_pub,LSEC,929
TBC1D3P1-DHX40P1,-0.03537520907271589,0.28143372567331654,1.0,13.895652,False,lineage_pub,LSEC,929
TCEAL3-AS1,,1.0,1.0,0.0,False,lineage_pub,LSEC,929
TERC,0.0015178493863950585,0.9631500202399295,1.0,15.174696,False,lineage_pub,LSEC,929
TET2-AS1,,1.0,1.0,0.0,False,lineage_pub,LSEC,929
TEX26-AS1,,1.0,1.0,0.0,False,lineage_pub,LSEC,929
TEX41,,1.0,1.0,0.0,False,lineage_pub,LSEC,929
TFAP2A-AS1,,1.0,1.0,0.0,False,lineage_pub,LSEC,929
THAP7-AS1,0.010550904263377384,0.7480874256701973,1.0,15.330791,False,lineage_pub,LSEC,929
THAP9-AS1,0.029424730560480748,0.370339506602599,1.0,1.9784088,False,lineage_pub,LSEC,929
THOC7-AS1,-0.046328339743668345,0.15826786565807396,1.0,13.766573,False,lineage_pub,LSEC,929
TIPARP-AS1,-0.07683641806035654,0.019168079093098162,0.558619010459838,15.670794,False,lineage_pub,LSEC,929
TLR8-AS1,,1.0,1.0,0.0,False,lineage_pub,LSEC,929
TM4SF1-AS1,0.014733542477138456,0.653799056097317,1.0,15.021308,False,lineage_pub,LSEC,929
TM4SF19-AS1,-0.05802247388916137,0.07712707369339167,0.9804014227036117,14.772954,False,lineage_pub,LSEC,929
TMEM105,0.043453976542609477,0.18573649226074426,1.0,14.020785,False,lineage_pub,LSEC,929
TMEM254-AS1,-0.02302569143453403,0.48332821029832124,1.0,14.143901,False,lineage_pub,LSEC,929
TMEM44-AS1,-0.021558457499404944,0.5116422980419284,1.0,14.508762,False,lineage_pub,LSEC,929
TMEM72-AS1,,1.0,1.0,0.0,False,lineage_pub,LSEC,929
TMEM78,,1.0,1.0,0.0,False,lineage_pub,LSEC,929
TMEM9B-AS1,0.001041012592282867,0.9747217948359245,1.0,15.307193,False,lineage_pub,LSEC,929
TMLHE-AS1,-0.01681932033329714,0.6086576554425286,1.0,14.482397,False,lineage_pub,LSEC,929
TMPO-AS1,-0.022325575981258457,0.4967318241888401,1.0,14.721819,False,lineage_pub,LSEC,929
TNK2-AS1,,1.0,1.0,0.0,False,lineage_pub,LSEC,929
TP53TG1,-0.08182630353091506,0.012600977785245047,0.558619010459838,1.6350591,False,lineage_pub,LSEC,929
TP73-AS1,-0.0012542826512784613,0.9695454001803387,1.0,1.880959,False,lineage_pub,LSEC,929
TPRG1-AS1,0.010282067688955482,0.7542968995984817,1.0,13.415646,False,lineage_pub,LSEC,929
TPRXL,,1.0,1.0,0.0,False,lineage_pub,LSEC,929
TPT1-AS1,-0.0024891294279725724,0.9396057472255283,1.0,2.1569455,False,lineage_pub,LSEC,929
TPTEP1,0.004345993753359318,0.8947580786444747,1.0,2.1013367,False,lineage_pub,LSEC,929
TRAF3IP2-AS1,0.07582229730378641,0.020819488740971646,0.558619010459838,16.351002,False,lineage_pub,LSEC,929
TRAM2-AS1,-0.01296665142792866,0.6930631549549292,1.0,16.412697,False,lineage_pub,LSEC,929
TRAPPC12-AS1,,1.0,1.0,0.0,False,lineage_pub,LSEC,929
TRBV11-2,,1.0,1.0,0.0,False,lineage_pub,LSEC,929
TRERNA1,,1.0,1.0,0.0,False,lineage_pub,LSEC,929
TRIM16L,0.028969189755356884,0.37779694530273783,1.0,14.684933,False,lineage_pub,LSEC,929
TRIM52-AS1,-0.006742632177649865,0.8373864123678381,1.0,1.9974203,False,lineage_pub,LSEC,929
TSIX,-0.0021166157129901978,0.94863054639327,1.0,2.9359925,False,lineage_pub,LSEC,929
TSPEAR-AS1,,1.0,1.0,0.0,False,lineage_pub,LSEC,929
TTC3-AS1,,1.0,1.0,0.0,False,lineage_pub,LSEC,929
TTLL10-AS1,,1.0,1.0,0.0,False,lineage_pub,LSEC,929
TTN-AS1,0.039603753309170736,0.22783654720071136,1.0,1.5896733,False,lineage_pub,LSEC,929
TTTY10,,1.0,1.0,0.0,False,lineage_pub,LSEC,929
TTTY14,0.0646844490440524,0.04872848672702568,0.8760975842796491,15.320778,False,lineage_pub,LSEC,929
UBAC2-AS1,-0.014255791615665118,0.6643273199832443,1.0,14.06594,False,lineage_pub,LSEC,929
UBBP4,-0.009094049959737708,0.7819224370101198,1.0,1.4056721,False,lineage_pub,LSEC,929
UBOX5-AS1,,1.0,1.0,0.0,False,lineage_pub,LSEC,929
UBXN7-AS1,0.0061934687888731315,0.8504678714773625,1.0,13.957405,False,lineage_pub,LSEC,929
UGDH-AS1,-0.016555979888594155,0.6142802447134519,1.0,15.52702,False,lineage_pub,LSEC,929
UNC5B-AS1,,1.0,1.0,0.0,False,lineage_pub,LSEC,929
UPK1A-AS1,,1.0,1.0,0.0,False,lineage_pub,LSEC,929
USP2-AS1,,1.0,1.0,0.0,False,lineage_pub,LSEC,929
USP3-AS1,0.02235581297832412,0.49614888228824994,1.0,13.871101,False,lineage_pub,LSEC,929
USP30-AS1,-0.018230953787576974,0.5789162982856386,1.0,15.017057,False,lineage_pub,LSEC,929
UXT-AS1,,1.0,1.0,0.0,False,lineage_pub,LSEC,929
VAC14-AS1,-0.03819053713040608,0.24487593761643386,1.0,13.929936,False,lineage_pub,LSEC,929
VAV3-AS1,,1.0,1.0,0.0,False,lineage_pub,LSEC,929
VCAN-AS1,,1.0,1.0,0.0,False,lineage_pub,LSEC,929
VIM-AS1,-0.026984097084814956,0.41135920372497553,1.0,14.096699,False,lineage_pub,LSEC,929
VIPR1-AS1,,1.0,1.0,0.0,False,lineage_pub,LSEC,929
VPS13A-AS1,,1.0,1.0,0.0,False,lineage_pub,LSEC,929
VPS9D1-AS1,,1.0,1.0,0.0,False,lineage_pub,LSEC,929
WAC-AS1,-0.001974038278163319,0.9520865404414883,1.0,1.7009096,False,lineage_pub,LSEC,929
WARS2-IT1,-0.00477381714130076,0.8844673097537885,1.0,13.743206,False,lineage_pub,LSEC,929
WASF3-AS1,0.013926203682870921,0.671629397232247,1.0,14.422581,False,lineage_pub,LSEC,929
WASIR1,,1.0,1.0,0.0,False,lineage_pub,LSEC,929
WASIR2,-0.03918038927645789,0.23285018074016922,1.0,14.097725,False,lineage_pub,LSEC,929
WDFY3-AS1,,1.0,1.0,0.0,False,lineage_pub,LSEC,929
WEE2-AS1,-0.03220685611956727,0.3267990926186918,1.0,14.2289715,False,lineage_pub,LSEC,929
WNT5A-AS1,,1.0,1.0,0.0,False,lineage_pub,LSEC,929
WT1-AS,-0.017506983761489743,0.5940844258068025,1.0,14.151886,False,lineage_pub,LSEC,929
WWC2-AS2,0.031546585946797365,0.3368193786132488,1.0,14.099329,False,lineage_pub,LSEC,929
WWC3-AS1,0.05489049171140149,0.09451584910455059,0.9804014227036117,14.164299,False,lineage_pub,LSEC,929
WWTR1-AS1,-0.0014637558087399285,0.9644624076302607,1.0,13.813467,False,lineage_pub,LSEC,929
XIAP-AS1,0.009425228714875859,0.7741920573970256,1.0,13.467644,False,lineage_pub,LSEC,929
XIST,0.23026496325323387,1.2067617464600624e-12,1.0414353871950339e-09,0.80784315,False,lineage_pub,LSEC,929
XXYLT1-AS2,0.0875029179589042,0.007617387033208273,0.5205773538878822,15.023877,False,lineage_pub,LSEC,929
YEATS2-AS1,,1.0,1.0,0.0,False,lineage_pub,LSEC,929
ZBED3-AS1,0.0814904757219463,0.012970501935073086,0.558619010459838,14.814257,False,lineage_pub,LSEC,929
ZBED5-AS1,0.018026495638964475,0.5831815309457901,1.0,16.127926,False,lineage_pub,LSEC,929
ZBTB11-AS1,0.01034319566870936,0.7528835812663546,1.0,2.7088027,False,lineage_pub,LSEC,929
ZBTB20-AS1,,1.0,1.0,0.0,False,lineage_pub,LSEC,929
ZBTB20-AS2,0.015161991133146278,0.6444153463279148,1.0,15.846407,False,lineage_pub,LSEC,929
ZBTB20-AS3,0.04675892687120231,0.15443231789464978,1.0,13.483024,False,lineage_pub,LSEC,929
ZBTB20-AS4,0.05783883250574656,0.07806922066993312,0.9804014227036117,13.879145,False,lineage_pub,LSEC,929
ZEB2-AS1,0.007303712263735012,0.8240673112021173,1.0,14.363534,False,lineage_pub,LSEC,929
ZFAS1,-0.08139322591446754,0.013079281491663852,0.558619010459838,0.9891803,False,lineage_pub,LSEC,929
ZFAT-AS1,,1.0,1.0,0.0,False,lineage_pub,LSEC,929
ZFX-AS1,,1.0,1.0,0.0,False,lineage_pub,LSEC,929
ZFY-AS1,-0.03929218723993702,0.2315186982684339,1.0,14.150346,False,lineage_pub,LSEC,929
ZMIZ1-AS1,-0.02120561111462953,0.5185780613365942,1.0,14.153879,False,lineage_pub,LSEC,929
ZMYM4-AS1,0.03549761464044155,0.2797711699095793,1.0,14.315085,False,lineage_pub,LSEC,929
ZMYND10-AS1,,1.0,1.0,0.0,False,lineage_pub,LSEC,929
ZNF197-AS1,,1.0,1.0,0.0,False,lineage_pub,LSEC,929
ZNF252P-AS1,-0.0014007083386756126,0.9659921502897914,1.0,13.77779,False,lineage_pub,LSEC,929
ZNF286B,-0.03183231482442168,0.33245917864983265,1.0,14.625267,False,lineage_pub,LSEC,929
ZNF295-AS1,,1.0,1.0,0.0,False,lineage_pub,LSEC,929
ZNF32-AS1,,1.0,1.0,0.0,False,lineage_pub,LSEC,929
ZNF32-AS2,-0.05447047763791892,0.09706952768179035,0.9804014227036117,12.90881,False,lineage_pub,LSEC,929
ZNF337-AS1,0.05312056781086405,0.10565160175137416,0.9804014227036117,13.991911,False,lineage_pub,LSEC,929
ZNF503-AS1,0.008177541481563917,0.8034257819219555,1.0,13.571711,False,lineage_pub,LSEC,929
ZNF571-AS1,0.014889094710689851,0.6503857916099035,1.0,14.66311,False,lineage_pub,LSEC,929
ZNF630-AS1,0.05189996071568005,0.11391906669060686,0.9930520662019569,13.901695,False,lineage_pub,LSEC,929
ZNF667-AS1,-0.04535573144009346,0.16719605423772027,1.0,1.7565773,False,lineage_pub,LSEC,929
ZNF674-AS1,0.03313175186276919,0.31309137723143793,1.0,15.78252,False,lineage_pub,LSEC,929
ZNF781,0.01845522841168111,0.5742545649740567,1.0,15.92287,False,lineage_pub,LSEC,929
ZNRF3-AS1,-0.043629623404919674,0.18396299001460711,1.0,15.051432,False,lineage_pub,LSEC,929
ZRANB2-AS1,,1.0,1.0,0.0,False,lineage_pub,LSEC,929
ZSCAN16-AS1,-0.03726536102053328,0.25650333768540146,1.0,1.1785672,False,lineage_pub,LSEC,929
