gene,lineage,rho_main,rho_roots_median,rho_roots_min,rho_roots_max,sign_consistent_frac
A1BG-AS1,LSEC,-0.033783936692282295,-0.017993618455672097,-0.056551372289255164,0.026562008196468336,0.65
A2M-AS1,LSEC,0.004344960089169144,0.03431592108027145,-0.018455515309046044,0.06814212480700095,0.8
A2ML1-AS2,LSEC,,,,,0.0
ABCC5-AS1,LSEC,,,,,0.0
ACTA2-AS1,LSEC,,,,,0.0
ACVR2B-AS1,LSEC,,,,,0.0
ADAM20P1,LSEC,0.10946864713982335,0.07265251765509631,-0.07753920163584509,0.1061476160613615,0.8
ADAMTS9-AS2,LSEC,0.021779346347695388,0.02004343787691958,-0.05697775289489406,0.0871075082730479,0.7
ADAMTSL4-AS1,LSEC,0.03341490312084298,0.010067367955248742,-0.06161419038246943,0.05028187865987474,0.55
ADIPOQ-AS1,LSEC,,,,,0.0
ADORA2A-AS1,LSEC,-0.011788068801995318,-0.01738146820832329,-0.05564995275030363,0.054056841203220754,0.65
ADPGK-AS1,LSEC,0.028538243858567104,0.04028308912719601,-0.0669364452839116,0.05688296512222603,0.9
AFAP1-AS1,LSEC,,,,,0.0
AGAP2-AS1,LSEC,-0.03202021823577982,-0.04964578582479604,-0.07024591334830635,-0.025194795021327387,1.0
AGBL5-AS1,LSEC,0.032192664311848716,0.010404473256681146,-0.0558169388829012,0.026317197061017015,0.6
AIRN,LSEC,-0.0023927583117740255,0.0028949177104957936,-0.042584929476526936,0.021769226781893684,0.55
ALG13-AS1,LSEC,-0.010159662121229823,0.010526878824406807,-0.023379463435601162,0.029377336254158528,0.75
ALKBH3-AS1,LSEC,0.02888501845059914,0.008296209238460903,-0.017051242278529773,0.048176685606789615,0.85
AP4B1-AS1,LSEC,0.004163369432333575,0.019576945280768504,-0.003009226340450997,0.05064126632218209,0.9
APOA1-AS,LSEC,,,,,0.0
APOBEC3B-AS1,LSEC,,,,,0.0
AQP4-AS1,LSEC,-0.048839821522538546,-0.046024493464848354,-0.05496009990882158,-0.001836083515884908,1.0
ARAP1-AS1,LSEC,,,,,0.0
ARAP1-AS2,LSEC,,,,,0.0
ARHGAP26-AS1,LSEC,-0.0022594415488366494,0.008727253785115768,-0.004681643430385107,0.0408220812484673,0.75
ARHGAP31-AS1,LSEC,,,,,0.0
ARHGAP5-AS1,LSEC,-0.020061132918427222,-0.009068664448448675,-0.0329826190609641,0.02117160737951883,0.55
ARIH2OS,LSEC,0.0036063203522533984,-0.022825886172605607,-0.06100530693525248,0.016822324251275413,0.85
ARMCX3-AS1,LSEC,,,,,0.0
ARSD-AS1,LSEC,-0.033049503285928344,-0.019829701998579648,-0.056796183424706485,0.024725924680583426,0.7
ASB16-AS1,LSEC,0.045059034709140654,0.03819429071077576,-0.018470749131365257,0.0708772972959118,0.8
ASMTL-AS1,LSEC,-0.02974625070027467,-0.039508900073249684,-0.061310872974540395,0.0078096798316716395,0.9
ATP11A-AS1,LSEC,-0.04920434082667539,-0.04283475867237288,-0.07272166239163814,-0.005342338773871049,1.0
ATP1B3-AS1,LSEC,,,,,0.0
ATP6V0E2-AS1,LSEC,0.06183246924448767,0.03934602420096803,-0.08800811809626896,0.058733306537423514,0.8
BACH1-IT2,LSEC,0.03610788046529192,0.032082913722701445,-0.0066458062492646625,0.04625136324229271,0.9
BCAR4,LSEC,,,,,0.0
BCDIN3D-AS1,LSEC,0.021704476602997548,0.03451045853023718,0.020949316455318116,0.06404954474832208,1.0
BDNF-AS,LSEC,0.04071071874622471,0.018506337574768602,-0.04089000209708083,0.06315831733597209,0.75
BFSP2-AS1,LSEC,,,,,0.0
BHLHE40-AS1,LSEC,-0.054160088781883386,-0.02210640871210698,-0.0542540774219727,0.01415730778642547,0.8
BLACE,LSEC,,,,,0.0
BOK-AS1,LSEC,,,,,0.0
BRWD1-AS1,LSEC,,,,,0.0
BSN-AS1,LSEC,,,,,0.0
BTBD9-AS1,LSEC,,,,,0.0
C10orf55,LSEC,,,,,0.0
C14orf178,LSEC,-0.017259185049318133,-0.022706232813110027,-0.0511655273093261,0.0019584890836105684,0.9
C1QTNF1-AS1,LSEC,-0.01170044746908778,-0.019055942342894882,-0.07974630763883697,0.061230243464089985,0.75
C1RL-AS1,LSEC,0.03967973097761328,0.017794445517580075,-0.018453710594124564,0.04820273303799283,0.8
C1orf220,LSEC,0.05434807207019326,0.05434807207019327,0.05349123309611365,0.054348072273550097,1.0
C21orf91-OT1,LSEC,,,,,0.0
C2orf27A,LSEC,0.02236655028854766,0.03029175694278056,-0.021787706914933615,0.04568771350219165,0.9
C5orf60,LSEC,,,,,0.0
C5orf64,LSEC,0.016891968346141147,0.019401282484517196,-0.05606175001835252,0.033294314421379666,0.9
C6orf47-AS1,LSEC,-0.0250931413837604,0.0003672167031769816,-0.05349123309611365,0.029132525118707207,0.5
C8orf44,LSEC,0.0015230570206504355,0.004020372228887514,-0.03244323057173899,0.01714591038239962,0.65
C9orf163,LSEC,0.04382119324578646,0.04400480159737496,-0.0007344334063539632,0.04639171016802534,0.95
CACNA1C-AS1,LSEC,0.040271431781742306,0.02778606387372494,-0.055082505476547236,0.03745610372405212,0.75
CACNA1C-AS2,LSEC,-0.01603512937206153,-0.014933479262530584,-0.05312401639293667,0.02815328057690192,0.85
CACTIN-AS1,LSEC,,,,,0.0
CAHM,LSEC,0.031085877912692222,0.03226716091452854,0.008665721289637444,0.09409458965502857,1.0
CASC11,LSEC,,,,,0.0
CASC15,LSEC,0.02272969440508503,0.028045924046276927,-0.034921290706795845,0.0621159185499943,0.8
CASC18,LSEC,0.006364618829456683,-0.011796675019480996,-0.04538720095841153,0.008422148075513393,0.95
CASC19,LSEC,,,,,0.0
CASC2,LSEC,0.033783936692282295,0.015729115452747376,-0.051899960715680066,0.03035658079596381,0.65
CASC20,LSEC,,,,,0.0
CASC8,LSEC,,,,,0.0
CASK-AS1,LSEC,,,,,0.0
CCDC140,LSEC,,,,,0.0
CCDC144NL,LSEC,-0.04483283323552473,0.013939795426234422,-0.13019316425846164,0.12042290998862847,0.55
CCDC148-AS1,LSEC,,,,,0.0
CCDC183-AS1,LSEC,-0.03794572599495476,-0.026562008196468336,-0.056184155586078185,0.013097395746645677,0.9
CCDC26,LSEC,,,,,0.0
CCND2-AS1,LSEC,0.06596218776978374,0.059733592857628914,-0.0001939866347456161,0.0958703798244602,0.95
CCNT2-AS1,LSEC,0.03328127288228375,0.008477005051458113,-0.0347562994812892,0.028055281590521154,0.65
CD27-AS1,LSEC,0.017244348156315457,0.00359434189532097,-0.029189179769552227,0.029611493998615894,0.75
CDKN2B-AS1,LSEC,-0.032192664311848716,0.011995745637114731,-0.043086759839432505,0.03084620318228519,0.65
CELF2-AS1,LSEC,,,,,0.0
CERS6-AS1,LSEC,,,,,0.0
CFLAR-AS1,LSEC,0.050736665135387354,0.022209514335006217,-0.03247972861671181,0.04745330635029269,0.75
CIRBP-AS1,LSEC,-0.008568389740796236,-0.004957425492889252,-0.05275679968975969,0.016524751642964172,0.7
CKMT2-AS1,LSEC,0.020364678195536376,0.01250236427202636,-0.012851947970623862,0.03343763206280416,0.7
CLLU1,LSEC,,,,,0.0
CLRN1-AS1,LSEC,,,,,0.0
CLYBL-AS1,LSEC,,,,,0.0
COL4A2-AS1,LSEC,0.016279940507512847,0.025766372006251544,-0.024848330248309087,0.03341672011414229,0.75
COL4A2-AS2,LSEC,,,,,0.0
COLCA1,LSEC,-0.05434807207019326,-0.02552156087080022,-0.056551372289255164,0.011016501095309448,0.75
CPB2-AS1,LSEC,0.023379463435601155,0.020135715890871157,-0.029377336254158528,0.04027143178174231,0.9
CRNDE,LSEC,0.007212377612552804,-0.011197773468899205,-0.030475298830942944,0.06481098639452125,0.6
CSNK1G2-AS1,LSEC,,,,,0.0
CTC-338M12.4,LSEC,0.03563606856273035,0.0367838023642928,0.007425500967310104,0.06353939603512371,1.0
CYP1B1-AS1,LSEC,0.02142097435199059,0.017503996184769458,-0.05006387719979516,0.03427355896318495,0.65
CYP4A22-AS1,LSEC,-0.04247473200080419,-0.033477922772968155,-0.056184155586078185,-0.015545507101158887,1.0
CYP4F35P,LSEC,-0.0029375540777536293,-0.01904045253807244,-0.047886944225597784,0.001407746540548171,0.95
DAB1-AS1,LSEC,,,,,0.0
DACT3-AS1,LSEC,0.008074068417812425,0.030121941047823068,0.00882932856422197,0.05560623823016406,1.0
DBH-AS1,LSEC,0.005630656115380384,0.024725924680583426,-0.012485367908017374,0.04357638211033515,0.75
DCTN1-AS1,LSEC,,,,,0.0
DDX11-AS1,LSEC,,,,,0.0
DDX39B-AS1,LSEC,-0.023379463435601155,-0.024236302409680784,-0.055082505476547236,0.015545507101158887,0.8
DENND5B-AS1,LSEC,0.00029438552732181445,-0.0002486150099326407,-0.04430269138752427,0.01957095120934315,0.55
DGCR5,LSEC,,,,,0.0
DGUOK-AS1,LSEC,,,,,0.0
DHRS4-AS1,LSEC,,,,,0.0
DIAPH2-AS1,LSEC,,,,,0.0
DICER1-AS1,LSEC,0.09161405878547539,0.07437261634239814,0.001832294813506228,0.11205296790582318,1.0
DIO2-AS1,LSEC,,,,,0.0
DIO3OS,LSEC,0.047194710688207235,0.06242024984900972,0.02906047168772576,0.07614762411415507,1.0
DIRC3,LSEC,0.024041546877265747,0.0489125562061178,0.017986228611347316,0.06556631276947968,1.0
DLEU1,LSEC,0.01907286690257815,0.0426382972803897,0.019610519332302886,0.05440015727850949,1.0
DLEU2L,LSEC,0.02570412401474186,0.002312331620638226,-0.0407432391018998,0.03487209997430272,0.6
DLG1-AS1,LSEC,,,,,0.0
DLG3-AS1,LSEC,,,,,0.0
DLG5-AS1,LSEC,0.05569453331517553,0.05569453331517554,0.05569453331517554,0.05569453352357048,1.0
DLGAP1-AS1,LSEC,0.01129020587617009,0.03251346001490785,0.016455579314296358,0.048331220230152704,1.0
DLGAP1-AS2,LSEC,-0.06952746014813532,-0.056586167408195956,-0.10684287057018642,0.007328393778755294,0.9
DLGAP1-AS3,LSEC,,,,,0.0
DLGAP1-AS5,LSEC,,,,,0.0
DNAH10OS,LSEC,,,,,0.0
DNAH17-AS1,LSEC,,,,,0.0
DNAJC27-AS1,LSEC,0.013364087762290776,-0.012767667556119303,-0.046320120300102546,0.030609655283490363,0.55
DNAJC9-AS1,LSEC,,,,,0.0
DNM1P35,LSEC,0.042597137568529855,0.03849655104972024,-0.02313465230014984,0.04382119324578647,0.8
DNM3OS,LSEC,0.02047322586569308,0.015422668414295147,-0.05054557887839437,0.06833728796790133,0.6
DNMBP-AS1,LSEC,,,,,0.0
DOCK9-AS1,LSEC,,,,,0.0
DPP10-AS1,LSEC,-0.027928797407995837,-0.04673062525326027,-0.06415873909529336,-0.003479881913459883,1.0
DPYD-AS1,LSEC,,,,,0.0
DPYD-AS2,LSEC,,,,,0.0
DSCAM-AS1,LSEC,,,,,0.0
DSCR9,LSEC,,,,,0.0
EAF1-AS1,LSEC,-0.014480147793623444,-0.021873062744914178,-0.06746321898396125,0.02005720897135925,0.9
EDNRB-AS1,LSEC,,,,,0.0
EDRF1-AS1,LSEC,,,,,0.0
EFCAB14-AS1,LSEC,,,,,0.0
EGOT,LSEC,0.02930686654256608,0.0074134893282272254,-0.08222989467819922,0.04856855666511551,0.65
ELFN2,LSEC,,,,,0.0
ELMO1-AS1,LSEC,,,,,0.0
ENO1-AS1,LSEC,-0.023751994677162963,-0.011797307011657498,-0.0467872826575571,0.011785066269350443,0.8
ENTPD1-AS1,LSEC,-0.01845707697567804,-0.012870429417537806,-0.0184445813707924,0.008997816881558728,0.8
ENTPD3-AS1,LSEC,0.05528223088950371,0.015602505392511826,-0.06702119783535732,0.0786273849249038,0.6
EPB41L4A-AS1,LSEC,0.055677447333359914,0.04982080225795334,0.016679062459840608,0.06412639321684141,1.0
EPHA1-AS1,LSEC,0.0035561911929741646,0.0027983191860039133,-0.03027719811725697,0.02675307863067136,0.6
EPN2-AS1,LSEC,,,,,0.0
EXTL3-AS1,LSEC,,,,,0.0
EZR-AS1,LSEC,,,,,0.0
FAM106A,LSEC,-0.02608557612727609,-0.011780196514662564,-0.05869861410427288,0.03173700688047579,0.6
FAM138B,LSEC,,,,,0.0
FAM13A-AS1,LSEC,0.029375359459581796,0.02307982423712432,-0.0078078848618545775,0.05800087704965438,0.85
FAM182B,LSEC,-0.02740578572629675,-0.018280465834527047,-0.045845939709916884,0.03068203225624372,0.75
FAM201A,LSEC,0.05544972217972421,0.05544972217972422,0.05544972217972422,0.05544972238720314,1.0
FAM215A,LSEC,,,,,0.0
FAM218A,LSEC,,,,,0.0
FAM222A-AS1,LSEC,,,,,0.0
FAM224B,LSEC,,,,,0.0
FAM225A,LSEC,,,,,0.0
FAM225B,LSEC,,,,,0.0
FAM230A,LSEC,-0.04223211148477817,-0.04784724982960918,-0.0770769919695106,-0.009705214066031904,1.0
FAM230C,LSEC,-0.009010487264127802,0.006043731849728295,-0.025175390584867587,0.027792704321608897,0.65
FAM27E3,LSEC,0.04720006012767484,0.02742666247740109,-0.03056707372265083,0.059285274225735284,0.75
FAM41C,LSEC,0.03891460471369088,0.04301253554593451,0.026602151949278192,0.05654370852408594,1.0
FAM53B-AS1,LSEC,0.00031990749246502836,0.02316838708392792,-0.011329361718550267,0.05268051545911289,0.95
FAM66B,LSEC,0.016524751642964172,0.024542316328994937,-0.05312401639293667,0.04088345962037062,0.8
FAM66C,LSEC,0.05584299454908091,0.08782002306088918,0.007937744126596947,0.10528980390612633,1.0
FAM66D,LSEC,,,,,0.0
FAM66E,LSEC,0.000734433406353963,0.020074513107008328,-0.03292709771820268,0.03610964247906986,0.85
FAM74A4,LSEC,0.017816356042731126,-0.00817570866513363,-0.03548657550558231,0.018536893631725657,0.65
FAM74A6,LSEC,0.0008028018243494193,-0.0006969982861891093,-0.04083326752562962,0.01722183300525521,0.5
FAM83A-AS1,LSEC,-0.03415115339545928,-0.01872805186202606,-0.056796183424706485,0.012240556772566052,0.85
FAM83C-AS1,LSEC,,,,,0.0
FAM85B,LSEC,0.02785443492794054,0.002833122040693913,-0.056889166446411586,0.05603276991807802,0.55
FAM87A,LSEC,,,,,0.0
FAM87B,LSEC,,,,,0.0
FAM99B,LSEC,-0.006328076990726426,0.008819540571704938,-0.0651315394637707,0.036608769955278134,0.65
FARP1-AS1,LSEC,,,,,0.0
FBXL19-AS1,LSEC,0.012285390751572402,-0.008671363878327901,-0.0343315719171943,0.033539916356641185,0.55
FENDRR,LSEC,,,,,0.0
FGD5-AS1,LSEC,0.034599200797859476,0.032351266868955175,-0.0009515211913216223,0.053116010078431725,0.9
FGF13-AS1,LSEC,-0.04063864848491929,0.010282067688955485,-0.040149026214016656,0.040516242917193634,0.55
FGF14-AS2,LSEC,0.000336122303881226,-0.021124227641293878,-0.03362697312992924,0.00483198704285484,0.95
FLG-AS1,LSEC,,,,,0.0
FLNB-AS1,LSEC,,,,,0.0
FOXD2-AS1,LSEC,,,,,0.0
FOXN3-AS1,LSEC,0.0439716694719322,0.049641384675604125,0.02955323966979103,0.08119980884068585,1.0
FOXN3-AS2,LSEC,,,,,0.0
FOXP1-AS1,LSEC,,,,,0.0
FRY-AS1,LSEC,0.026512968378328432,0.011431909165012896,-0.006677648152049038,0.040213920646742306,0.75
FTX,LSEC,0.014982751332616449,0.04507925660155291,-0.09622062246028915,0.17288903821782453,0.8
GAS5-AS1,LSEC,0.001746143719545954,-0.013511267084236675,-0.03464018690453611,0.007393297355655951,0.85
GAS6-AS1,LSEC,,,,,0.0
GATA3-AS1,LSEC,,,,,0.0
GATA6-AS1,LSEC,-0.024144445027023027,-0.020000443833305105,-0.03715466592809178,0.02333088433119372,0.8
GDNF-AS1,LSEC,0.06892070539558445,0.048485173024164135,-0.03189630408876494,0.06612416808610254,0.75
GFOD1-AS1,LSEC,,,,,0.0
GGNBP1,LSEC,,,,,0.0
GHRLOS,LSEC,-0.024052466569018906,-0.032706904445477254,-0.05108727428944735,-0.0103963583743445,1.0
GK-AS1,LSEC,,,,,0.0
GNAS-AS1,LSEC,-0.033906342260007966,-0.017381590617043793,-0.05630656115380384,0.01848324072657474,0.9
GNG12-AS1,LSEC,0.017574047661086008,0.002544903150456021,-0.036744389319711614,0.05484315460242015,0.5
GOLGA8M,LSEC,,,,,0.0
GPR158-AS1,LSEC,,,,,0.0
GRIK1-AS1,LSEC,0.0461489361280554,0.020055990507546764,-0.022570519046581344,0.05303333282260295,0.85
GRM7-AS1,LSEC,,,,,0.0
GRPEL2-AS1,LSEC,,,,,0.0
GS1-24F4.2,LSEC,,,,,0.0
GS1-279B7.1,LSEC,,,,,0.0
GSN-AS1,LSEC,-0.05226717741885704,-0.012424165124154543,-0.05287920525748535,0.020686540945636628,0.6
GTSCR1,LSEC,,,,,0.0
HAND2-AS1,LSEC,-0.030078967099724466,-0.012123500774447998,-0.056874388976401576,0.03395724939190205,0.7
HAR1A,LSEC,,,,,0.0
HAR1B,LSEC,,,,,0.0
HAS2-AS1,LSEC,,,,,0.0
HCFC1-AS1,LSEC,,,,,0.0
HCG11,LSEC,0.020287002890341972,0.011451807735141928,-0.017686492473698148,0.027267301724057086,0.6
HCG14,LSEC,,,,,0.0
HCG15,LSEC,,,,,0.0
HCG17,LSEC,,,,,0.0
HCG18,LSEC,0.03766358682333938,0.04972515463316488,-0.07346209416359292,0.11791225848548528,0.75
HCG20,LSEC,,,,,0.0
HCG21,LSEC,,,,,0.0
HCG22,LSEC,,,,,0.0
HCG24,LSEC,,,,,0.0
HCG25,LSEC,0.0396918943791672,0.024855721416730203,-0.018035634668814245,0.0415100372939502,0.9
HCG27,LSEC,0.01771049622092861,0.0076490650727513675,-0.014257095562987196,0.04426560182855962,0.8
HCG9,LSEC,0.041467715878686064,0.03506124172884703,-0.012622035836107767,0.05048199089199179,0.7
HDAC11-AS1,LSEC,0.013709423585273977,0.03341671998910532,0.0013464612449822658,0.04394359881351213,1.0
HEXA-AS1,LSEC,-0.019168252759278435,-0.005690902910014424,-0.03216831980590184,0.018828156593813247,0.65
HHIP-AS1,LSEC,0.025745302664008058,0.02986915536038079,0.014252371214676401,0.04340015792106994,1.0
HIF1A-AS1,LSEC,-0.012778643716380296,0.005328396688320114,-0.05098127172933683,0.03376931993557501,0.6
HLA-DQB1-AS1,LSEC,,,,,0.0
HM13-AS1,LSEC,-0.04703754971575965,-0.047027202409384516,-0.07065849257172206,-0.006930271577964844,1.0
HMGA1P4,LSEC,0.006218125451081246,-0.029324387805216068,-0.06367189267741542,0.007731457506191796,0.8
HMGN3-AS1,LSEC,-0.009529377707435185,-0.024247644334612156,-0.07045013508150637,0.07288220914366685,0.7
HNF1A-AS1,LSEC,,,,,0.0
HNF4A-AS1,LSEC,0.05189996071568005,0.05202236628340572,0.051899960715680066,0.05275679968975969,1.0
HOTAIRM1,LSEC,0.03506142102537932,-0.0002769372744951871,-0.03854058603833342,0.06479678704926885,0.5
HOTTIP,LSEC,,,,,0.0
HOXA-AS2,LSEC,-0.03863121103388901,0.0016388854726019867,-0.044433136745096045,0.039414510575866875,0.5
HOXA-AS3,LSEC,,,,,0.0
HOXA10-AS,LSEC,,,,,0.0
HOXA11-AS,LSEC,,,,,0.0
HOXB-AS1,LSEC,0.04688892129100342,0.021716978124603735,-0.0073932088844295,0.04941819198778107,0.8
HOXB-AS2,LSEC,-0.0097639420211341,-0.03970438572199847,-0.06695136057064319,-0.002343152189601371,1.0
HOXB-AS3,LSEC,-0.021238720550168184,-0.04352281922861313,-0.07231532728987831,0.012785354204226504,0.85
HOXC-AS2,LSEC,,,,,0.0
HOXD-AS2,LSEC,,,,,0.0
HULC,LSEC,-0.005579920112599056,-0.02584855536844986,-0.060133665362880076,0.022398470723021143,0.75
HYI-AS1,LSEC,-0.029254930686432864,0.004345397654260948,-0.05459288320564459,0.033661531124556644,0.55
IDH1-AS1,LSEC,-0.05485836315174567,-0.04215907637406226,-0.05544642424924787,0.0010918958839661358,0.9
IDI2-AS1,LSEC,-0.000492226864870445,0.004802709281303417,-0.0046637146469073985,0.04027337056242779,0.85
IFNG-AS1,LSEC,,,,,0.0
IGBP1-AS1,LSEC,-0.050920716173874774,-0.01646354885910134,-0.05434807207019327,0.022522624461521538,0.75
IGBP1-AS2,LSEC,,,,,0.0
IGFBP7-AS1,LSEC,0.043331570974883826,0.03476318123408759,-0.04883982152253855,0.0418627041621759,0.8
IL12A-AS1,LSEC,,,,,0.0
IL20RB-AS1,LSEC,,,,,0.0
IL21-AS1,LSEC,,,,,0.0
IL21R-AS1,LSEC,0.007189850341540717,-0.0019126835696536104,-0.017897634171700184,0.03717875784849263,0.55
INHBA-AS1,LSEC,0.024526001157648605,0.01590856815180121,-0.012949604937161498,0.03846530332650378,0.9
INTS6-AS1,LSEC,0.02015742247765262,0.0021009221695620726,-0.05203291844358555,0.08430603580851266,0.55
IPO9-AS1,LSEC,0.06284494114139115,0.05997385379963904,0.01914040631344485,0.0698328153614984,1.0
IQCH-AS1,LSEC,-0.02814628469861815,-0.016404457513946393,-0.0528411989847061,0.039793275696945005,0.7
ISM1-AS1,LSEC,,,,,0.0
ITCH-AS1,LSEC,0.06490148694909159,0.05917217969908868,-0.05425121122032141,0.07656083341171778,0.85
ITGB2-AS1,LSEC,-0.0010722481549897609,0.02053777871440349,-0.02111628248637648,0.05451924944193251,0.85
ITIH4-AS1,LSEC,,,,,0.0
ITPK1-AS1,LSEC,-0.04284194870398118,-0.019829701971557007,-0.0558169388829012,0.019340079700654364,0.7
ITPKB-AS1,LSEC,0.029870793315948985,0.0007151341084526349,-0.0800424853823132,0.02493523213396088,0.5
JARID2-AS1,LSEC,0.0001685303854478258,0.014299215922385651,-0.010554198891960473,0.03982741214690776,0.8
JAZF1-AS1,LSEC,,,,,0.0
JMJD1C-AS1,LSEC,0.011326513877371052,0.016272564498028236,-0.049629827851420186,0.07035936371917008,0.7
JPX,LSEC,0.009773485752346496,0.01942689862127308,-0.06611511170686837,0.09790886571870216,0.6
KANSL1-AS1,LSEC,-0.032862435177429976,-0.036990247514891425,-0.07850855818987003,0.02640739860461413,0.8
KBTBD11-OT1,LSEC,0.04791528696428016,0.018308642214552976,-0.10121153665828954,0.04904273808634812,0.7
KCNIP2-AS1,LSEC,0.026546373142086695,0.02816338061875035,-0.001782040559672664,0.0501061819751019,0.95
KCNJ2-AS1,LSEC,0.003098707662600139,-0.003481809121629724,-0.050360760999650554,0.050970711669448866,0.6
KCNQ1-AS1,LSEC,,,,,0.0
KCNQ1OT1,LSEC,0.06083604009055805,0.04545487485042764,-0.035610309924228596,0.10471129508860343,0.75
KCNQ5-AS1,LSEC,,,,,0.0
KCTD21-AS1,LSEC,0.028381502997946343,-0.016866297253505035,-0.07669039101850769,0.02849358070711051,0.65
KDM4A-AS1,LSEC,0.009490421102111032,0.007508570090715711,-0.01969038629612006,0.06855400478664311,0.6
KIAA0087,LSEC,,,,,0.0
KIF25-AS1,LSEC,,,,,0.0
KIF9-AS1,LSEC,-0.034097468948456604,-0.03021811070333457,-0.06825394405499684,0.008921040719404735,0.95
KLHL6-AS1,LSEC,0.03152852668809654,-0.011805105375549083,-0.06390091023949965,0.02403981585544348,0.7
KMT2E-AS1,LSEC,0.02138309681500123,0.009884011115081356,-0.04547815034070825,0.04912777323898607,0.6
KRTAP5-AS1,LSEC,,,,,0.0
KTN1-AS1,LSEC,0.05636133834085805,0.04603274844962041,-0.002764980505495222,0.06409301620417901,0.9
LAMTOR5-AS1,LSEC,-0.056761603626852494,-0.003956923154061823,-0.04619295313328155,0.05314916303877762,0.55
LATS2-AS1,LSEC,0.026958644818812293,0.0068914687127264364,-0.029931459183733473,0.03522813256460936,0.65
LBX2-AS1,LSEC,-0.021507610323007856,-0.03335583982415632,-0.09759708799154847,-0.005195052245148051,1.0
LDLRAD4-AS1,LSEC,0.05581693888290119,0.0558169388829012,0.0558169388829012,0.055816939091754156,1.0
LEMD1-AS1,LSEC,-0.07204867794386248,-0.05660341689479804,-0.09629539651572479,0.022420225493562276,0.9
LENG8-AS1,LSEC,0.013745987762362747,0.02819394177006186,-0.009436785937009208,0.055862349665856376,0.85
LGALS8-AS1,LSEC,0.025460358086937387,0.0007956361902167934,-0.05557212795538681,0.017014373913866815,0.55
LIFR-AS1,LSEC,0.036572743510073086,0.0425750105736689,-0.03198031447828601,0.07598057592652237,0.8
LIMD1-AS1,LSEC,0.02630460965413169,0.024949386987707534,0.016163397252825038,0.031284334747679936,1.0
LINC-PINT,LSEC,-0.0784153026703297,-0.05166932244619515,-0.2278693268891687,0.08181319278647282,0.7
LINC-ROR,LSEC,,,,,0.0
LINC00092,LSEC,0.04389091418469991,0.05208337145380057,0.017052059734560948,0.08418513666746215,1.0
LINC00102,LSEC,,,,,0.0
LINC00106,LSEC,0.012941608768392041,0.01608650194541865,-0.014977357183106978,0.05320726853183566,0.8
LINC00114,LSEC,,,,,0.0
LINC00115,LSEC,0.003295300132346915,0.03749507336163537,-0.03977304263452404,0.06769732003069533,0.75
LINC00158,LSEC,,,,,0.0
LINC00159,LSEC,,,,,0.0
LINC00161,LSEC,,,,,0.0
LINC00174,LSEC,0.037715307456467506,0.02461307975257506,-0.009002044886959519,0.04276587413169261,0.85
LINC00184,LSEC,,,,,0.0
LINC00200,LSEC,,,,,0.0
LINC00205,LSEC,-0.011072601815238212,0.006840449016626804,-0.029108847365230263,0.03421174029986926,0.6
LINC00221,LSEC,,,,,0.0
LINC00222,LSEC,0.027191602526176063,0.05446505131358979,-0.02493794055387328,0.06451666709574831,0.9
LINC00226,LSEC,,,,,0.0
LINC00237,LSEC,,,,,0.0
LINC00240,LSEC,0.024781489160415768,0.0025545484776200787,-0.05975992446932509,0.03613953971859606,0.55
LINC00242,LSEC,,,,,0.0
LINC00261,LSEC,0.004233019438572859,0.01347864669374629,-0.008665410018464126,0.02832715132868262,0.85
LINC00265,LSEC,0.007638735798245333,-0.02457447976507412,-0.06763801155302643,0.01975347396504173,0.9
LINC00276,LSEC,-0.019829701971557,-0.011934542853251903,-0.042474732000804205,0.01383182915299964,0.8
LINC00278,LSEC,-0.012730179043468693,-0.00263171971068181,-0.05557212774744988,0.024113896841955123,0.6
LINC00298,LSEC,,,,,0.0
LINC00299,LSEC,-0.023012246732424177,0.0036109642479069852,-0.040761054052644956,0.02949974182188419,0.6
LINC00304,LSEC,,,,,0.0
LINC00305,LSEC,0.02692922489964531,0.024909533032171916,-0.028887713983255885,0.03145823090549475,0.8
LINC00309,LSEC,,,,,0.0
LINC00310,LSEC,,,,,0.0
LINC00311,LSEC,0.07507261330664905,0.06632460060956827,0.01269553660100237,0.10608410802231268,1.0
LINC00313,LSEC,0.03932665726272421,0.012430926081707516,-0.00015791391587987767,0.047665891632449296,0.95
LINC00315,LSEC,0.03843534826585741,0.033049503285928344,-0.03978180951083967,0.040516242917193634,0.75
LINC00319,LSEC,,,,,0.0
LINC00322,LSEC,,,,,0.0
LINC00323,LSEC,0.02435870797740644,-0.00703832014422548,-0.05667377785698082,0.017259185049318136,0.55
LINC00324,LSEC,0.009109462432785747,0.011346767192344929,-0.015884316377547194,0.02999238789652351,0.65
LINC00327,LSEC,,,,,0.0
LINC00330,LSEC,,,,,0.0
LINC00332,LSEC,,,,,0.0
LINC00333,LSEC,,,,,0.0
LINC00334,LSEC,,,,,0.0
LINC00336,LSEC,,,,,0.0
LINC00339,LSEC,0.06189196063718599,0.03281962074656084,-0.044428213242102735,0.0767576956080641,0.8
LINC00342,LSEC,0.07547934326395617,0.04174838138868264,-0.05302979132668925,0.11654739168728433,0.7
LINC00355,LSEC,,,,,0.0
LINC00359,LSEC,,,,,0.0
LINC00379,LSEC,,,,,0.0
LINC00381,LSEC,,,,,0.0
LINC00384,LSEC,,,,,0.0
LINC00393,LSEC,,,,,0.0
LINC00398,LSEC,,,,,0.0
LINC00399,LSEC,,,,,0.0
LINC00402,LSEC,,,,,0.0
LINC00407,LSEC,0.028395618824747476,0.01287904055391215,-0.03207720907682087,0.042274432900042305,0.55
LINC00412,LSEC,,,,,0.0
LINC00426,LSEC,,,,,0.0
LINC00427,LSEC,0.007833956334442274,0.026011183141702865,-0.042229920865352884,0.03451837022779533,0.8
LINC00449,LSEC,,,,,0.0
LINC00461,LSEC,,,,,0.0
LINC00462,LSEC,,,,,0.0
LINC00469,LSEC,,,,,0.0
LINC00470,LSEC,,,,,0.0
LINC00472,LSEC,0.02950754766950236,0.02023989051361222,-0.02210682770128193,0.06139318945318042,0.7
LINC00479,LSEC,,,,,0.0
LINC00482,LSEC,-0.0032248167877270183,0.00877945061591421,-0.0023974798590474184,0.03307398172618417,0.95
LINC00484,LSEC,,,,,0.0
LINC00485,LSEC,,,,,0.0
LINC00486,LSEC,,,,,0.0
LINC00487,LSEC,-0.03307558431355824,-0.031690909638815296,-0.06181518116104718,0.0028006709255404038,0.9
LINC00491,LSEC,0.0006120278386283026,0.02135977161140979,-0.042229920865352884,0.0418627041621759,0.7
LINC00494,LSEC,,,,,0.0
LINC00500,LSEC,,,,,0.0
LINC00501,LSEC,0.031947853176397395,0.0345795728824991,0.02044172981018531,0.03965940394311401,1.0
LINC00504,LSEC,0.00836577885007256,0.03540805962505521,-0.008055685232035736,0.08053766445067798,0.95
LINC00507,LSEC,,,,,0.0
LINC00511,LSEC,0.005134149581896286,-0.00034829026540097096,-0.03521520341466763,0.029306567771958426,0.5
LINC00525,LSEC,,,,,0.0
LINC00526,LSEC,-0.051297971029353254,-0.039634495159963756,-0.06763628287102495,-0.0025780943694941306,1.0
LINC00528,LSEC,0.02116396954680199,0.022164359592866126,-0.04116805117563127,0.055965853944980284,0.75
LINC00534,LSEC,,,,,0.0
LINC00543,LSEC,,,,,0.0
LINC00544,LSEC,,,,,0.0
LINC00545,LSEC,,,,,0.0
LINC00551,LSEC,-0.028153280576901914,-0.03953699837538835,-0.05569453331517554,0.0028153280576901922,0.95
LINC00562,LSEC,-0.03453914634315434,-0.012362307862979583,-0.04502587049142826,0.03194503335248512,0.65
LINC00563,LSEC,0.05153274401250307,0.0517775551479544,0.05092071617387478,0.05238958298658271,1.0
LINC00570,LSEC,,,,,0.0
LINC00571,LSEC,-0.014529343270052661,-0.020097570585147925,-0.05092447657913871,0.008401079525142432,0.85
LINC00574,LSEC,,,,,0.0
LINC00578,LSEC,,,,,0.0
LINC00582,LSEC,,,,,0.0
LINC00592,LSEC,,,,,0.0
LINC00595,LSEC,,,,,0.0
LINC00598,LSEC,-0.012730179043468693,-0.00263171971068181,-0.05557212774744988,0.024113896841955123,0.6
LINC00601,LSEC,,,,,0.0
LINC00604,LSEC,,,,,0.0
LINC00607,LSEC,,,,,0.0
LINC00608,LSEC,,,,,0.0
LINC00621,LSEC,,,,,0.0
LINC00623,LSEC,0.05189996071568005,0.05202236628340572,0.051899960715680066,0.05275679968975969,1.0
LINC00629,LSEC,,,,,0.0
LINC00630,LSEC,0.005311957078977097,0.03682827827253159,-0.015313252622729796,0.08533733008291437,0.75
LINC00632,LSEC,0.004774116654926981,-0.024325398660259713,-0.06357403680686985,0.0031321576054505916,0.9
LINC00636,LSEC,,,,,0.0
LINC00638,LSEC,0.012237515461675343,0.014789724094974631,-0.009354171347604053,0.04232014785700281,0.85
LINC00639,LSEC,0.05618415558607817,0.056184155586078185,0.056184155586078185,0.05618415579630517,1.0
LINC00640,LSEC,-0.03402874782773362,-0.031029811471355202,-0.05667377785698082,0.02117616321653927,0.7
LINC00642,LSEC,-0.014263794312918477,-0.009845111450917706,-0.02729671171325887,0.018247257131896066,0.7
LINC00648,LSEC,,,,,0.0
LINC00649,LSEC,0.04360387137213734,0.05412456340149799,0.023022460898774588,0.07471032825797355,1.0
LINC00654,LSEC,-0.0050714555567944975,-0.007759068198083155,-0.026917994674433607,0.010413705836244071,0.7
LINC00656,LSEC,,,,,0.0
LINC00659,LSEC,,,,,0.0
LINC00662,LSEC,0.07634686099048624,0.040412559658615774,-0.02161827424586674,0.0689216866246,0.8
LINC00663,LSEC,-0.032573549042304785,-0.019792513486713754,-0.026504543840694263,0.014003026185690682,0.8
LINC00664,LSEC,0.05398085536701629,0.053980855367016294,0.053980855367016294,0.05434807207019327,1.0
LINC00665,LSEC,0.033688430956597556,0.026238786588424365,-0.039710249256855616,0.05033835080717564,0.7
LINC00667,LSEC,-0.039905186452234995,-0.039196210953422156,-0.06355407966208855,-0.005909510342044235,1.0
LINC00671,LSEC,0.032451303035307764,0.02050011996530387,-0.0036672739236838525,0.03714689263393068,0.95
LINC00677,LSEC,,,,,0.0
LINC00678,LSEC,,,,,0.0
LINC00682,LSEC,,,,,0.0
LINC00683,LSEC,0.006609900657185667,-0.008568389740796236,-0.05153274401250308,0.011261312230760769,0.75
LINC00685,LSEC,-0.007824743238802103,-0.022161871278495955,-0.062064010289071825,0.038824805067681545,0.9
LINC00686,LSEC,,,,,0.0
LINC00687,LSEC,,,,,0.0
LINC00691,LSEC,,,,,0.0
LINC00692,LSEC,,,,,0.0
LINC00702,LSEC,0.0291325251187072,0.01670835999455266,-0.042474732000804205,0.033049503285928344,0.7
LINC00707,LSEC,,,,,0.0
LINC00838,LSEC,,,,,0.0
LINC00839,LSEC,0.0615798023397254,0.0558665859221649,0.005133470972624399,0.07874091708456216,1.0
LINC00842,LSEC,0.07716126192413342,0.07716126192413343,0.0763823241577303,0.07716126221285148,1.0
LINC00844,LSEC,-0.011693359298470048,-1.6450528533364312e-05,-0.01498777989787296,0.02932498184437071,0.5
LINC00847,LSEC,0.029004569972840188,0.03072258071368357,-0.007162745950460025,0.0910524790136136,0.9
LINC00852,LSEC,-0.03510421567694561,-0.034297218998660325,-0.05878258142234127,0.008739838346923382,0.9
LINC00853,LSEC,0.00420552394723852,0.029536841993002855,-0.021070491668255104,0.06492534839904904,0.7
LINC00861,LSEC,0.02991496198433152,0.020236589690754023,-0.0011883068331292777,0.03991085833204466,0.9
LINC00862,LSEC,,,,,0.0
LINC00863,LSEC,0.0020456126838706993,-0.009668515984756014,-0.04803101309287746,0.01381559949489706,0.7
LINC00865,LSEC,0.008198884792830874,0.012361429354322575,-0.014538379106264824,0.03522559705333412,0.8
LINC00867,LSEC,,,,,0.0
LINC00868,LSEC,,,,,0.0
LINC00869,LSEC,,,,,0.0
LINC00870,LSEC,0.07620539454061288,0.07629208818862089,0.07620539454061288,0.07681225007666895,1.0
LINC00871,LSEC,,,,,0.0
LINC00877,LSEC,-0.02777627194586017,-0.01583790408232308,-0.03129901706222856,0.029548364686324928,0.65
LINC00880,LSEC,0.02937733625415852,0.024358707977406444,-0.0471261435743793,0.036476859182246836,0.75
LINC00881,LSEC,,,,,0.0
LINC00882,LSEC,,,,,0.0
LINC00885,LSEC,,,,,0.0
LINC00886,LSEC,0.05189996071568005,0.05202236628340572,0.051899960715680066,0.05275679968975969,1.0
LINC00887,LSEC,-0.0238690857065038,-0.036048439695207025,-0.05471528877337026,0.006120278386283026,0.85
LINC00896,LSEC,-0.002607894082443028,0.024076410774421665,-0.0030404301327195383,0.04739103625141443,0.9
LINC00900,LSEC,,,,,0.0
LINC00907,LSEC,0.03208671741240884,0.019110822342066243,0.004750625472886102,0.04947466663352456,1.0
LINC00910,LSEC,0.047453349943453633,0.03585019030750941,-0.038073365077857746,0.06535291389858865,0.65
LINC00920,LSEC,0.0012573364681259726,0.001528346416316997,-0.02965566344776813,0.061649212754119415,0.55
LINC00923,LSEC,0.03855775383358306,0.032376272663437206,-0.033906342260007966,0.03929218723993703,0.75
LINC00924,LSEC,0.04041254486760297,0.004627635559486857,-0.08123711584627778,0.06241569065695245,0.5
LINC00926,LSEC,-0.00116851420174482,0.0015170499923798408,-0.08006405702604179,0.06257311612456952,0.55
LINC00929,LSEC,,,,,0.0
LINC00937,LSEC,0.020419099269281954,0.003362293367309521,-0.057147505534368384,0.02774007504997674,0.55
LINC00938,LSEC,0.015115446486940676,0.012424456846951277,-0.02832980252801294,0.043602765177607736,0.75
LINC00939,LSEC,,,,,0.0
LINC00940,LSEC,,,,,0.0
LINC00941,LSEC,0.017350848068527335,0.009938354725889997,-0.044994189754108564,0.0321750890019912,0.75
LINC00943,LSEC,,,,,0.0
LINC00944,LSEC,,,,,0.0
LINC00951,LSEC,,,,,0.0
LINC00954,LSEC,-0.07127815302687404,-0.02007758016322429,-0.07179211629377928,0.053072171356626015,0.55
LINC00957,LSEC,0.036083760680459744,0.03775331254693654,-0.013785595098942121,0.05074002101853605,0.85
LINC00958,LSEC,0.05557212774744987,0.05557212774744988,0.05557212774744988,0.05557212795538681,1.0
LINC00960,LSEC,0.04661266070116062,0.024537441254197708,-0.04004177926701737,0.05664606493198653,0.7
LINC00964,LSEC,-0.0076126615012469855,-0.007402346919923848,-0.034377561446068225,0.03653131503585274,0.65
LINC00968,LSEC,,,,,0.0
LINC00970,LSEC,,,,,0.0
LINC00971,LSEC,,,,,0.0
LINC00987,LSEC,0.05655829740482098,0.06391595900255781,0.012342897637417197,0.07414825366065177,1.0
LINC00989,LSEC,,,,,0.0
LINC00992,LSEC,,,,,0.0
LINC00996,LSEC,-0.045800161023653974,-0.007162666486012116,-0.0741243741125153,0.021578701602769597,0.7
LINC01001,LSEC,0.016011604497944757,0.01798589667852876,-0.0041465085078861855,0.03899434508308857,0.85
LINC01003,LSEC,0.05108729300371459,0.04208057620220926,-2.2851537758538893e-05,0.07437774860919293,0.95
LINC01004,LSEC,0.01004153796003417,0.0038209784874268632,-0.01728619610932458,0.05102796798403636,0.6
LINC01010,LSEC,,,,,0.0
LINC01011,LSEC,0.06691020406884274,0.03726398958640359,-0.04913670167301357,0.07668337556549891,0.8
LINC01013,LSEC,,,,,0.0
LINC01018,LSEC,,,,,0.0
LINC01023,LSEC,-0.027312445658817706,-0.013806583847458753,-0.05072799537982583,0.015826602621007702,0.75
LINC01030,LSEC,,,,,0.0
LINC01031,LSEC,0.0047304901739939195,0.034881515542439026,0.0015394181754884247,0.051279386015712754,1.0
LINC01036,LSEC,,,,,0.0
LINC01048,LSEC,,,,,0.0
LINC01050,LSEC,,,,,0.0
LINC01054,LSEC,,,,,0.0
LINC01058,LSEC,,,,,0.0
LINC01063,LSEC,0.02566099754762935,0.01755726562367239,-0.04847560281769738,0.03576323949069413,0.85
LINC01068,LSEC,,,,,0.0
LINC01072,LSEC,,,,,0.0
LINC01085,LSEC,,,,,0.0
LINC01087,LSEC,-0.05532731661199855,-0.02368547735491531,-0.05287920525748535,0.024725924680583426,0.7
LINC01088,LSEC,0.03945213517198807,0.02397750544051145,0.0008732753704720577,0.04482620915872101,1.0
LINC01090,LSEC,,,,,0.0
LINC01091,LSEC,-0.00509907800649248,-0.006608759328524396,-0.04629832340651947,0.027338329194955206,0.75
LINC01093,LSEC,,,,,0.0
LINC01094,LSEC,0.03301602135707533,0.0016296697490361383,-0.07940535811122013,0.047488651013854806,0.6
LINC01095,LSEC,,,,,0.0
LINC01099,LSEC,-0.020865882509470503,-0.015320985847163186,-0.08044986456263635,0.0269354814185165,0.65
LINC01102,LSEC,,,,,0.0
LINC01104,LSEC,,,,,0.0
LINC01106,LSEC,0.008182546828654493,0.024457027785782133,-0.025819670862785984,0.05326109415816605,0.8
LINC01111,LSEC,,,,,0.0
LINC01114,LSEC,,,,,0.0
LINC01115,LSEC,,,,,0.0
LINC01116,LSEC,0.02672797907784865,0.037526670641634764,0.015298539415755241,0.05456675669855418,1.0
LINC01117,LSEC,,,,,0.0
LINC01118,LSEC,-0.00972348498539703,-0.013339169421189059,-0.07143892184174683,0.0045002393024027604,0.8
LINC01119,LSEC,-0.024341525543168728,-0.020975201869120167,-0.07950012604082259,0.021116521837270853,0.8
LINC01122,LSEC,-0.0015912723804335867,-0.019584890882135775,-0.04896222709026421,0.027051630467370975,0.7
LINC01123,LSEC,,,,,0.0
LINC01124,LSEC,0.01750399618476945,0.03139702812163192,-0.05287920525748535,0.042474732000804205,0.8
LINC01132,LSEC,,,,,0.0
LINC01133,LSEC,,,,,0.0
LINC01134,LSEC,0.024591352399793952,-0.00765756603146858,-0.06400619998124095,0.025365442779426744,0.55
LINC01135,LSEC,-0.022889841164698513,-0.0077727535505794434,-0.055939344450626864,0.0033049503409591278,0.9
LINC01138,LSEC,,,,,0.0
LINC01140,LSEC,,,,,0.0
LINC01149,LSEC,,,,,0.0
LINC01150,LSEC,,,,,0.0
LINC01151,LSEC,-0.05030868833524647,-0.013770626369136809,-0.052267177418857044,0.02313465230014984,0.65
LINC01152,LSEC,,,,,0.0
LINC01160,LSEC,,,,,0.0
LINC01166,LSEC,-0.007840356577005629,0.004074910992573436,-0.09186825878963151,0.03628319533546745,0.55
LIPE-AS1,LSEC,0.00993872638916114,0.03347201203310249,-0.000931397341906487,0.06957539565226557,0.95
LL22NC03-63E9.3,LSEC,-0.004284194870398118,0.011016501117293968,-0.04749336027755628,0.03145823090549475,0.7
LMCD1-AS1,LSEC,-0.026936688718280977,0.0017684587854162178,-0.025192609076789614,0.046660279132034306,0.55
LMLN-AS1,LSEC,,,,,0.0
LOH12CR2,LSEC,-0.0012434673095960043,0.0019686694388542994,-0.058369499738112264,0.04144508035879452,0.5
LOXL1-AS1,LSEC,0.05773834244923836,0.06861848849321965,0.032250596372836886,0.07421013557075978,1.0
LPP-AS1,LSEC,,,,,0.0
LPP-AS2,LSEC,0.01833546990665935,0.015039829926290889,-0.005206083702043817,0.04793547771173816,0.85
LRP4-AS1,LSEC,,,,,0.0
LUCAT1,LSEC,0.009460533031188245,-0.003834099262357271,-0.056561410646732264,0.03493805136376677,0.6
LY86-AS1,LSEC,,,,,0.0
MAFG-AS1,LSEC,,,,,0.0
MALAT1,LSEC,0.0750466454816586,0.06646813272148908,-0.14185140837009064,0.18772059315982065,0.7
MAMDC2-AS1,LSEC,0.015667912668884548,-0.021420974351990592,-0.05214477185113139,0.010894095527583787,0.8
MAP3K14-AS1,LSEC,,,,,0.0
MAPKAPK5-AS1,LSEC,-0.07473921866364876,-0.03467685719411193,-0.09499158103071707,0.026482154207863744,0.8
MAST4-AS1,LSEC,-0.061748809873558554,-0.05656939625197463,-0.08572414067416423,0.00963874413081231,0.9
MATN1-AS1,LSEC,-0.037456103724052114,-0.038190537130406085,-0.051655149580228744,-0.002080894651336229,1.0
MBNL1-AS1,LSEC,-0.03856040244419818,-0.04200530971531207,-0.0769904847594553,-0.020462497499180336,1.0
MCCC1-AS1,LSEC,-0.0008568389740796236,0.0022645030029247197,-0.052511988554308366,0.026439602628742676,0.55
MCF2L-AS1,LSEC,-0.008470994401518868,-0.042753400538265436,-0.07122131041654661,-0.023378477000904542,1.0
MCM3AP-AS1,LSEC,0.023674403495560874,0.04138085602732331,0.013265893720415721,0.06230127219726946,1.0
MDC1-AS1,LSEC,,,,,0.0
MDS2,LSEC,-0.008813200876247556,-0.0017748807320220777,-0.045412465626220054,0.011750934501663412,0.6
MED4-AS1,LSEC,,,,,0.0
MEF2C-AS1,LSEC,-0.01144596870108264,0.012782678901635248,-0.03722259935040314,0.0671166246070637,0.65
MEG3,LSEC,-0.0629768230384832,-0.0476858100467813,-0.26658028755414676,0.14766298994230082,0.7
MEG8,LSEC,-0.02841798003806043,-0.04610500816079997,-0.10105643098354078,0.06262692380447932,0.9
MEG9,LSEC,0.01727640497894894,0.005400679554020727,-0.0437460491466266,0.024413674959043747,0.6
MEIS1-AS2,LSEC,0.02718129818971025,0.012669868983758405,-0.027293014686778305,0.048088339324845866,0.6
MIAT,LSEC,0.06215974150637305,-0.011949404192875674,-0.1600980970791501,0.06219301721320444,0.55
MID1IP1-AS1,LSEC,,,,,0.0
MIMT1,LSEC,0.03476318123408758,0.02129856878426493,-0.05287920525748535,0.03292709771820268,0.75
MIR155HG,LSEC,0.07940858127766748,0.061222894645296226,0.032473202912639124,0.07529641821849582,1.0
MIR181A1HG,LSEC,-1.5319254329672082e-05,0.02269134659745283,-0.034851609429037804,0.09372720156901272,0.75
MIR181A2HG,LSEC,0.05496009990882157,0.05496009990882158,0.05471528877337026,0.05496010011446845,1.0
MIR202HG,LSEC,,,,,0.0
MIR210HG,LSEC,0.012646688488205746,0.005579463075795256,-0.0034157001299713625,0.015663195421562085,0.8
MIR22HG,LSEC,0.016282052946603214,0.0024185277957667825,-0.06374965146023542,0.050624780285659955,0.55
MIR4458HG,LSEC,-0.020453563510391272,0.0041606229443768026,-0.11381482242098018,0.032682718251934736,0.55
MIR4500HG,LSEC,,,,,0.0
MIR497HG,LSEC,0.018823671735591112,0.01870975998312724,0.006833821402111543,0.03628748830377826,1.0
MIR503HG,LSEC,0.027978157474693968,0.016754405433755275,-0.12967853478708036,0.21861063255390073,0.6
MIS18A-AS1,LSEC,0.009073002968407918,0.03126294131838007,-0.0022592551108839443,0.05405768438692851,0.9
MKNK1-AS1,LSEC,,,,,0.0
MNX1-AS1,LSEC,,,,,0.0
MNX1-AS2,LSEC,,,,,0.0
MORC2-AS1,LSEC,-0.06007458096568655,-0.019837544672463375,-0.05246622186797195,0.036423209228481315,0.7
MORF4L2-AS1,LSEC,-0.012995486052084733,-0.011484356681857637,-0.029006542760892078,0.0031127636154672676,0.95
MPRIP-AS1,LSEC,0.043571685718718285,0.030368772503418483,-0.0012071142853639287,0.07901250533559766,0.95
MRPL23-AS1,LSEC,,,,,0.0
MTUS2-AS1,LSEC,,,,,0.0
MYCBP2-AS1,LSEC,,,,,0.0
MYLK-AS1,LSEC,0.005583153841296504,0.0073587368347610965,0.0012290544380397282,0.026523376250419544,1.0
NAALADL2-AS2,LSEC,,,,,0.0
NALCN-AS1,LSEC,-0.005508250547654722,0.022277813326070216,-0.04210751529762722,0.03978180951083967,0.75
NAPA-AS1,LSEC,0.006897066359740935,0.0058106821645022184,-0.013773110119186761,0.04383767252662012,0.8
NAV2-AS2,LSEC,,,,,0.0
NAV2-AS3,LSEC,-0.021298568784264928,-0.029683350173472678,-0.05410326093474195,0.0015912723804335869,0.9
NCAM1-AS1,LSEC,,,,,0.0
NCBP2-AS1,LSEC,-0.039169781672211364,-0.02760245552213645,-0.056184155586078185,0.0006120278386283027,0.95
NDUFB2-AS1,LSEC,0.0286694336829631,0.02185662254531206,-0.014919360230309955,0.05362974717562775,0.8
NEAT1,LSEC,0.0759957435636868,0.06262752939940731,-0.12284837067567428,0.15771590077259023,0.7
NEBL-AS1,LSEC,,,,,0.0
NEXN-AS1,LSEC,-0.009267644191032346,-0.01775019816322229,-0.05525405672943901,0.04580575416223514,0.65
NFE4,LSEC,,,,,0.0
NFYC-AS1,LSEC,-0.025105468669178836,-0.01618852820217845,-0.04998545826394026,0.00958023765112747,0.8
NIFK-AS1,LSEC,0.03738945075827139,0.014020537969813026,-0.04404632746953621,0.06086934708636133,0.75
NNT-AS1,LSEC,-0.00760109498743646,-0.005021875888865268,-0.034746655356906624,0.03892782414903237,0.6
NOP14-AS1,LSEC,0.012301651301090644,0.007177824056459383,-0.020833057206970717,0.030720094536318247,0.7
NPHP3-AS1,LSEC,,,,,0.0
NR2F2-AS1,LSEC,0.0766884086407359,0.0781266216924501,-0.004534063660777442,0.1129461207085616,0.95
NUCB1-AS1,LSEC,,,,,0.0
NUTM2A-AS1,LSEC,0.013623195314697087,0.009698808759677342,-0.06632851819139081,0.044748181683156994,0.6
NXF5,LSEC,,,,,0.0
ODF2-AS1,LSEC,0.021665785487441913,0.02705163051637814,-0.048227793683910246,0.0412506763235476,0.85
OGFR-AS1,LSEC,,,,,0.0
OPA1-AS1,LSEC,,,,,0.0
OR2A1-AS1,LSEC,0.03810203936681687,0.04443099512163529,0.004237900205332355,0.05340452633220486,1.0
OSBPL10-AS1,LSEC,0.0034913642743105186,0.0047303944683456355,-0.03304928341336097,0.05433242304473215,0.7
OSGEPL1-AS1,LSEC,-0.027771681721313782,0.0007422277053630589,-0.01906566784797697,0.03561482427984445,0.55
OSTN-AS1,LSEC,,,,,0.0
OTX2-AS1,LSEC,,,,,0.0
OVCH1-AS1,LSEC,0.02561147728856045,0.020850047097095335,-0.005554129922136771,0.05609889123441007,0.85
PAN3-AS1,LSEC,0.03954307235064728,0.01996948736212027,-0.04662399411210007,0.07990795064948968,0.7
PAPPA-AS1,LSEC,,,,,0.0
PART1,LSEC,-0.04076105405264495,-0.013219801314371338,-0.05496009990882158,0.020686540945636628,0.65
PAXBP1-AS1,LSEC,0.033206791927400905,0.004811942780203159,-0.04217035011056523,0.03367012384260131,0.65
PAXIP1-AS2,LSEC,-0.035288690927597316,-0.019334216735719584,-0.05651001059224806,0.02509556901411635,0.65
PCA3,LSEC,0.00042534055086593546,-0.0005639025436600756,-0.03737193316898298,0.03444967206754799,0.5
PCAT1,LSEC,-0.06501805547862759,-0.049948496723067476,-0.06320739090557848,-0.006515642023960524,1.0
PCAT6,LSEC,-0.04745579217139659,-0.025195503455899184,-0.05111789634730745,0.002723310083069066,0.95
PCAT7,LSEC,-0.004262221870339061,-0.023172268130691363,-0.049258119127108375,0.026250092237364405,0.7
PCBP1-AS1,LSEC,0.09019275999253946,0.06270350082944501,-0.02325682876535184,0.09217546517444987,0.85
PCCA-AS1,LSEC,,,,,0.0
PCDH9-AS1,LSEC,,,,,0.0
PCOLCE-AS1,LSEC,,,,,0.0
PDCD4-AS1,LSEC,-0.0005631702644316475,-0.0066042528731351585,-0.06498477731397885,0.0163546246222982,0.65
PEX5L-AS1,LSEC,,,,,0.0
PGM5-AS1,LSEC,0.04403930541547593,0.02981806621109863,-0.0009520810808883456,0.04600689650038456,0.9
PHKA2-AS1,LSEC,-0.021665785487441913,-0.023807882922640973,-0.056796183424706485,0.008323578605344916,0.85
PINK1-AS,LSEC,-0.018120595670665297,0.005948775834912177,-0.03726994055408658,0.04886461324381648,0.65
PITPNA-AS1,LSEC,0.05131313519997045,0.03968504268984512,-0.02874918029641701,0.06692973875841904,0.85
PLCXD2-AS1,LSEC,,,,,0.0
PLS1-AS1,LSEC,,,,,0.0
POT1-AS1,LSEC,0.008690795308521895,0.02129856878426493,-0.051655149580228744,0.03549761464044155,0.8
POU6F2-AS1,LSEC,,,,,0.0
PPP1R26-AS1,LSEC,-0.05385844979929062,-0.03996541786242816,-0.05361363866383931,0.011628528933937751,0.85
PRC1-AS1,LSEC,,,,,0.0
PRICKLE2-AS3,LSEC,-0.0580441006916752,-0.03856683455356652,-0.0652868422783743,0.01777163852778341,0.8
PRKAG2-AS1,LSEC,-0.008334597093373535,0.015906093147182093,-0.012553375736137937,0.04875682945672191,0.8
PRKAR2A-AS1,LSEC,,,,,0.0
PRKCQ-AS1,LSEC,0.09448778821738972,0.06835205414045688,0.014601606452792607,0.09021130720644753,1.0
PRKG1-AS1,LSEC,,,,,0.0
PRKX-AS1,LSEC,,,,,0.0
PRMT5-AS1,LSEC,,,,,0.0
PROSER2-AS1,LSEC,,,,,0.0
PROX1-AS1,LSEC,0.05189996071568005,0.05202236628340572,0.051899960715680066,0.05275679968975969,1.0
PRR7-AS1,LSEC,-0.030234175228238142,0.005385844979929063,-0.05128793287705176,0.023991491274229462,0.55
PRRT3-AS1,LSEC,0.0020400490980833916,-0.017287363915580382,-0.05648367815072585,0.006268485707126727,0.9
PSMD6-AS2,LSEC,0.04324487471284658,0.00914341130205996,-0.11461087040615062,0.03777361360723063,0.55
PSMG3-AS1,LSEC,0.04139167282759172,0.028303619294499024,-0.07026613439214528,0.06533142517407901,0.7
PTCSC3,LSEC,,,,,0.0
PTOV1-AS1,LSEC,0.005564316174178132,-0.0011732500636608524,-0.013421690191219894,0.017611978658469262,0.5
PWRN1,LSEC,,,,,0.0
PXN-AS1,LSEC,-0.008377573419448153,0.01957699394808468,-0.016774673124276746,0.06325042053134773,0.75
RAB11B-AS1,LSEC,-0.025659807620157214,-0.013113303866120541,-0.041293668891833474,0.05166855920370701,0.9
RAD21-AS1,LSEC,0.002309966234019811,-0.004353885517208252,-0.0334337316207053,0.037526976872352194,0.7
RAI1-AS1,LSEC,,,,,0.0
RAMP2-AS1,LSEC,0.045740786137569316,0.02511739589969786,-0.025718436921156825,0.04704049663458139,0.8
RAP2C-AS1,LSEC,-0.003847065476162665,0.014524676538071091,-0.04104877975394581,0.05691884161704242,0.7
RASAL2-AS1,LSEC,-0.006370538713457433,0.001572332447185378,-0.023736056585199807,0.030660234483227095,0.65
RASSF8-AS1,LSEC,0.018417425411593722,0.014991292561468226,0.0005268869137983922,0.05243403875912397,1.0
RBM26-AS1,LSEC,-0.017602798753705948,0.0002190519445424666,-0.02740462166692634,0.05639788340454591,0.5
RBMS3-AS2,LSEC,,,,,0.0
RBMS3-AS3,LSEC,0.01486750331345234,-0.0008498953384459674,-0.0356000308103612,0.020106609335828342,0.5
RBPMS-AS1,LSEC,0.06269896054419995,0.034070076390628215,-0.04649921639712838,0.06436234426642659,0.75
RFPL1S,LSEC,-0.06361977356743267,-0.06710580609291592,-0.12327299629628047,0.0163447842331023,0.85
RFPL3S,LSEC,0.03990421507856533,0.038618956617445896,-0.027541252738273618,0.04553487119394572,0.95
RGMB-AS1,LSEC,-0.04298787890890093,-0.05089615790284216,-0.07616156689281606,-0.0012686128386181984,1.0
RGPD4-AS1,LSEC,0.00782256361961285,0.020570911168678523,-0.016040002883073383,0.05395234694364996,0.8
RHPN1-AS1,LSEC,,,,,0.0
RMDN2-AS1,LSEC,,,,,0.0
RN7SL832P,LSEC,0.1021720658994685,0.0517339064636774,-0.11445653579386056,0.09956069163505414,0.8
RNASEH2B-AS1,LSEC,,,,,0.0
RNF157-AS1,LSEC,,,,,0.0
RNF185-AS1,LSEC,,,,,0.0
RNU6ATAC35P,LSEC,-0.046514115735751,-0.014443856991627943,-0.051899960715680066,0.02570516922238871,0.7
RRM1-AS1,LSEC,-0.054103260934741944,-0.03219266431184872,-0.056551372289255164,0.008445984173070577,0.8
RUSC1-AS1,LSEC,-0.033053800664848504,-0.010808089896653383,-0.042576236256072875,0.022422827335554157,0.6
RUVBL1-AS1,LSEC,,,,,0.0
SAMSN1-AS1,LSEC,,,,,0.0
SAP30L-AS1,LSEC,0.04311747130976851,0.014290437337965749,-0.044412959526830706,0.03231811429637162,0.65
SAPCD1-AS1,LSEC,,,,,0.0
SBF2-AS1,LSEC,-0.046564417259033354,-0.03296163866981624,-0.05377690457100844,-0.003305238698350534,1.0
SCARNA9,LSEC,,,,,0.0
SCGB1B2P,LSEC,0.03854365950437253,0.01951077652550151,-0.01668122301447689,0.07837470912367359,0.65
SDCBP2-AS1,LSEC,-0.0094274765462984,-0.02433483240318154,-0.09903413148462423,0.04830869419057164,0.85
SEC24B-AS1,LSEC,-0.02445876869420056,0.010019463936437989,-0.01801484785272197,0.05817940615661512,0.65
SEC62-AS1,LSEC,,,,,0.0
SEMA3B-AS1,LSEC,-0.036232048046795515,-0.04375999046192364,-0.05642896672152951,0.0014688668127079264,0.95
SENCR,LSEC,0.03587802339610403,0.01793591338699098,-0.03092641989174903,0.04495657723375796,0.85
SERTAD4-AS1,LSEC,0.09657125330847234,0.09657125330847235,0.0965006585613363,0.09657125366981771,1.0
SFTA1P,LSEC,,,,,0.0
SFTA3,LSEC,,,,,0.0
SH3BP5-AS1,LSEC,0.03382356177809834,0.028732966015029414,0.015121497053773775,0.048113616151819125,1.0
SH3RF3-AS1,LSEC,0.04673791013381935,0.0377320789028397,0.00918765837992812,0.06982443333750592,1.0
SHANK2-AS1,LSEC,0.0378233204272291,0.018544443510437568,-0.05569453331517554,0.035864831343618536,0.75
SHANK2-AS3,LSEC,-0.040883459620370606,-0.025399155303074558,-0.0558169388829012,0.009058012011698879,0.9
SIAH2-AS1,LSEC,,,,,0.0
SIDT1-AS1,LSEC,0.042352326433078534,0.03200905596026023,-0.05557212774744988,0.04039383734946798,0.8
SIGLEC5,LSEC,,,,,0.0
SIX3-AS1,LSEC,,,,,0.0
SLC16A1-AS1,LSEC,0.04726924129388914,0.049152091641827544,0.025612097278206084,0.08129461188414439,1.0
SLC22A18AS,LSEC,0.007030916967999266,0.010918692300702375,-0.04504805407347217,0.037922630006016776,0.9
SLC25A21-AS1,LSEC,0.05745816025151297,0.03188718063054802,-0.027722320324427712,0.056157774928924056,0.85
SLC25A30-AS1,LSEC,0.04900714761619999,0.0463405395625692,0.018974223104021935,0.05503100424317762,1.0
SLC26A4-AS1,LSEC,,,,,0.0
SLC8A1-AS1,LSEC,0.010879586730123169,0.005348531987212296,-0.006417194332119605,0.03234027302808818,0.6
SLC9A9-AS2,LSEC,,,,,0.0
SMAD5-AS1,LSEC,-0.004529006005849439,-0.004835019925163591,-0.04382119324578647,0.019462485268380025,0.6
SMARCA5-AS1,LSEC,0.03121341977004343,0.010771689959858126,-0.05569453352357048,0.028765308415530225,0.7
SMCR2,LSEC,,,,,0.0
SMCR5,LSEC,0.005888419470016815,-0.013598103988434862,-0.031940191287796724,0.021129187660790923,0.7
SMIM2-AS1,LSEC,-0.006734511727624181,0.009422014815872414,-0.007264368389212908,0.030368505353907258,0.75
SNAI3-AS1,LSEC,-0.029026420961451905,-0.04942557778955173,-0.06483958786192136,-0.002329605394572321,1.0
SNAP25-AS1,LSEC,,,,,0.0
SNHG10,LSEC,0.00540568604415546,0.0183858828918467,-0.005116324147381411,0.0340913747746428,0.85
SNHG12,LSEC,0.019623850490777858,0.005458404360614491,-0.02619342743060118,0.03236892906802311,0.7
SNHG15,LSEC,0.04548342221680937,0.02752304575771492,-0.00986251581645189,0.042522183869000425,0.75
SNHG18,LSEC,0.0238690857065038,0.003978180951083967,-0.041373081891273256,0.043331570974883826,0.6
SNHG7,LSEC,0.0904667122228693,0.07521667557826373,0.00866611487485471,0.18452707025396725,1.0
SNHG8,LSEC,0.08465624432664763,0.04491905407311966,-0.03661831655049719,0.14369934578669583,0.7
SNHG9,LSEC,0.1325117598257283,0.07955061107309375,-0.07469159884642296,0.15888325188351393,0.8
SNRK-AS1,LSEC,-0.004173812890051793,-0.03910729219898006,-0.0739301075951189,0.03793374687407911,0.85
SPATA13,LSEC,-0.018107492132329425,-0.01312568092381431,-0.049676205249975444,0.044815697655602046,0.65
SPATA13-AS1,LSEC,,,,,0.0
SPATA41,LSEC,-0.036838044904925565,-0.005276291001021881,-0.031442382527273965,0.015005762620735613,0.85
SPATA8,LSEC,,,,,0.0
SPIN4-AS1,LSEC,,,,,0.0
SRGAP2-AS1,LSEC,0.04981906606434383,0.04981906606434384,0.04320916540715817,0.05092071617387478,1.0
SRRM2-AS1,LSEC,-0.06519847068879192,-0.04315814879586587,-0.05864983760001503,0.008582857590745441,0.85
SSBP3-AS1,LSEC,,,,,0.0
ST20,LSEC,-0.04610514975194644,-0.0201225709806327,-0.05054143680152434,0.019577858902450604,0.85
ST3GAL6-AS1,LSEC,0.043943598813512126,0.03408995061159646,-0.05410326093474195,0.0412506763235476,0.8
ST7-AS1,LSEC,-0.012797221256491105,-0.017786420537185783,-0.11254247218181111,0.03622056733568567,0.7
ST7-AS2,LSEC,0.04541246562622005,0.03812933434654325,-0.05385844979929063,0.045657276761671375,0.8
ST7-OT4,LSEC,-0.03063604399204526,-0.021647696518028843,-0.06325930197139339,0.025862176911530945,0.75
ST8SIA6-AS1,LSEC,0.032465932208211604,0.0159440804963888,-0.03676444564578714,0.04407393201955475,0.7
STARD4-AS1,LSEC,0.013686436399156557,-0.01223485643689935,-0.07980589183111371,0.07863253254650832,0.7
STAU2-AS1,LSEC,0.042352326433078534,0.03200905596026023,-0.05557212774744988,0.04039383734946798,0.8
STEAP3-AS1,LSEC,,,,,0.0
STK24-AS1,LSEC,0.010270293012264894,0.022338761723352606,-0.0115859469314452,0.06892902413665115,0.75
STX18-AS1,LSEC,0.05081454998022046,0.045580423290176975,0.02900945531348487,0.06389708899313423,1.0
STXBP5-AS1,LSEC,-0.012010420325136247,-0.002115644495801624,-0.04411055819491777,0.05504161447084879,0.5
SUCLA2-AS1,LSEC,,,,,0.0
SYP-AS1,LSEC,,,,,0.0
SZT2-AS1,LSEC,,,,,0.0
TAB3-AS2,LSEC,,,,,0.0
TAPT1-AS1,LSEC,0.06253599642559132,0.041437185548044556,-0.020140397009279585,0.0753772427303045,0.85
TBC1D3P1-DHX40P1,LSEC,0.020196918674733985,0.022277813326070216,-0.052267177418857044,0.0378233204272291,0.8
TCEAL3-AS1,LSEC,,,,,0.0
TERC,LSEC,0.04106182287206243,0.009056209893089136,-0.06763727721097515,0.03459952165304062,0.6
TET2-AS1,LSEC,,,,,0.0
TEX26-AS1,LSEC,,,,,0.0
TEX41,LSEC,,,,,0.0
TFAP2A-AS1,LSEC,,,,,0.0
THAP7-AS1,LSEC,0.06537631676866873,0.06783924024188226,0.02894638980997819,0.08275086689945614,1.0
THAP9-AS1,LSEC,0.0007882543421419317,0.008281635641206464,-0.026169758358951082,0.05408240192451092,0.65
THOC7-AS1,LSEC,0.009068528457542989,-0.017413398001659995,-0.06435595758051627,0.01567999113638161,0.8
TIPARP-AS1,LSEC,-0.06861541766561563,-0.041644275256552184,-0.06808368711726812,0.014965977902758939,0.8
TLR8-AS1,LSEC,,,,,0.0
TM4SF1-AS1,LSEC,-0.035705842902219294,0.01621701329871485,-0.060083342296555826,0.06827876194715674,0.55
TM4SF19-AS1,LSEC,-0.015171947715259418,-0.007004939978023355,-0.021971899164283194,0.013950965562991803,0.65
TMEM105,LSEC,-0.005753061683106044,0.02129856878426493,-0.04945184936116685,0.03868015940130873,0.75
TMEM254-AS1,LSEC,-0.018493691437971835,-0.006977228406261498,-0.036488193482764844,0.006652431646245068,0.75
TMEM44-AS1,LSEC,0.00448510004663214,-0.009257532279609178,-0.03084561743511969,0.013911654198333961,0.8
TMEM72-AS1,LSEC,,,,,0.0
TMEM78,LSEC,,,,,0.0
TMEM9B-AS1,LSEC,-0.020743522950680732,-0.01648031618972946,-0.0443388763919575,0.01791158365722075,0.85
TMLHE-AS1,LSEC,0.05090581324887491,0.024312725819667792,-0.06202582396902027,0.04930850899218263,0.75
TMPO-AS1,LSEC,0.0076012878043295136,0.003924949681724923,-0.021113195032928554,0.019266395009271315,0.65
TNK2-AS1,LSEC,,,,,0.0
TP53TG1,LSEC,-0.04497868392570996,-0.013273371659356357,-0.07908686414175986,0.07180539983770556,0.6
TP73-AS1,LSEC,0.04528153909117859,0.020655318892267065,-0.02296118246102655,0.09653289471801074,0.75
TPRG1-AS1,LSEC,-0.042597137568529855,-0.013770626369136809,-0.05202236628340572,0.024603519112857766,0.65
TPRXL,LSEC,,,,,0.0
TPT1-AS1,LSEC,-0.031268879217565236,-0.030331797364156782,-0.07535157472391152,0.010139624846131009,0.9
TPTEP1,LSEC,0.025362917203848843,0.038844215978979794,-0.014521633261079922,0.04993508345286859,0.85
TRAF3IP2-AS1,LSEC,0.02252611503320865,0.05080373825024097,-0.035679458063457424,0.08030958087858225,0.8
TRAM2-AS1,LSEC,0.000899263678626265,0.03733679399802274,-0.020928914519383463,0.07391119741123515,0.85
TRAPPC12-AS1,LSEC,,,,,0.0
TRBV11-2,LSEC,,,,,0.0
TRERNA1,LSEC,,,,,0.0
TRIM16L,LSEC,0.02451161884012381,0.0319255736531996,0.000987801192179615,0.05023531885582182,1.0
TRIM52-AS1,LSEC,0.009891980837585761,0.008131102412288864,-0.02841710773807528,0.038168102753291425,0.8
TSIX,LSEC,0.020376253583576014,0.02175483329039771,-0.010173202475958674,0.05500619728941481,0.85
TSPEAR-AS1,LSEC,,,,,0.0
TTC3-AS1,LSEC,,,,,0.0
TTLL10-AS1,LSEC,,,,,0.0
TTN-AS1,LSEC,-0.0371979895835094,-0.00509484346044494,-0.06836792110412603,0.043387424445198254,0.55
TTTY10,LSEC,,,,,0.0
TTTY14,LSEC,0.01776322677416757,7.718264370899742e-05,-0.03483164794647679,0.03293147706047541,0.5
UBAC2-AS1,LSEC,-0.05314842649158431,-0.04886324336762722,-0.06730093148145065,0.005977760077592995,0.9
UBBP4,LSEC,0.004561411635588663,9.469939602799955e-05,-0.031732830180617934,0.029947660475130117,0.5
UBOX5-AS1,LSEC,,,,,0.0
UBXN7-AS1,LSEC,-0.0335998478365658,-0.02452255679524567,-0.04833310704910944,0.01145251055878684,0.9
UGDH-AS1,LSEC,-0.00880872124149287,-0.030942569409850164,-0.049981994632595624,-0.007060418532880335,1.0
UNC5B-AS1,LSEC,,,,,0.0
UPK1A-AS1,LSEC,,,,,0.0
USP2-AS1,LSEC,,,,,0.0
USP3-AS1,LSEC,-0.007582415634705859,-0.003175154698696709,-0.020082038498386304,0.0358658263126299,0.7
USP30-AS1,LSEC,0.040589729895272195,0.04146509675068841,0.0006760962940665666,0.07052070797174849,1.0
UXT-AS1,LSEC,,,,,0.0
VAC14-AS1,LSEC,0.031947853176397395,0.0345795728824991,0.02044172981018531,0.03965940394311401,1.0
VAV3-AS1,LSEC,,,,,0.0
VCAN-AS1,LSEC,,,,,0.0
VIM-AS1,LSEC,-0.03603696475433069,-0.0444663839099996,-0.07360533085218349,-0.03300399213971938,1.0
VIPR1-AS1,LSEC,,,,,0.0
VPS13A-AS1,LSEC,,,,,0.0
VPS9D1-AS1,LSEC,,,,,0.0
WAC-AS1,LSEC,0.028049155567963478,0.04233250320822973,-0.0025508241695061805,0.0745964597823091,0.95
WARS2-IT1,LSEC,0.039047376104485707,0.02356307178718965,-0.05667377785698082,0.03672167031769816,0.75
WASF3-AS1,LSEC,0.013430060449223315,0.025343628498868787,-0.009466169205233825,0.05433754602589518,0.85
WASIR1,LSEC,,,,,0.0
WASIR2,LSEC,-0.03871463148413421,-0.06299591180044335,-0.09395406919323562,0.015783751765009433,0.95
WDFY3-AS1,LSEC,,,,,0.0
WEE2-AS1,LSEC,0.0044347114660949795,0.021132812914154187,-0.0143736490761778,0.06408338212576266,0.8
WNT5A-AS1,LSEC,,,,,0.0
WT1-AS,LSEC,-0.008229403179567598,-0.004765043997227779,-0.05300122321761569,0.03677502366343117,0.55
WWC2-AS2,LSEC,-0.054726364395442144,-0.022207165742754303,-0.07227431208262465,0.040744913107154467,0.7
WWC3-AS1,LSEC,-0.06112677584135572,-0.0288608615013594,-0.07211952326177598,0.029059019977279457,0.7
WWTR1-AS1,LSEC,0.0483568687102726,0.03728708689682167,-0.004271857972595926,0.05006241343180319,0.95
XIAP-AS1,LSEC,-0.017748807320220775,-0.02295104394856135,-0.056184155586078185,0.018972862997477382,0.8
XIST,LSEC,0.004738453219450247,0.066118842796895,-0.22775887454641108,0.24236817734274102,0.65
XXYLT1-AS2,LSEC,0.06041720042765269,0.07373730305472537,0.052363455610709826,0.0887147996179231,1.0
YEATS2-AS1,LSEC,,,,,0.0
ZBED3-AS1,LSEC,0.044728942992622804,0.06252790040058374,0.0048953390628167955,0.08454461051921237,1.0
ZBED5-AS1,LSEC,0.06832819230043424,0.06448997597524284,0.02178904542753043,0.08550884202879694,1.0
ZBTB11-AS1,LSEC,0.058070239045542774,0.049794322910162656,-0.026983473025545556,0.07368655253760563,0.85
ZBTB20-AS1,LSEC,,,,,0.0
ZBTB20-AS2,LSEC,0.048183655926913364,0.03953118346172907,-0.015679527706670852,0.07460849475024349,0.95
ZBTB20-AS3,LSEC,-0.012730179043468693,-0.00263171971068181,-0.05557212774744988,0.024113896841955123,0.6
ZBTB20-AS4,LSEC,-0.011972486008882177,0.03289315477683602,-0.04417218482063049,0.058971443068431835,0.8
ZEB2-AS1,LSEC,0.035069452882671444,0.03575369953462501,-0.0047857519196910486,0.04811311218533242,0.9
ZFAS1,LSEC,0.05145510721757881,0.04223709807265214,-0.08513381723409225,0.12014597224227437,0.9
ZFAT-AS1,LSEC,,,,,0.0
ZFX-AS1,LSEC,,,,,0.0
ZFY-AS1,LSEC,-0.01419904585617662,-0.013770626369136809,-0.046514115735751003,0.024358707977406444,0.65
ZMIZ1-AS1,LSEC,-0.014228611170332877,-0.029481150790091525,-0.05137934435113827,0.0046510286802446486,0.9
ZMYM4-AS1,LSEC,-0.033171908853653995,-0.004835019925163591,-0.05385844979929063,0.020441729886673123,0.7
ZMYND10-AS1,LSEC,,,,,0.0
ZNF197-AS1,LSEC,,,,,0.0
ZNF252P-AS1,LSEC,-0.025432933318306095,-0.009741476247833102,-0.030514859033149683,0.011420816106826924,0.7
ZNF286B,LSEC,-0.00722199552299246,-0.01690972123902678,-0.05168643478273876,-0.0029197856285416587,1.0
ZNF295-AS1,LSEC,,,,,0.0
ZNF32-AS1,LSEC,,,,,0.0
ZNF32-AS2,LSEC,-0.018238429591123415,-0.024481113545132105,-0.054470477637918936,0.02521554695148607,0.75
ZNF337-AS1,LSEC,0.028679787191364946,0.036463700211869864,0.017974500409063884,0.051463856992663676,1.0
ZNF503-AS1,LSEC,0.0246277078005715,0.028268561411405775,-0.0004269429116953485,0.045607757056462014,0.95
ZNF571-AS1,LSEC,0.0032046359808326798,-0.007697911674354225,-0.045688966038841046,0.028863656176118906,0.55
ZNF630-AS1,LSEC,0.05177755514795439,0.05159394679636591,-0.01627994050751285,0.0517775551479544,0.95
ZNF667-AS1,LSEC,0.006343143760812743,0.0006232936205097586,-0.024392085673711886,0.06196287528194974,0.5
ZNF674-AS1,LSEC,-0.054399695460030706,-0.036400216039316056,-0.07674363957857191,0.033457367734708754,0.75
ZNF781,LSEC,0.03589811699753411,0.03739671649360787,0.02096199871068922,0.05502630150468535,1.0
ZNRF3-AS1,LSEC,0.012518472992761187,0.011821642018392661,-0.017078749618096703,0.04679292288199546,0.85
ZRANB2-AS1,LSEC,,,,,0.0
ZSCAN16-AS1,LSEC,0.06800777464446463,0.035184113665529974,-0.05341372580409005,0.09534304675303168,0.7
A1BG-AS1,Kupffer,-0.004047238277094974,-0.00495478885061779,-0.028705806438226254,0.013030500808815614,0.75
A2M-AS1,Kupffer,0.03994545939027564,0.03855851074286851,-0.050096454560474235,0.04998345946307454,0.65
A2ML1-AS2,Kupffer,,,,,0.0
ABCC5-AS1,Kupffer,0.006855614353448027,0.006427697906367833,-0.0010256420968779555,0.007336129355950435,0.95
ACTA2-AS1,Kupffer,7.488833547791863e-05,-0.0006380586703975484,-0.008256313334880843,0.0028683740322273236,0.7
ACVR2B-AS1,Kupffer,0.006079200155318368,0.0031283208032501534,-0.013004652277886082,0.006304634132526652,0.65
ADAM20P1,Kupffer,0.007319902335672095,0.005230150230917045,-0.009319823297571254,0.008747909462223393,0.65
ADAMTS9-AS2,Kupffer,-0.004005191616811008,-0.001774678698265099,-0.005240212864664907,0.0030118480151159676,0.7
ADAMTSL4-AS1,Kupffer,-0.005464995013319563,-0.00016961643100978145,-0.008942169059843238,0.007419145761671324,0.55
ADIPOQ-AS1,Kupffer,0.0024366352375634194,0.002581385845736566,-0.0020526440419864006,0.006515787792923134,0.95
ADORA2A-AS1,Kupffer,-0.001028202261472393,0.0006848833265041374,-0.014093493025586554,0.031256737342528845,0.65
ADPGK-AS1,Kupffer,0.006515827044169043,0.0060153718487876255,-0.013920673672718258,0.017921694826629645,0.65
AFAP1-AS1,Kupffer,-0.0037847327077425246,-0.003027902419792998,-0.008729919063202732,0.0013070451170656017,0.85
AGAP2-AS1,Kupffer,0.007079857068188634,-0.00548963388480143,-0.02439731502129584,0.009269958496400547,0.6
AGBL5-AS1,Kupffer,0.002322103858739739,0.003451064144237682,0.0022749436787310095,0.006711150777844702,1.0
AIRN,Kupffer,-0.0009193797978531067,0.00018891686376882198,-0.0024560915735211625,0.008840306288607673,0.6
ALG13-AS1,Kupffer,-0.002558160746471496,-0.0007457107060626406,-0.0037568583527037734,0.007327395129603436,0.65
ALKBH3-AS1,Kupffer,0.010577110268024593,0.010584929438205045,-0.009561298154524465,0.010830879963135552,0.85
AP4B1-AS1,Kupffer,0.008308227424528282,0.006394466618363539,-0.0003633796323197562,0.009083933857424308,0.95
APOA1-AS,Kupffer,,,,,0.0
APOBEC3B-AS1,Kupffer,-0.01186254339219339,-0.010579501978993506,-0.014584491545982724,-0.0024247021447498214,1.0
AQP4-AS1,Kupffer,-0.0032774892478297946,-0.004480331407712713,-0.007816963024891434,0.0003073643865648815,0.85
ARAP1-AS1,Kupffer,-0.0027457369023739828,-0.00140292860546605,-0.0065537398336380165,0.010482120282992538,0.65
ARAP1-AS2,Kupffer,-0.011607488674168274,-0.008012744118005592,-0.013059722978760534,0.007273273845027612,0.65
ARHGAP26-AS1,Kupffer,-0.0018209425465536859,-0.0025756058735460613,-0.008502590411285033,0.0025894275475793183,0.95
ARHGAP31-AS1,Kupffer,-0.011271025782546327,-0.004900772855755835,-0.011522147957887844,0.002841411110205492,0.85
ARHGAP5-AS1,Kupffer,0.056903077048743214,0.055714029077327865,-0.06183735636464918,0.06422910539152414,0.65
ARIH2OS,Kupffer,0.021871784620231937,0.01588746406485443,-0.030030400591551414,0.024307677288716658,0.65
ARMCX3-AS1,Kupffer,,,,,0.0
ARSD-AS1,Kupffer,-0.001519662283785297,-0.0018781557184334337,-0.006207548409074131,0.00958581639850841,0.6
ASB16-AS1,Kupffer,0.012478033917364899,0.010160357400674393,-0.022606354160586213,0.012603693268902158,0.65
ASMTL-AS1,Kupffer,0.015474383870290456,0.01566091684934041,-0.013825958315641235,0.02391629484812145,0.85
ATP11A-AS1,Kupffer,0.007830998046760651,0.005524106721067418,0.0018230667380823937,0.008936587029984542,1.0
ATP1B3-AS1,Kupffer,0.006361677224626374,0.0048238014598306865,-0.004400241878088707,0.012983013831032284,0.65
ATP6V0E2-AS1,Kupffer,0.003352529055571566,0.0025687742550913406,-0.008165426605070667,0.008445086652825284,0.75
BACH1-IT2,Kupffer,-0.01107780703033209,-0.009536667169677788,-0.011650518890895134,0.013536867952260476,0.65
BCAR4,Kupffer,,,,,0.0
BCDIN3D-AS1,Kupffer,0.00038763975893323316,-0.0002260278225101101,-0.005178670918012249,0.004405974307093135,0.65
BDNF-AS,Kupffer,0.009550281956111906,0.008806293293399726,-0.016817245207884315,0.011224745280155077,0.65
BFSP2-AS1,Kupffer,-0.004628501217558072,-0.004202291093499939,-0.0078969498458326,-0.0019968547440052152,1.0
BHLHE40-AS1,Kupffer,0.023613953253949136,0.021130997899691556,-0.016713100141312387,0.02377101358734103,0.85
BLACE,Kupffer,0.0001873435453965793,-0.0008141700266087316,-0.006831859836661433,0.007283943801028882,0.65
BOK-AS1,Kupffer,-0.008243748177911554,-0.0019465941165393743,-0.008148252985025908,0.006129786171135137,0.6
BRWD1-AS1,Kupffer,-0.004552607669523403,-0.0005108992819688401,-0.00837744144797155,0.0045747223458181396,0.55
BSN-AS1,Kupffer,,,,,0.0
BTBD9-AS1,Kupffer,,,,,0.0
C10orf55,Kupffer,0.009276748600046292,0.007080982234239511,-0.01945816402567329,0.014826024819131327,0.65
C14orf178,Kupffer,0.008891621073754399,0.008291478295072426,-0.00715782849778702,0.013296001185629343,0.85
C1QTNF1-AS1,Kupffer,0.0077195298295661225,0.00770244121610574,-0.008772489982851002,0.007915546282380956,0.85
C1RL-AS1,Kupffer,-0.011282544442800748,-0.00948500631285289,-0.022414998665555196,0.04504090324039095,0.65
C1orf220,Kupffer,0.005757114289873033,0.00626566447191863,-0.007064889485163323,0.011246693289141392,0.65
C21orf91-OT1,Kupffer,-0.002203789674107398,-0.0034423874877611183,-0.011393472833448558,0.0021265710017311992,0.95
C2orf27A,Kupffer,0.010202211732676512,0.007470800211891679,-0.004682776255191988,0.01153054217506619,0.8
C5orf60,Kupffer,-0.0032116541188181207,-0.0026902001050082484,-0.009020777484286023,0.0010406462999345844,0.8
C5orf64,Kupffer,0.016861938642066355,0.01615260143601746,-0.016913941045470293,0.017618494233838423,0.85
C6orf47-AS1,Kupffer,0.004883547934592395,0.004151007100754808,0.0008539864736531623,0.0060443205684334944,1.0
C8orf44,Kupffer,-0.004939158186567986,-0.004712333082848656,-0.013497116900713587,0.005704215904280064,0.8
C9orf163,Kupffer,0.004382741178280785,0.001647106417081988,-0.0049420342068739525,0.007560218786180226,0.75
CACNA1C-AS1,Kupffer,0.013085421563378797,0.013089129295669927,-0.004552063939852753,0.015541709152480187,0.85
CACNA1C-AS2,Kupffer,0.020141606262043785,0.018356494599792963,-0.020493684521752948,0.02004703149928899,0.85
CACTIN-AS1,Kupffer,0.005310035331034969,0.005293700626989946,-0.008685036490367842,0.005584960968303841,0.65
CAHM,Kupffer,0.002480091444838403,0.0005533850078380002,-0.013501160397085668,0.018413105015566523,0.5
CASC11,Kupffer,0.011432610237318326,0.006398820073348363,-0.006719482698375756,0.011445740980390614,0.65
CASC15,Kupffer,0.002678431358741556,0.003960477578553117,-0.004848734327982484,0.010760961908251224,0.8
CASC18,Kupffer,,,,,0.0
CASC19,Kupffer,,,,,0.0
CASC2,Kupffer,0.008252149895876752,0.009497077619671772,-0.013700491152670071,0.01295423035892364,0.65
CASC20,Kupffer,,,,,0.0
CASC8,Kupffer,-0.016247621477617564,-0.004083644839228054,-0.022389930586108817,0.019901891660268716,0.55
CASK-AS1,Kupffer,0.004785314376411163,0.004742341539612472,-0.008380457085661387,0.004807429052663016,0.65
CCDC140,Kupffer,-0.007743867060746116,-0.006987852100889662,-0.008800018170752466,0.0030008515713986213,0.85
CCDC144NL,Kupffer,0.014783139557520805,0.014956084079787386,-0.013043454425982781,0.018834373947218506,0.7
CCDC148-AS1,Kupffer,-0.000260852658476777,-0.0015595872817990683,-0.008654377507354552,0.002668336733326592,0.95
CCDC183-AS1,Kupffer,0.010514956849233191,0.0094505042410116,-0.0049614035685965775,0.011701307051145957,0.85
CCDC26,Kupffer,0.05631949904143586,0.03898083550554961,-0.03151140303460533,0.05819633948504852,0.85
CCND2-AS1,Kupffer,0.014419949078959477,0.013178422659370527,-0.021717741354924526,0.01759844089341534,0.65
CCNT2-AS1,Kupffer,0.014209918076873551,0.013481016361537606,-0.003566169068383006,0.014991743963895124,0.8
CD27-AS1,Kupffer,0.04653292832169867,0.03599561122836248,-0.07256231353547216,0.0707654765230596,0.65
CDKN2B-AS1,Kupffer,0.008124294921242933,0.006798694846562956,-0.006675380607454433,0.009032844330804226,0.85
CELF2-AS1,Kupffer,0.004827602994166877,0.003573216577661366,-0.003692703233735415,0.005343571059261426,0.65
CERS6-AS1,Kupffer,-0.006221009848686601,-0.0012015470261058782,-0.008187345244779381,0.009266980614216163,0.6
CFLAR-AS1,Kupffer,-0.004530276790729903,-0.0014793465967512665,-0.006107329002254003,0.01229285703752704,0.55
CIRBP-AS1,Kupffer,-0.008220720986258713,-0.006311234615317476,-0.009229835086711765,0.001106673102717058,0.8
CKMT2-AS1,Kupffer,0.014646977483412184,0.01368645604234452,-0.02308332035796774,0.025456733517203615,0.65
CLLU1,Kupffer,0.007060384992430412,0.004791373073021394,-0.008428561166291093,0.007209293928477855,0.6
CLRN1-AS1,Kupffer,-0.0028442489293257823,0.0012570183022174808,-0.008886079001688085,0.006787195183260535,0.55
CLYBL-AS1,Kupffer,,,,,0.0
COL4A2-AS1,Kupffer,0.01583121029972937,0.017972124125690856,-0.01907279060221853,0.023576553728775092,0.85
COL4A2-AS2,Kupffer,0.007032993098173416,0.0038008784319556437,-0.027887461441985825,0.011161699198440175,0.6
COLCA1,Kupffer,,,,,0.0
CPB2-AS1,Kupffer,0.006430162612416586,0.007492928269207215,-0.00029723511949564225,0.015509419595437614,0.9
CRNDE,Kupffer,-0.005253401122077609,0.0030725697746627565,-0.007055173266888002,0.007368288402589145,0.6
CSNK1G2-AS1,Kupffer,0.005411439733635023,0.002138474470643967,-0.010314539359187577,0.005780410703120874,0.6
CTC-338M12.4,Kupffer,0.0032773990288732717,0.0025241947041306284,-0.005244518348174528,0.012172522030179192,0.65
CYP1B1-AS1,Kupffer,-0.035105504249644044,-0.02039136024332721,-0.03974832575698509,0.024603633487716346,0.65
CYP4A22-AS1,Kupffer,-0.00013689022043398386,0.002532144568475533,-0.0024361944542024734,0.007011444435212791,0.7
CYP4F35P,Kupffer,-0.0015250031528652765,0.0013012102530654804,-0.005397458826245633,0.00644111107992828,0.65
DAB1-AS1,Kupffer,,,,,0.0
DACT3-AS1,Kupffer,0.004733089963232767,0.0031164073156775187,-0.0076774986548510445,0.004892661114517637,0.85
DBH-AS1,Kupffer,0.007474220504137144,0.007508693842953879,-0.0008241170181674297,0.010216767802273341,0.85
DCTN1-AS1,Kupffer,0.005908136802301568,0.005890042976282476,-0.008698606859884042,0.006124257505289984,0.65
DDX11-AS1,Kupffer,0.01112127368658726,0.009543321794510746,-0.004121841095103473,0.0118786032929627,0.7
DDX39B-AS1,Kupffer,0.0015070941167235894,0.0006874743165426224,-0.0006182651767468584,0.0031713250157391977,0.7
DENND5B-AS1,Kupffer,0.011871879627680606,0.01167222875782443,-0.012660896430258337,0.013516042099254076,0.65
DGCR5,Kupffer,0.010241573859036637,0.010230911812800579,-0.011276134557013975,0.010411811370103406,0.8
DGUOK-AS1,Kupffer,-0.04143059225888365,-0.040600868545169325,-0.057852538009270885,0.0003543919007266407,0.95
DHRS4-AS1,Kupffer,-0.00891372234698582,-0.005139903105810569,-0.008480475735032208,0.004190731149141093,0.65
DIAPH2-AS1,Kupffer,0.0014949854888589463,0.001639248812310135,-0.0018938908206347384,0.005724543440079855,0.8
DICER1-AS1,Kupffer,0.010240599448832476,0.010773725480739547,-0.0048923791364877366,0.014980158281506605,0.65
DIO2-AS1,Kupffer,0.008274407160892446,0.008268375885558208,-0.007704451641292713,0.008317631305297,0.85
DIO3OS,Kupffer,0.009626686745677961,0.00734711646620939,0.0010591258458718389,0.009691728740189169,1.0
DIRC3,Kupffer,0.05037454242032337,0.04427026608887745,-0.049738891380297134,0.05687518697235326,0.65
DLEU1,Kupffer,0.04183522067081639,0.03924825929487912,-0.0325217260785246,0.04484500123384129,0.65
DLEU2L,Kupffer,0.012767623621129993,0.012164868242439515,0.0005618239983324406,0.01842329188927267,1.0
DLG1-AS1,Kupffer,0.001970796776068359,0.0017053784851944966,-0.003728380908210153,0.006206695805848173,0.85
DLG3-AS1,Kupffer,,,,,0.0
DLG5-AS1,Kupffer,-0.0015721524387579161,-0.0027321677292799253,-0.00836336847217491,-0.0014857041588777408,1.0
DLGAP1-AS1,Kupffer,0.006751583693529295,0.0014024840525768644,-0.025659505176402166,0.040415934765055665,0.65
DLGAP1-AS2,Kupffer,-0.0632205253251292,-0.014318138194050591,-0.07348641136859543,0.021931980598824126,0.65
DLGAP1-AS3,Kupffer,-0.0063587753879454315,-0.0040952021903520415,-0.006576630780535107,0.0020722557153590674,0.8
DLGAP1-AS5,Kupffer,,,,,0.0
DNAH10OS,Kupffer,-0.0002560579316389307,-0.00012706224799073168,-0.0035152043677004904,0.002847946413880068,0.6
DNAH17-AS1,Kupffer,-0.0022268413317973234,-0.0011486972766734048,-0.002902981758236973,0.007725481188776453,0.6
DNAJC27-AS1,Kupffer,-0.004118095757696466,-0.0038177463099991066,-0.010305832853486832,0.003175020379760453,0.95
DNAJC9-AS1,Kupffer,0.0042548343042371145,0.005037308413773211,-0.0011557874012091396,0.008751860765288643,0.85
DNM1P35,Kupffer,0.004078545741675334,0.005129640643758929,-0.013387568703320883,0.009940476270398195,0.65
DNM3OS,Kupffer,0.01616293731076659,0.015315375047286377,-0.012654526351075229,0.017638233366450685,0.8
DNMBP-AS1,Kupffer,0.05287207876026333,0.05175913994816314,-0.05236797695029072,0.056064590287967724,0.85
DOCK9-AS1,Kupffer,0.034101419480512755,0.03404543537029682,-0.03674716883869988,0.03468844700995381,0.85
DPP10-AS1,Kupffer,-0.008579824488706568,-0.002217236443960915,-0.011269020546636671,0.0070983833619258085,0.55
DPYD-AS1,Kupffer,0.002801024789385507,0.0029699004989225163,0.0001570644620765794,0.0072877910365153845,1.0
DPYD-AS2,Kupffer,0.0038833920136044685,0.005045299880783914,0.0016190607248518095,0.010160936145918207,1.0
DSCAM-AS1,Kupffer,0.005414708371415868,0.00413367414759706,-0.007813530236084025,0.009112467486193024,0.75
DSCR9,Kupffer,0.008244116532790915,0.006029779656578039,0.0002573468203361982,0.00860043487052561,1.0
EAF1-AS1,Kupffer,-0.002500046798657687,0.0004915851890590992,-0.007501157969965996,0.00959089418039452,0.55
EDNRB-AS1,Kupffer,0.00500856544565835,0.003263902560236958,-0.004201407453546925,0.009399064546028587,0.75
EDRF1-AS1,Kupffer,0.001299581860391868,0.0019818501638878185,-0.001717019729723757,0.006938476929445954,0.9
EFCAB14-AS1,Kupffer,0.008323159969894849,0.008322908666759603,-0.0073476011836426484,0.008336730339415194,0.85
EGOT,Kupffer,0.02149502901083687,0.021094951850108103,-0.025353158188586064,0.02486738159946745,0.65
ELFN2,Kupffer,0.006827906291728353,0.006823131532087236,-0.007571260977521914,0.006912344150205429,0.75
ELMO1-AS1,Kupffer,0.002700878811653958,0.0014919525991776194,-0.006002826620244189,0.006266122250044302,0.65
ENO1-AS1,Kupffer,-0.0015358390605694403,-0.002474695101271375,-0.011744069436067357,0.004935002543724699,0.8
ENTPD1-AS1,Kupffer,0.02400093957277696,0.02198988820753376,-0.022078189748562026,0.03136418329156107,0.65
ENTPD3-AS1,Kupffer,0.02958209849756591,0.017278209499061954,-0.00794126706102249,0.03217578964292192,0.85
EPB41L4A-AS1,Kupffer,0.01770076875377974,0.00998602269287007,-0.07266503106690501,0.04377401337601213,0.6
EPHA1-AS1,Kupffer,-0.02733339511368864,-0.026780120103810784,-0.04390315052898266,0.015861963283900504,0.85
EPN2-AS1,Kupffer,-0.006094180772002942,0.00044005083617699916,-0.009908946486116638,0.005230665590695874,0.5
EXTL3-AS1,Kupffer,-0.006070583086105256,-0.0024423833960362036,-0.008714540617359125,0.004687044506611928,0.65
EZR-AS1,Kupffer,-0.003189036836291233,0.0009011730571275261,-0.008983584619693034,0.006494678329242642,0.55
FAM106A,Kupffer,0.005786461449826355,0.00630392304376955,-0.010042310027776922,0.013912068767969903,0.85
FAM138B,Kupffer,0.007267686785306735,0.007257634659743353,-0.0086367862876883,0.007414447822571837,0.8
FAM13A-AS1,Kupffer,-0.0004885043895652312,0.0030296421701465986,-0.004106924080326214,0.017287398401383536,0.7
FAM182B,Kupffer,-0.0006722706055402167,-0.0013421838580104121,-0.005865003195646062,0.00046756604163614434,0.75
FAM201A,Kupffer,-0.016148904149697083,-0.0070278152853765225,-0.01600820672512879,0.00876922966143006,0.65
FAM215A,Kupffer,,,,,0.0
FAM218A,Kupffer,0.007839914572539759,0.0033602037673785214,-0.0010651640990342025,0.008209687060028482,0.7
FAM222A-AS1,Kupffer,,,,,0.0
FAM224B,Kupffer,0.006827403685449978,0.006821372410110552,-0.007519492530848736,0.006921391063221039,0.75
FAM225A,Kupffer,0.022731438182640423,0.019535252811810115,-0.01762451150662596,0.02843180721608173,0.85
FAM225B,Kupffer,-0.001629217858415477,4.79185696952182e-05,-0.010170082372448215,0.013227702826910798,0.5
FAM230A,Kupffer,0.002597385911009412,0.002568368836278346,-0.011354422958142504,0.013064620829606717,0.65
FAM230C,Kupffer,0.010504108031054078,0.008087157286753353,-0.014770458396335572,0.011574982359263412,0.65
FAM27E3,Kupffer,-0.0037612174925989025,-0.0018292025806391063,-0.009117589306100946,0.008958110967737144,0.6
FAM41C,Kupffer,0.006327799745887689,0.006914018353873137,-0.012995042829670378,0.017337101204459086,0.65
FAM53B-AS1,Kupffer,0.003749799774822117,0.00356886650825658,-0.0013633744490987806,0.0048072148210937535,0.85
FAM66B,Kupffer,0.00931300979612922,0.0088745211503119,-0.01173537780118613,0.012076661909672933,0.65
FAM66C,Kupffer,0.007016061183767859,0.004849188467889683,-0.024106191379072273,0.014847142345797143,0.65
FAM66D,Kupffer,0.010869912524468854,0.009537725264774735,-0.006119186605242702,0.011922014233327055,0.85
FAM66E,Kupffer,0.006053892623030402,0.006033788371897868,-0.008780029076979575,0.00617853898338365,0.65
FAM74A4,Kupffer,0.02144138622072123,0.021407378865855118,-0.022032897759696586,0.021748216523511627,0.85
FAM74A6,Kupffer,0.0063803416501067136,0.004610918345999712,-0.011580306512048418,0.008831074974118114,0.65
FAM83A-AS1,Kupffer,0.02088029526810561,0.018665994031470533,-0.025896516321733728,0.022293064763653548,0.65
FAM83C-AS1,Kupffer,-0.006962803426407709,-0.005254879845947519,-0.007871300074265185,0.001409295387660498,0.95
FAM85B,Kupffer,0.014858567759903029,0.014125712963601027,-0.010613076888435054,0.01693428662480069,0.65
FAM87A,Kupffer,,,,,0.0
FAM87B,Kupffer,0.015326628557579377,0.014439103979787623,-0.01984602056906615,0.01734100504481937,0.85
FAM99B,Kupffer,,,,,0.0
FARP1-AS1,Kupffer,0.012961053413779485,0.01342573848717836,-0.010670612613565996,0.015273726945397187,0.85
FBXL19-AS1,Kupffer,-0.005429451849840496,0.002641307991177175,-0.00840735952071626,0.010909621795415433,0.6
FENDRR,Kupffer,0.002590432758746259,0.002778658809998947,-0.0005018523692270865,0.006827906291797345,0.95
FGD5-AS1,Kupffer,0.029407210440162607,0.0286654737209367,-0.034700142079936075,0.0533148265879403,0.75
FGF13-AS1,Kupffer,0.011758806146173176,0.011749032499933514,-0.011486585910590073,0.011879999625037857,0.85
FGF14-AS2,Kupffer,0.03166357647491295,0.03113761389489557,-0.029585005130795802,0.032039051760746264,0.85
FLG-AS1,Kupffer,0.001395746482258006,0.002155616200893207,-0.0068672640789380545,0.0036277373511721792,0.75
FLNB-AS1,Kupffer,,,,,0.0
FOXD2-AS1,Kupffer,-0.002633096528210462,-0.003519683907130698,-0.007432757430528945,0.008994484545002988,0.85
FOXN3-AS1,Kupffer,-0.01824346262586803,-0.016396978015650834,-0.020074778711713835,-0.00023514945701809842,1.0
FOXN3-AS2,Kupffer,0.010680555086737568,0.010042391466722452,-0.011183475482141459,0.013176493691489292,0.8
FOXP1-AS1,Kupffer,0.0069417470273185206,0.00524335910010177,-0.00973886860548062,0.00727652150119692,0.65
FRY-AS1,Kupffer,-0.0020626141729389413,-0.0016571020486091023,-0.0256152492230391,0.047743285818050776,0.65
FTX,Kupffer,0.027179716179766108,0.024503904992085605,-0.03802485535178096,0.04908210654046326,0.75
GAS5-AS1,Kupffer,0.009624341538344978,0.009261355624810133,-0.00834867359199184,0.011360211445946452,0.85
GAS6-AS1,Kupffer,0.012849593298035611,0.011624443812464441,-0.016699939320204017,0.013168808824099126,0.85
GATA3-AS1,Kupffer,,,,,0.0
GATA6-AS1,Kupffer,0.0001482604061746119,0.004280540254796239,0.00020342046880926867,0.011394792899996217,1.0
GDNF-AS1,Kupffer,,,,,0.0
GFOD1-AS1,Kupffer,0.006236176267365439,0.005862107220847743,-0.010790288055399362,0.006849255386749199,0.65
GGNBP1,Kupffer,,,,,0.0
GHRLOS,Kupffer,0.02428151056190125,0.02368700281386433,-0.028210300386962314,0.02893366059777748,0.85
GK-AS1,Kupffer,0.007837152534453395,0.007763892753355053,-0.011690222440438977,0.01609458019999808,0.65
GNAS-AS1,Kupffer,0.004339502607492278,0.004304320168007775,-0.009029824397324726,0.004350559945619557,0.65
GNG12-AS1,Kupffer,0.021942459938112422,0.02192015597011002,-0.02336167491082901,0.021974251900657906,0.85
GOLGA8M,Kupffer,0.005355821449912196,0.004973222881743702,-0.014179485168689306,0.009928142035596593,0.65
GPR158-AS1,Kupffer,,,,,0.0
GRIK1-AS1,Kupffer,0.006694839009850432,0.006262463269415529,-0.011932385345274311,0.008434954966589315,0.65
GRM7-AS1,Kupffer,-0.02064296772133347,-0.010764222993530578,-0.025265115586818848,0.014826876932258442,0.6
GRPEL2-AS1,Kupffer,,,,,0.0
GS1-24F4.2,Kupffer,,,,,0.0
GS1-279B7.1,Kupffer,0.006064572483314294,0.006014282764998132,-0.011979509701694724,0.0062632384780752625,0.65
GSN-AS1,Kupffer,0.0473418938841635,0.04713506924093583,-0.049578886267351324,0.05042758494503937,0.65
GTSCR1,Kupffer,-0.002859327117677041,-0.003687622264450224,-0.007441588557633516,0.002338878317674759,0.95
HAND2-AS1,Kupffer,0.014993891420129642,0.013346790516504538,-0.008970903628269102,0.016974796512064995,0.85
HAR1A,Kupffer,0.0162324611837475,0.011289078223641011,-0.021949853666998243,0.016536285302538253,0.65
HAR1B,Kupffer,0.007346193317647777,0.006142797909386768,-0.008432202975672239,0.008461312444737846,0.65
HAS2-AS1,Kupffer,,,,,0.0
HCFC1-AS1,Kupffer,0.0007997696543825503,0.0006502261643409656,-0.004294885042260916,0.007079806645990874,0.6
HCG11,Kupffer,0.02386410450217688,0.023557246178004938,-0.01856626361200472,0.028132157929097908,0.75
HCG14,Kupffer,0.0026341736573186505,0.002010761670716862,-0.0030629332760924626,0.004276351193778979,0.6
HCG15,Kupffer,-0.004610119801253169,0.00024181467295491678,-0.006293666785091339,0.009073624703148379,0.55
HCG17,Kupffer,0.0021490154088778034,0.0024340894710213625,-0.0020871808284065804,0.010932099460224744,0.85
HCG18,Kupffer,0.01893851097817949,0.019166197318193322,-0.024036706968543386,0.04045234798369539,0.65
HCG20,Kupffer,-0.0003294438010577024,0.00021465179161957794,-0.0023570565107518524,0.0019297417450433046,0.55
HCG21,Kupffer,,,,,0.0
HCG22,Kupffer,,,,,0.0
HCG24,Kupffer,0.00514015440894412,0.005097684178424305,-0.00874836488144344,0.005488209259664668,0.65
HCG25,Kupffer,0.004828667984945444,0.0018538243495692084,-0.0008031274232484533,0.0069059735366364585,0.85
HCG27,Kupffer,-0.0030180689761449297,0.00450658536835721,-0.009553896688114696,0.014622652392943044,0.65
HCG9,Kupffer,-0.0014972206777852711,-0.0004992258848157795,-0.006381053962562103,0.005283308413203293,0.75
HDAC11-AS1,Kupffer,-0.0063678493310393115,-0.004550095882813667,-0.008483687974501986,0.0021863783031706445,0.95
HEXA-AS1,Kupffer,0.0003941552478856092,-0.0003380015436521334,-0.012642855218997058,0.00974151453780974,0.6
HHIP-AS1,Kupffer,0.015458416034133136,0.015432739192187035,-0.016814435909941403,0.016865689342136208,0.85
HIF1A-AS1,Kupffer,0.008055610093208744,0.0070029534047450345,-0.01168962761119673,0.010054715992491204,0.75
HLA-DQB1-AS1,Kupffer,0.0002408480207703858,0.0010853055393757584,-0.003372836708557092,0.005687772032313077,0.65
HM13-AS1,Kupffer,-0.003391683581535443,0.0004632040016503098,-0.004573067864331062,0.0031669677779426492,0.6
HMGA1P4,Kupffer,-0.0062543000732112495,-0.004475803506574349,-0.0061865316017082,0.002311766630034455,0.75
HMGN3-AS1,Kupffer,0.014167418195871573,0.013442906710098013,-0.018175642654051617,0.01736132131815547,0.65
HNF1A-AS1,Kupffer,-0.0030412705904488972,-0.0033885715288208946,-0.008043710879123775,-0.0013897063597235696,1.0
HNF4A-AS1,Kupffer,,,,,0.0
HOTAIRM1,Kupffer,-0.06967067933823687,-0.06461889878610713,-0.07128374792337944,0.08293578404533566,0.7
HOTTIP,Kupffer,0.003125282624283027,0.0026979454838598578,-0.0035807178472806794,0.0062409271119965,0.8
HOXA-AS2,Kupffer,-0.003702981619499651,-0.006614540621953963,-0.02001054903555983,-7.357583520707945e-05,1.0
HOXA-AS3,Kupffer,-0.002914613808298323,-0.0033174527413483154,-0.008613163792524465,-0.001433433105940819,1.0
HOXA10-AS,Kupffer,-0.01771972755586067,-0.0055776227571422785,-0.016852874691513694,0.011440585558157253,0.65
HOXA11-AS,Kupffer,,,,,0.0
HOXB-AS1,Kupffer,0.04426530446044953,0.03661561586956008,-0.0927744625417998,0.05880109778631544,0.65
HOXB-AS2,Kupffer,,,,,0.0
HOXB-AS3,Kupffer,0.009995032182853981,0.008315624146589935,-0.015172459963198126,0.014288015665906604,0.85
HOXC-AS2,Kupffer,0.005340191707737487,0.005310537937315524,-0.009004694083416103,0.005432168659595745,0.65
HOXD-AS2,Kupffer,,,,,0.0
HULC,Kupffer,0.03689929291447432,0.035471478859443184,-0.04165912313286316,0.03993890315578189,0.75
HYI-AS1,Kupffer,-0.012122291230041179,-0.012895192025348652,-0.01588514745692676,-0.00025345288520457494,1.0
IDH1-AS1,Kupffer,0.018721897526501257,0.018148164413915716,-0.021443798225186956,0.027710451257706492,0.8
IDI2-AS1,Kupffer,7.557251520214022e-06,-0.005520461661751577,-0.01165694757815827,0.0016942431779747834,0.7
IFNG-AS1,Kupffer,0.005737682462975712,0.005555319680937929,0.00044954113054898,0.012049011432109454,1.0
IGBP1-AS1,Kupffer,0.0006162366881442816,-0.0005156309401599001,-0.00825928913568474,0.005112167237843968,0.6
IGBP1-AS2,Kupffer,,,,,0.0
IGFBP7-AS1,Kupffer,0.006134812233848824,0.006113200163881197,-0.008601101241877124,0.006164968613860233,0.65
IL12A-AS1,Kupffer,0.006859067880987622,0.006848261846006445,-0.00741746345633752,0.007001305461525603,0.75
IL20RB-AS1,Kupffer,,,,,0.0
IL21-AS1,Kupffer,,,,,0.0
IL21R-AS1,Kupffer,0.008259617913397483,0.007171580212170485,0.0027231755499787335,0.008423258510445737,1.0
INHBA-AS1,Kupffer,-0.0036000631115391383,-0.005979252492173867,-0.04404935625743429,0.015869540412315915,0.9
INTS6-AS1,Kupffer,0.007209082353949516,0.007841747512187119,-0.014609893372091414,0.017099525667384256,0.65
IPO9-AS1,Kupffer,-0.009890680679479518,-0.008261865771250827,-0.021004886100362493,0.0034680854203118453,0.95
IQCH-AS1,Kupffer,0.03906843504568495,0.03529398338228805,-0.05255683603507048,0.052323044772181054,0.65
ISM1-AS1,Kupffer,,,,,0.0
ITCH-AS1,Kupffer,0.009127371037121038,0.007351685876561643,-0.0017011874380486254,0.009359013965715724,0.7
ITGB2-AS1,Kupffer,-0.051779852955429674,-0.051461623248191576,-0.08542938541375826,0.07383360672416152,0.85
ITIH4-AS1,Kupffer,0.004546016820499014,0.004823056321023235,0.0005396323055477495,0.008989968892918474,1.0
ITPK1-AS1,Kupffer,0.009261665944403913,0.0038382078325367745,-0.011650941482740724,0.010349747432823584,0.6
ITPKB-AS1,Kupffer,0.020576979388337305,0.01479853897871254,-0.019656020381815163,0.02232423916145266,0.65
JARID2-AS1,Kupffer,-0.01978828967247284,-0.0024261094594241164,-0.022132598175150668,0.007751019281438438,0.55
JAZF1-AS1,Kupffer,-0.026277998499532804,-0.015028679993604896,-0.031682621998691395,0.016309436283989773,0.7
JMJD1C-AS1,Kupffer,0.022191424578290694,0.01958376891689391,-0.020733142365820707,0.022180504667747604,0.8
JPX,Kupffer,0.03174449001783567,0.028538841499085373,-0.029190108851943487,0.04763512908711431,0.65
KANSL1-AS1,Kupffer,0.05387821685926862,0.022468963055045258,-0.002360347270754337,0.05972983133072622,0.9
KBTBD11-OT1,Kupffer,-0.009165030283671423,-0.002509989837315542,-0.012947950689996754,0.008936004505724557,0.6
KCNIP2-AS1,Kupffer,0.008409464930312258,0.006693196714135761,-0.012272438150963782,0.00994326616523839,0.75
KCNJ2-AS1,Kupffer,0.012450552039392375,0.012557234311129406,-0.0027826159373642934,0.038236816410776565,0.95
KCNQ1-AS1,Kupffer,0.008453837602272425,0.008441021142175988,-0.008897136339901131,0.008607635128075195,0.85
KCNQ1OT1,Kupffer,0.061878534026933975,0.05325789105081916,0.024190236821403203,0.06543193077971407,1.0
KCNQ5-AS1,Kupffer,,,,,0.0
KCTD21-AS1,Kupffer,0.012414012718159763,0.00966970265460398,-0.0002447451115169212,0.01672375642238362,0.95
KDM4A-AS1,Kupffer,-0.0007357208137058915,-0.000507407819137036,-0.004112768972357583,0.004116187176895348,0.65
KIAA0087,Kupffer,-0.004543560756512647,-0.00042118406127878804,-0.008350300708939246,0.004553612882126164,0.55
KIF25-AS1,Kupffer,,,,,0.0
KIF9-AS1,Kupffer,-0.0036955750347736176,-0.001671613464508487,-0.014914745948081735,0.0110529484342634,0.7
KLHL6-AS1,Kupffer,0.025440343270542946,0.024393242400485085,-0.026327494312965567,0.02999902987204775,0.65
KMT2E-AS1,Kupffer,-0.012766481504374604,-0.0025374717875764475,-0.0188012907383388,0.03251902735268911,0.5
KRTAP5-AS1,Kupffer,0.009668058059376596,0.00864774902871078,-0.009817587984183643,0.011029759195354715,0.65
KTN1-AS1,Kupffer,0.006588102366454079,0.003688441861575444,-0.016105129643321756,0.008422467047226146,0.6
LAMTOR5-AS1,Kupffer,0.004876665531722215,0.005193974907366618,-0.005459697936212155,0.01318124812634035,0.85
LATS2-AS1,Kupffer,-0.010849166674443902,-0.008473720080124626,-0.015630489550779433,0.007023509385052114,0.75
LBX2-AS1,Kupffer,-0.00729586402477282,-0.010687527675809811,-0.02291112624129469,0.014344635109671234,0.95
LDLRAD4-AS1,Kupffer,-0.0038572894240253754,-0.0023584784613015996,-0.004703288274724089,0.004364729372144018,0.75
LEMD1-AS1,Kupffer,,,,,0.0
LENG8-AS1,Kupffer,-0.004088854989875265,-0.005379334809203782,-0.009114042977895679,0.009920219157406053,0.75
LGALS8-AS1,Kupffer,0.004919418235128091,0.006950730546608124,-0.005201002341340725,0.016064807699260664,0.85
LIFR-AS1,Kupffer,0.0010446737499607119,-0.0007913795390683132,-0.008392686226249526,0.0015070635358577788,0.7
LIMD1-AS1,Kupffer,0.002174240886986945,0.0015471416475055285,-0.0006680881489879019,0.0035959971198617617,0.95
LINC-PINT,Kupffer,0.11270491544222015,0.10990955446694581,-0.09463269349103803,0.11774279231851395,0.65
LINC-ROR,Kupffer,-0.008631625650856244,-0.005950565206306036,-0.009399742597110657,0.006238400937533247,0.65
LINC00092,Kupffer,0.010712300105228948,0.010509505345072525,-0.012931566714879007,0.012053968695616313,0.65
LINC00102,Kupffer,0.005670553911277045,0.007614982470168609,-0.001098477863239437,0.011621764597508475,0.85
LINC00106,Kupffer,0.003848142252457787,0.00405500012835403,0.000952877041906062,0.009682754685578625,1.0
LINC00114,Kupffer,0.006932006549038343,0.003915361252085788,-0.007360259793661601,0.007203695438824332,0.65
LINC00115,Kupffer,0.0064996576085631945,0.004148017829087091,-0.02185328524831734,0.014556868400801296,0.65
LINC00158,Kupffer,0.004953047532683154,0.0004181227938469468,-0.017726060235329442,0.010063197249881296,0.5
LINC00159,Kupffer,0.006380586703974344,0.006363498090512195,-0.008033156147310353,0.00650875130845345,0.65
LINC00161,Kupffer,,,,,0.0
LINC00174,Kupffer,0.029408774862950408,0.02686594607250959,-0.02638499097494867,0.030132486354719545,0.8
LINC00184,Kupffer,0.005718654235354082,0.006044594406882938,0.004053017030993716,0.00883883401161284,1.0
LINC00200,Kupffer,-0.0036306264935420073,-0.0025635059941863008,-0.006206466537816896,0.004379986911871547,0.65
LINC00205,Kupffer,-0.0006381720159799666,-0.002334305055899039,-0.013003752342592633,0.012885955117078563,0.6
LINC00221,Kupffer,0.007860167990177486,0.006537175229429481,-0.007532033201169303,0.007947835405125744,0.65
LINC00222,Kupffer,0.008681460884784132,0.007886904343120633,-0.01776289688543708,0.009834139564645477,0.65
LINC00226,Kupffer,,,,,0.0
LINC00237,Kupffer,0.004086466223921524,0.0028621442993841386,-0.008320467676219242,0.004321872248404491,0.6
LINC00240,Kupffer,,,,,0.0
LINC00242,Kupffer,0.004448533673547279,0.003443985885497023,-0.0031770207243828744,0.004522811241820801,0.75
LINC00261,Kupffer,0.013184408698964341,0.011700321718949261,-0.019147663020599816,0.016028182885943064,0.65
LINC00265,Kupffer,0.005111802856544167,0.0055150461799893255,-0.0009181137131152358,0.010932744287624922,0.85
LINC00276,Kupffer,-0.002362752114642252,-0.0032038637215048137,-0.007851212674509871,0.0026228508651092147,0.95
LINC00278,Kupffer,-0.011760190741411394,-0.011369882802124393,-0.019629311959990195,0.015501407139927464,0.75
LINC00298,Kupffer,0.0016455329554007087,0.0017470594236334005,-0.005750821040256708,0.005242686089785654,0.9
LINC00299,Kupffer,0.0017940211832989728,0.0009090560753287794,-0.001441646246630231,0.0034046046379612015,0.7
LINC00304,Kupffer,-0.011845868266548503,-0.005246923429689613,-0.010518159061881891,0.007524916514517253,0.65
LINC00305,Kupffer,,,,,0.0
LINC00309,Kupffer,-0.0019970581788020204,-0.0018224060868940878,-0.009856341829428825,0.009977240500746758,0.7
LINC00310,Kupffer,0.01032455851682345,0.00825704771497138,-0.011218590978881633,0.011664222455222882,0.85
LINC00311,Kupffer,0.013558427175788534,0.012857865474191675,-0.014465329939043722,0.01465037664795867,0.65
LINC00313,Kupffer,0.013407638597294904,0.013067077124732037,-0.008325326304100598,0.014768265132653596,0.65
LINC00315,Kupffer,,,,,0.0
LINC00319,Kupffer,0.003993076276988508,0.0024888063456084404,-0.007933139473486396,0.0077607833031400055,0.85
LINC00322,Kupffer,,,,,0.0
LINC00323,Kupffer,0.008621634212486521,0.007933108187856806,-0.005481987666616247,0.008698283158396606,0.85
LINC00324,Kupffer,-0.007915025732696151,-0.004929754782518154,-0.01730277596727175,0.023222161484813163,0.7
LINC00327,Kupffer,0.023021797683833348,0.022547220648760358,-0.02019185205074693,0.023548690663388213,0.85
LINC00330,Kupffer,0.005996500789961697,0.002866277569622181,-0.00793012841942972,0.008792182481879632,0.55
LINC00332,Kupffer,0.004064074366942619,0.003997981641337908,-0.008289987955547733,0.0043440260663292025,0.65
LINC00333,Kupffer,,,,,0.0
LINC00334,Kupffer,,,,,0.0
LINC00336,Kupffer,,,,,0.0
LINC00339,Kupffer,0.007922384669939239,0.005222754297955072,-0.023692416895526126,0.023910918995951706,0.65
LINC00342,Kupffer,0.12309634331553068,0.12335635643757512,-0.13297811311293595,0.12805084289571686,0.85
LINC00355,Kupffer,0.002502773882932307,0.002140515816375555,-0.009477534532723084,0.005319520886185803,0.85
LINC00359,Kupffer,-0.008175124529211328,-0.005699024737479118,-0.008914779735524979,0.005389723487308538,0.65
LINC00379,Kupffer,0.021488474585014728,0.01772958775445825,-0.010759813854545846,0.02202379441813569,0.65
LINC00381,Kupffer,,,,,0.0
LINC00384,Kupffer,,,,,0.0
LINC00393,Kupffer,,,,,0.0
LINC00398,Kupffer,0.005886022126053055,0.0058646613592254395,-0.008894623308451371,0.006094603734849925,0.65
LINC00399,Kupffer,-0.01400754586957687,-0.005816477654797179,-0.016054201480897982,0.007271028882567977,0.65
LINC00402,Kupffer,0.0051726851040214345,0.003538150201173852,-0.008621916231485376,0.007633545880496627,0.8
LINC00407,Kupffer,,,,,0.0
LINC00412,Kupffer,0.0020688008120171397,0.0009932444539999087,-0.011744462240411885,0.006474541790897443,0.65
LINC00426,Kupffer,0.008549780686217688,0.00827735159259577,0.0010389061229327786,0.010093566238874786,1.0
LINC00427,Kupffer,,,,,0.0
LINC00449,Kupffer,0.019279859066952263,0.018996274052049376,-0.011518367724456618,0.02130015020604628,0.7
LINC00461,Kupffer,0.0048501505863215765,0.00482753330379667,-0.008843860074325163,0.00502304714877867,0.65
LINC00462,Kupffer,-0.004886390153426194,-0.0033881531361125133,-0.009361842199122226,0.006349130791601661,0.65
LINC00469,Kupffer,,,,,0.0
LINC00470,Kupffer,0.0029242669754922304,0.00022619344827307593,-0.009193512882578244,0.005481497832661135,0.55
LINC00472,Kupffer,0.03537088050002925,0.035321041648319285,-0.03823441813467687,0.036033063896239094,0.8
LINC00479,Kupffer,,,,,0.0
LINC00482,Kupffer,-0.061088226596371094,-0.04823806757719772,-0.07094907542366899,0.05906894410894739,0.65
LINC00484,Kupffer,0.0003426275092921316,0.0011771552934975622,-0.03959670486075738,0.02055381459699294,0.6
LINC00485,Kupffer,0.008294008805749084,0.008281694951930981,-0.008936339629618803,0.008387996184307307,0.85
LINC00486,Kupffer,,,,,0.0
LINC00487,Kupffer,0.03335902285718052,0.031867357018384446,-0.0354938040144169,0.033492430905977845,0.85
LINC00491,Kupffer,,,,,0.0
LINC00494,Kupffer,-0.004256572571560355,-7.53909417563464e-06,-0.009086618906749215,0.006694213021760003,0.5
LINC00500,Kupffer,,,,,0.0
LINC00501,Kupffer,-0.000827253961966805,0.002307371968394518,-0.0032127964431712982,0.0091615550119366,0.7
LINC00504,Kupffer,0.020789620182021636,0.02045028455022422,-0.015071868539537545,0.022032339367680225,0.7
LINC00507,Kupffer,0.007897452452110976,0.007898206361534026,-0.007094790225617322,0.00799797370781634,0.85
LINC00511,Kupffer,0.002838039781210074,0.0034416065986237736,-0.0018102328594360112,0.009591693505486361,0.85
LINC00525,Kupffer,,,,,0.0
LINC00526,Kupffer,0.011743902012954052,0.01136952151831323,-0.010674675380583112,0.015881741611877703,0.65
LINC00528,Kupffer,-0.027813618633350145,-0.02420424540309197,-0.029038790163798133,0.014485547138067366,0.85
LINC00534,Kupffer,,,,,0.0
LINC00543,Kupffer,0.010419658886591425,0.008108662486793561,-0.018510941800577312,0.011278076295377859,0.65
LINC00544,Kupffer,0.001213346231362737,-0.00024881271692930114,-0.0032326110368814595,0.00344842727544025,0.65
LINC00545,Kupffer,0.013580404293948243,0.013550951169348107,0.005208591391506448,0.013674423373136827,1.0
LINC00551,Kupffer,,,,,0.0
LINC00562,Kupffer,0.0023008528087804757,0.0027115737474250985,-0.009198156921163077,0.00932362466350897,0.65
LINC00563,Kupffer,-0.00031846897552563166,-0.002582772427291018,-0.008277722984191414,0.0010064837571119622,0.7
LINC00570,Kupffer,,,,,0.0
LINC00571,Kupffer,0.013857059168663059,0.01390693277202655,-0.014453291096400481,0.016862311474048916,0.85
LINC00574,Kupffer,-0.0009091463513503299,5.781267541683126e-05,-0.0023869082259060986,0.004394571107917884,0.6
LINC00578,Kupffer,0.00873019965184726,0.007171037589243757,-0.0168463083530564,0.01176356856163886,0.65
LINC00582,Kupffer,-0.00015567161972288842,-0.0016076739034005987,-0.01201363347805995,0.004218600129907192,0.9
LINC00592,Kupffer,-0.0032061739474628765,0.001401159594695727,-0.0065374921882374445,0.01089383633596301,0.6
LINC00595,Kupffer,0.004667594001663086,-0.001184957851516124,-0.012580642776622726,0.007339408192697422,0.55
LINC00598,Kupffer,,,,,0.0
LINC00601,Kupffer,,,,,0.0
LINC00604,Kupffer,0.010884195601324597,0.01087051264967397,-0.010352834212620796,0.011094593970067417,0.85
LINC00607,Kupffer,-0.0069867456855813295,0.0004477907767550225,-0.0069206820586643035,0.022743474719027715,0.5
LINC00608,Kupffer,0.004995589317772679,0.004561655631876115,-0.01063294803123437,0.006209608624202685,0.6
LINC00621,Kupffer,0.00878469752406125,0.008626061222737888,-0.018231972177851136,0.01184265673586713,0.65
LINC00623,Kupffer,-0.005873439909196279,-0.005038971298200293,-0.008164665749783107,0.003998064118731755,0.95
LINC00629,Kupffer,0.00577026838442415,0.006118210449025913,-0.01467352324202991,0.010794765937341796,0.65
LINC00630,Kupffer,0.00733119045951615,0.005686338795796081,-0.014170939905954274,0.01426407779909972,0.75
LINC00632,Kupffer,-0.000260852658476777,-0.0015595872817990683,-0.008654377507354552,0.002668336733326592,0.95
LINC00636,Kupffer,,,,,0.0
LINC00638,Kupffer,0.01591629246708752,0.01468987534075724,-0.015386012160071322,0.017195786845302246,0.65
LINC00639,Kupffer,0.0302209377579624,0.028881887465786585,-0.023631436996683644,0.030715066568896984,0.85
LINC00640,Kupffer,0.008779635110116308,0.007106230677599352,-0.008703568591104348,0.008829893073346957,0.65
LINC00642,Kupffer,0.004947153598048007,0.004890107785457199,-0.00844881153953029,0.004960221361289211,0.65
LINC00648,Kupffer,0.011858245305394656,0.0028236114263098747,-0.016608450845773177,0.01569828320162575,0.65
LINC00649,Kupffer,0.01120171381120584,0.01025239588683423,-0.0010393679918060158,0.018381679654915255,0.85
LINC00654,Kupffer,0.019348070732378774,0.01858376561119712,-0.030483953479208882,0.025688758323812257,0.85
LINC00656,Kupffer,-0.032407720231683514,-0.015876703334616358,-0.03498725189315885,0.016791224718231208,0.7
LINC00659,Kupffer,-0.004462784824451577,-0.0020043809973366135,-0.00922494972371551,0.01720609474168677,0.55
LINC00662,Kupffer,0.024129563874115106,0.023711145879572626,-0.027542775216339764,0.035029370999127174,0.65
LINC00663,Kupffer,0.013451336095924573,0.013638618976630709,-0.012863020180782475,0.019459081086657785,0.65
LINC00664,Kupffer,-0.0007129571082939805,0.010036784017761716,-0.018217984230588635,0.021301313162137177,0.7
LINC00665,Kupffer,0.020487218168692044,0.017342419663648828,-0.024796986402369454,0.026054748812763696,0.65
LINC00667,Kupffer,0.03928051098734979,0.036839652995193525,-0.03443085837366117,0.05495070454059574,0.65
LINC00671,Kupffer,-0.001588899881976275,0.0058498263407666,-0.01228129453268423,0.025647970357062202,0.7
LINC00677,Kupffer,-0.0076363241864037855,0.00038514884343098367,-0.010437658354337203,0.009044599033322697,0.5
LINC00678,Kupffer,0.0073078952875767576,0.007300356193403665,-0.008151268622772863,0.007378260170509393,0.85
LINC00682,Kupffer,0.0044944878149961376,0.003344082993741466,-0.004172641079662291,0.004607144906925452,0.65
LINC00683,Kupffer,-0.007129393684997942,-0.0041868974815966594,-0.011438744973873191,0.005921671068734749,0.6
LINC00685,Kupffer,0.009864388898002339,0.009740410887429753,-0.0623214642252103,0.03304611259418963,0.65
LINC00686,Kupffer,-0.001734015378419183,-0.001804635172342581,-0.0105494181361266,0.006270668992438179,0.65
LINC00687,Kupffer,-0.001436335230186583,0.0015661736357992682,-0.005222517269508508,0.010191810054556723,0.65
LINC00691,Kupffer,0.003498387187926645,-0.0006725140341075265,-0.006251263398107356,0.004017360565609995,0.55
LINC00692,Kupffer,,,,,0.0
LINC00702,Kupffer,0.009832464134933057,0.009789226036265737,-0.008171077612141968,0.010272388195834623,0.85
LINC00707,Kupffer,0.005849834474010033,0.005820432006727468,-0.009035855672673811,0.005858378780746483,0.65
LINC00838,Kupffer,0.011063992231224899,0.011034393035151229,-0.013731690702281932,0.011261317561664718,0.65
LINC00839,Kupffer,-0.0011581732773055641,-0.0007935215043179785,-0.004604380457211547,0.0055329686843492275,0.6
LINC00842,Kupffer,0.006058918685814155,0.0060292649153930586,-0.007309905712724881,0.006162958188745653,0.65
LINC00844,Kupffer,0.03537305096574522,0.03458697182952929,-0.03650562354377372,0.037025003824586865,0.75
LINC00847,Kupffer,0.04875232304386349,0.03611797372095525,-0.05721961640006089,0.06715488074331374,0.65
LINC00852,Kupffer,0.02040683229377123,0.019344953351739212,-0.029861868798156034,0.03417546096040836,0.7
LINC00853,Kupffer,0.024350678483610447,0.02321434968830248,-0.014340654675265047,0.02668003429688152,0.85
LINC00861,Kupffer,0.01291126666589965,0.009844300475184916,0.005221652790585712,0.016246246022358576,1.0
LINC00862,Kupffer,-0.007105170932341918,-0.004546646580013159,-0.012669878818872755,0.012015698863494292,0.6
LINC00863,Kupffer,-0.003203369635070975,-0.002942404501876068,-0.004839753512610636,0.012067354624189902,0.65
LINC00865,Kupffer,0.04926974032151828,0.04722296978900164,-0.05515020179334203,0.05272620084932779,0.65
LINC00867,Kupffer,-0.008503753202647358,-0.005591316695611413,-0.009468175558711206,0.0046834290000213295,0.65
LINC00868,Kupffer,,,,,0.0
LINC00869,Kupffer,-0.0077369434297494336,-0.008145374026020932,-0.012885812086862989,0.00462405294776377,0.75
LINC00870,Kupffer,,,,,0.0
LINC00871,Kupffer,,,,,0.0
LINC00877,Kupffer,-0.08695560546772209,-0.08424783637616265,-0.10604268672711473,0.12378391213537203,0.65
LINC00880,Kupffer,-0.006412753505790361,-0.002288366385444298,-0.008125635702497464,0.002754282405524435,0.65
LINC00881,Kupffer,0.01700837691835973,0.01587301399070123,-0.01729318366361295,0.019073325856604383,0.8
LINC00882,Kupffer,0.005287265219833984,0.004348770052818979,-0.005691833837936588,0.008662820285145558,0.65
LINC00885,Kupffer,0.0069136859648224625,0.004428254864210048,-0.01669418389779759,0.007183992739002311,0.6
LINC00886,Kupffer,0.006694859005201508,0.005565157666553938,-0.021247582822439087,0.015899529843482172,0.65
LINC00887,Kupffer,0.006173867695869385,0.00669261275504303,-0.009674907596684656,0.010883015178993165,0.85
LINC00896,Kupffer,0.004133766875741162,0.0022298733150988414,-0.0016789295111352825,0.01200523896421423,0.75
LINC00900,Kupffer,0.029479693370870936,0.01901049731042647,-0.0345205404929641,0.0342685084563032,0.65
LINC00907,Kupffer,0.003597198671718261,0.004556847458575174,-0.004023594934452952,0.009979822642981336,0.85
LINC00910,Kupffer,0.04616045789630105,0.044955123773891874,-0.038509520193740335,0.05282602636151865,0.7
LINC00920,Kupffer,0.04183228448094222,0.03716562726771351,-0.03889435241425165,0.05071843665753079,0.65
LINC00923,Kupffer,0.027349603176463556,0.026764329075954343,-0.030306380921450087,0.02930270438687725,0.65
LINC00924,Kupffer,0.004100281108571701,0.002033356063800112,-0.0047465056463109,0.004080559923253152,0.6
LINC00926,Kupffer,0.008002542702952456,0.005606378837683168,-0.016278732664589277,0.019054051928536167,0.65
LINC00929,Kupffer,,,,,0.0
LINC00937,Kupffer,-0.17436892400662748,-0.11189791817256031,-0.1854116049241352,0.019240308899890205,0.85
LINC00938,Kupffer,-0.005287739248774639,-0.006395864375919606,-0.019504180249585428,0.020097750806642976,0.8
LINC00939,Kupffer,0.003936914978513669,0.0038203103219321723,-0.008671466120835762,0.004241996991764256,0.6
LINC00940,Kupffer,,,,,0.0
LINC00941,Kupffer,0.0032136569107228713,0.0025968409745492265,-0.006311102109024782,0.0070156675380149735,0.85
LINC00943,Kupffer,0.004710426040933245,0.0046863009395731545,-0.009002181052013981,0.004725504229287786,0.65
LINC00944,Kupffer,0.007052998720324358,0.005161929926679068,-0.012620312507343868,0.007909209055958053,0.6
LINC00951,Kupffer,,,,,0.0
LINC00954,Kupffer,-0.005032763264916237,-0.004424635277282296,-0.013830075304713365,0.030621071822437715,0.75
LINC00957,Kupffer,0.011560025792391982,0.008962582106515064,-0.0007251240897687449,0.014518703422967488,0.8
LINC00958,Kupffer,0.006417217226051179,0.005345632325419947,-0.0016572768239590543,0.008438212992330036,0.8
LINC00960,Kupffer,0.011230758443262911,0.007966028817631301,-0.015307991051313306,0.020005320523754335,0.65
LINC00964,Kupffer,0.0017486846586075983,6.299259843839339e-05,-0.007491239112401116,0.004094428927497429,0.5
LINC00968,Kupffer,-0.020736762776010203,-0.016808587710918005,-0.02263664966040769,0.0169288993996436,0.85
LINC00970,Kupffer,0.016542158281597243,0.016517657256380755,-0.017491319056602034,0.01681707139755224,0.85
LINC00971,Kupffer,0.0075382238492823295,0.00833408442109608,-0.012844294707744496,0.013867775120957621,0.85
LINC00987,Kupffer,0.049821908194264214,0.048845791369020286,-0.049485804683785675,0.052877763558188275,0.65
LINC00989,Kupffer,-0.0030085861021232102,-0.0019472108993026029,-0.006195512684719304,0.00011921216738948717,0.95
LINC00992,Kupffer,,,,,0.0
LINC00996,Kupffer,0.050294386368125235,0.049530467978313626,-0.054424359861660464,0.054030712856986574,0.65
LINC01001,Kupffer,-0.059930166831224325,-0.02985934302636601,-0.07302215521059821,0.05964878028081814,0.6
LINC01003,Kupffer,-0.020200885413100472,-0.013571036923057812,-0.02106195801474235,0.024889665457483487,0.85
LINC01004,Kupffer,-0.011187575308276779,-0.005704405970063931,-0.015503562175465993,0.011820570520472267,0.75
LINC01010,Kupffer,0.037232810502231754,0.035929928973266495,-0.06633943257900579,0.05630182295666065,0.65
LINC01011,Kupffer,0.01720451800417684,0.015995644643813645,-0.01831348022436003,0.017397930381077686,0.65
LINC01013,Kupffer,0.03561364133413115,0.03514168913622797,-0.03955722759064555,0.036198075122875074,0.85
LINC01018,Kupffer,0.00624869356596863,0.00407999939601854,-0.01139785129498448,0.008505892031997744,0.65
LINC01023,Kupffer,0.003310468770562829,0.003861758667907019,-0.015819209048854036,0.016749314526192962,0.65
LINC01030,Kupffer,9.483823333943834e-05,0.0026463546962684687,-0.0004950317127143728,0.006585084573464318,0.95
LINC01031,Kupffer,0.0018725355862698042,0.00393149515876929,-0.0022496153816681567,0.008613943652984346,0.75
LINC01036,Kupffer,,,,,0.0
LINC01048,Kupffer,,,,,0.0
LINC01050,Kupffer,0.0029473660001902977,0.00026899680095635915,-0.00729733963353406,0.007907086092222269,0.7
LINC01054,Kupffer,,,,,0.0
LINC01058,Kupffer,,,,,0.0
LINC01063,Kupffer,-0.009832168270270381,-0.0023243985996624795,-0.009531206852426182,0.0037214965908566686,0.8
LINC01068,Kupffer,,,,,0.0
LINC01072,Kupffer,,,,,0.0
LINC01085,Kupffer,-0.0021847573139030427,-0.004339707482220146,-0.017391846080726494,0.004040454367150188,0.95
LINC01087,Kupffer,0.008961469943431472,0.008949658695891066,-0.007842668367857714,0.00907053551070729,0.85
LINC01088,Kupffer,-0.000134600231457137,0.0004824269258205077,-0.002489181266059302,0.0039036270468967797,0.65
LINC01090,Kupffer,,,,,0.0
LINC01091,Kupffer,0.00462787783548937,0.005855989700112284,-0.010708625379338444,0.009995809467904028,0.85
LINC01093,Kupffer,0.003558591451945485,0.004271694094320101,0.0006314698066242412,0.010133083330912588,1.0
LINC01094,Kupffer,0.047851563469472135,0.04489187062306822,-0.031428304204283615,0.06757505997884668,0.65
LINC01095,Kupffer,0.007872116633162965,0.008314123968399808,-0.010684000493561259,0.019184509488133467,0.9
LINC01099,Kupffer,0.0047878227707966806,0.0038660644576926934,-0.008237755790370976,0.006908913038341311,0.7
LINC01102,Kupffer,-0.005943319241787837,0.00010529601531977318,-0.008882058151452663,0.005437194719526067,0.5
LINC01104,Kupffer,0.0075051675081086715,0.006637071813103289,-0.0064298946616312075,0.007637494512659298,0.7
LINC01106,Kupffer,0.002721935107100371,0.0005653007279014573,-0.007809110327678085,0.0027155392002005166,0.55
LINC01111,Kupffer,,,,,0.0
LINC01114,Kupffer,0.009888718503988873,0.008570547312539294,-0.02153206424557011,0.014619647781953004,0.65
LINC01115,Kupffer,0.0034020030957391113,0.003275425516517785,-0.0003705745493788888,0.005863773560370739,0.8
LINC01116,Kupffer,0.010964778639354451,0.006355846168244524,-0.01667214478961815,0.014313541489796917,0.65
LINC01117,Kupffer,0.006058918685814155,0.0060292649153930586,-0.007309905712724881,0.006162958188745653,0.65
LINC01118,Kupffer,0.010286201218687252,0.011234243600874385,-0.012434906925130997,0.01649890495040763,0.7
LINC01119,Kupffer,0.008556158629170732,0.00858310611042112,-0.007872282619369841,0.009368463475135444,0.65
LINC01122,Kupffer,-0.006003043511602159,-0.00437529033783667,-0.00669090067253139,0.004198369144257529,0.85
LINC01123,Kupffer,,,,,0.0
LINC01124,Kupffer,,,,,0.0
LINC01132,Kupffer,0.002307075739021664,0.001693922511506699,-0.010797121202776393,0.008830587102217723,0.6
LINC01133,Kupffer,-0.007498563460910042,-0.0016237753634124525,-0.01123498567695586,0.0069546066578599726,0.55
LINC01134,Kupffer,-0.005402980270437551,-0.0018342939980671566,-0.005840573355996672,0.005170585437089315,0.7
LINC01135,Kupffer,0.004125868576242994,0.00047453205312833463,-0.00815822892343335,0.015905001554636436,0.55
LINC01138,Kupffer,-0.009112501914349376,-0.004962378818741961,-0.010090367264740658,0.003957987873164474,0.65
LINC01140,Kupffer,,,,,0.0
LINC01149,Kupffer,0.004921914215254578,0.004482804774086764,-0.012126654773581618,0.005896979063193859,0.6
LINC01150,Kupffer,0.008273321115495644,0.006688578164144131,-0.006667415165286031,0.008870392439881756,0.65
LINC01151,Kupffer,0.008147750378741872,0.008133928706088606,-0.009092650182195376,0.008253297701630432,0.85
LINC01152,Kupffer,0.008012549289858919,0.008005261498823742,-0.009043394766914011,0.008123625281740009,0.85
LINC01160,Kupffer,0.003014074292317467,-0.005871897722481558,-0.012292784519964057,0.008966667323029436,0.6
LINC01166,Kupffer,,,,,0.0
LIPE-AS1,Kupffer,-0.041538343746211834,-0.03159723890454394,-0.04145110493262699,0.015826240791729236,0.85
LL22NC03-63E9.3,Kupffer,0.0017118769841462475,0.0018714544775322419,-0.0018674336283056984,0.005477403221789287,0.9
LMCD1-AS1,Kupffer,0.0052964383911954715,0.003598061888172191,-0.012102156201861955,0.00527862284653835,0.6
LMLN-AS1,Kupffer,,,,,0.0
LOH12CR2,Kupffer,-0.008587295220503473,-0.005728250566937159,-0.012183665142311702,0.010332808077576945,0.85
LOXL1-AS1,Kupffer,0.0010452204531027393,0.0019490153464338984,-0.006310926478851119,0.008082702290509319,0.8
LPP-AS1,Kupffer,0.007695404728204108,0.007693896909376272,-0.008244250784287808,0.007790899925276983,0.85
LPP-AS2,Kupffer,0.010124824542702433,0.012000663852244584,-0.0028602915742689298,0.024147729136927552,0.85
LRP4-AS1,Kupffer,0.014278051649894149,0.01327349395593578,-0.02300303416823128,0.020510955393690924,0.65
LUCAT1,Kupffer,-0.11858081468458856,-0.03348064519816176,-0.13546624896953544,0.04850501948248965,0.75
LY86-AS1,Kupffer,-0.040654374852246426,-0.021614467688432695,-0.0431706097029832,0.022385033039831272,0.7
MAFG-AS1,Kupffer,0.013462540747877625,0.012834565905541958,-0.011599273130759013,0.017092116235677968,0.75
MALAT1,Kupffer,0.09888035891830917,0.09493066569482891,-0.10427439580495192,0.1163068905621681,0.75
MAMDC2-AS1,Kupffer,0.007095268501991675,0.0037587814708649548,-0.0025638739611795387,0.007862886038462894,0.85
MAP3K14-AS1,Kupffer,-0.011110842801797421,-0.006259936797015397,-0.01071134307047108,0.0005960950936378017,0.85
MAPKAPK5-AS1,Kupffer,0.05417235505589632,0.04856684075381337,-0.048308619368752026,0.061350669883567036,0.65
MAST4-AS1,Kupffer,0.013722431971054742,0.013558436381057373,-0.0087303422237663,0.014255018511728074,0.85
MATN1-AS1,Kupffer,0.04304243880414913,0.04092532120065959,-0.050411855681328846,0.052274487701680035,0.65
MBNL1-AS1,Kupffer,0.016664513774723586,0.012614869496696036,-0.002898871026952058,0.0183194549614251,0.75
MCCC1-AS1,Kupffer,,,,,0.0
MCF2L-AS1,Kupffer,0.010769238611854692,0.010088743240561918,-0.011457988978582795,0.010853774432345531,0.65
MCM3AP-AS1,Kupffer,-0.009303898762023028,-0.006002321091833874,-0.010772108293983527,0.005136432578625699,0.85
MDC1-AS1,Kupffer,0.00667662180193739,0.0066718470422966174,-0.007064633848914499,0.006812325500755063,0.7
MDS2,Kupffer,,,,,0.0
MED4-AS1,Kupffer,-0.0024489454191872076,-0.0012270893362253369,-0.004228647872483302,0.003031024164370867,0.7
MEF2C-AS1,Kupffer,0.025717934917225415,0.0207206455143909,-0.027899056611343225,0.02641210692907684,0.65
MEG3,Kupffer,0.04907535744537564,0.051106967235995684,-0.07078194734288111,0.13153359810401136,0.95
MEG8,Kupffer,0.008652070108432044,0.009030875843732236,-0.0036022202946896552,0.019687526263256976,0.95
MEG9,Kupffer,0.007100896234029409,0.00742076348418891,-0.006171251230423104,0.016883122610473724,0.95
MEIS1-AS2,Kupffer,-7.991439826167157e-05,-0.0014407208969633768,-0.008771484770216137,0.0028859652519799004,0.8
MIAT,Kupffer,0.016111830545991412,0.01445216181040617,0.0017546428838704975,0.016871515972771686,1.0
MID1IP1-AS1,Kupffer,0.003816447575984157,0.005780685130915656,0.0007332602548596888,0.012482199676235409,1.0
MIMT1,Kupffer,,,,,0.0
MIR155HG,Kupffer,0.05854939471345126,0.04993400209661119,-0.07620359154058173,0.08895498806498899,0.65
MIR181A1HG,Kupffer,0.06431889580746533,0.05400302510504421,-0.09722380156365186,0.10424950947209881,0.65
MIR181A2HG,Kupffer,0.01571639024946699,0.015218819439005205,-0.012194742729924171,0.019255346182111843,0.65
MIR202HG,Kupffer,-0.0025981441450402803,0.00039780839922086013,-0.006910746165559753,0.009068382351203132,0.6
MIR210HG,Kupffer,0.020693411642032433,0.021530413389206755,0.01822301707126477,0.030295226403123633,1.0
MIR22HG,Kupffer,-0.044344350707809704,0.009550276621117565,-0.05784427125725186,0.05953153045990279,0.55
MIR4458HG,Kupffer,0.062385434337819956,0.05816814885661782,-0.07071525826577263,0.08621159443743324,0.65
MIR4500HG,Kupffer,,,,,0.0
MIR497HG,Kupffer,-0.0006811199922296421,-0.0024864111514521954,-0.010175364893301595,0.005712050854627583,0.7
MIR503HG,Kupffer,0.03486661832970244,0.03336433268719505,-0.03199341417586436,0.039601257075095396,0.8
MIS18A-AS1,Kupffer,-0.0008300684454486661,-5.1687516438731706e-05,-0.002954390082153898,0.008783400276049043,0.55
MKNK1-AS1,Kupffer,0.007748195264073957,0.007324447453450884,-0.004632303673837195,0.007910557305627558,0.7
MNX1-AS1,Kupffer,,,,,0.0
MNX1-AS2,Kupffer,,,,,0.0
MORC2-AS1,Kupffer,0.0005332864400725509,0.0021295430866027825,0.0003222366387132822,0.007645921426220286,1.0
MORF4L2-AS1,Kupffer,0.006106779058879244,0.0055970099757365,-0.008799441222443428,0.010068380953057877,0.65
MPRIP-AS1,Kupffer,0.03683486927286434,0.03502549261692983,-0.041093791747030095,0.03822334070647792,0.65
MRPL23-AS1,Kupffer,0.00798892679477528,0.007980131184905728,-0.008815714122791713,0.007993952857561052,0.85
MTUS2-AS1,Kupffer,0.0016063554601229945,0.0021841026802049664,-0.002768829585083915,0.004480728734636966,0.8
MYCBP2-AS1,Kupffer,0.0069337403097172725,0.0060354967293077336,-0.004050974136261515,0.008316134946995403,0.75
MYLK-AS1,Kupffer,0.006555910174249617,0.006362227210285513,-0.0023725978848024073,0.009008306930583318,0.85
NAALADL2-AS2,Kupffer,,,,,0.0
NALCN-AS1,Kupffer,0.007806581735952278,0.009548765252255152,-0.009375791453394334,0.012908092577705766,0.85
NAPA-AS1,Kupffer,0.017973977096897898,0.014234584189689646,-0.017420323540875485,0.01974985495165707,0.65
NAV2-AS2,Kupffer,0.016873084921069825,0.01632607557679644,-0.016655351920553067,0.01688028677924434,0.7
NAV2-AS3,Kupffer,0.006058918685814155,0.0060292649153930586,-0.007309905712724881,0.006162958188745653,0.65
NCAM1-AS1,Kupffer,,,,,0.0
NCBP2-AS1,Kupffer,-0.004617808400520536,-0.004743321571258931,-0.00770212118769286,-0.0016701030902252377,1.0
NDUFB2-AS1,Kupffer,0.0037207252453442907,-0.00019626809526337213,-0.00652404928437995,0.008129536007046287,0.5
NEAT1,Kupffer,-0.3540051957982895,-0.2634103731961947,-0.3729353430846347,0.32705544845424656,0.65
NEBL-AS1,Kupffer,-0.00899777016248512,-0.0005293944623758028,-0.017051370806795765,0.011155999909273118,0.5
NEXN-AS1,Kupffer,0.014814609557771159,0.01312689666243961,-0.016463163854066876,0.01572275903922146,0.75
NFE4,Kupffer,0.00945441462350315,0.010202973128658257,-0.0010204031812703481,0.014833989638195334,0.95
NFYC-AS1,Kupffer,0.00939780909733628,0.007123984502698882,-0.012723540672659977,0.018772080251327358,0.75
NIFK-AS1,Kupffer,0.02709453112685088,0.02038218513664915,-0.02497318823111053,0.028424967627053672,0.65
NNT-AS1,Kupffer,0.036432154815727584,0.03075057231875233,-0.026432048686331523,0.044267530802526565,0.65
NOP14-AS1,Kupffer,0.0028009468551453143,0.0032817636940112105,-0.0018767950090103497,0.009268092954441995,0.85
NPHP3-AS1,Kupffer,-0.006277655108075744,-0.004092028071305767,-0.007378885696585255,6.498931434884109e-05,0.85
NR2F2-AS1,Kupffer,0.0050682265863337,0.004143447446319715,-0.008829127081953124,0.007196780073457775,0.75
NUCB1-AS1,Kupffer,,,,,0.0
NUTM2A-AS1,Kupffer,-0.017583174757284232,-0.013954742751429482,-0.0372760874514902,0.01707125346640531,0.85
NXF5,Kupffer,,,,,0.0
ODF2-AS1,Kupffer,,,,,0.0
OGFR-AS1,Kupffer,0.0020562102124684015,0.0026441696612510912,-0.004738176459431554,0.005710523994606138,0.85
OPA1-AS1,Kupffer,,,,,0.0
OR2A1-AS1,Kupffer,0.05082408040126019,0.04848383985477994,-0.050699454436589964,0.05113721248561156,0.85
OSBPL10-AS1,Kupffer,,,,,0.0
OSGEPL1-AS1,Kupffer,0.007017351958846764,0.003947632684378262,-0.00830674768287986,0.008380765388563877,0.65
OSTN-AS1,Kupffer,-0.0003598703473708431,0.0011689778456519168,-0.0024435549132862996,0.005456752625084407,0.8
OTX2-AS1,Kupffer,-0.000260852658476777,-0.0015595872817990683,-0.008654377507354552,0.002668336733326592,0.95
OVCH1-AS1,Kupffer,-0.0015277478212915268,-0.00022224632262109244,-0.010135271633021789,0.003344282472144294,0.55
PAN3-AS1,Kupffer,-0.0034874529571431428,-0.002604781971117939,-0.004374700912838047,0.008435827522498308,0.75
PAPPA-AS1,Kupffer,,,,,0.0
PART1,Kupffer,0.0038751365655331944,0.004506602267359995,-0.0039162384881266145,0.008946041495970095,0.65
PAXBP1-AS1,Kupffer,0.04356885275809923,0.03211362638653212,-0.034347076798115335,0.04504989653617093,0.8
PAXIP1-AS2,Kupffer,0.028932247371119515,0.02820369623851489,-0.02300966988648666,0.03025337441508567,0.8
PCA3,Kupffer,-0.0013756333839131767,-0.002705780899663114,-0.00872926584283256,0.003013627246755744,0.95
PCAT1,Kupffer,0.03395530360094319,0.03336913747528003,-0.03612912463466284,0.035084609956651386,0.85
PCAT6,Kupffer,0.005857398527153704,0.005138845835110357,-0.0063591883419036686,0.006057336786307863,0.7
PCAT7,Kupffer,0.010310708401698494,0.00818212017008956,-0.007282834884824253,0.01031037333403012,0.65
PCBP1-AS1,Kupffer,0.07718769811750487,0.07521800331588543,-0.07706881682441542,0.08841407258601494,0.85
PCCA-AS1,Kupffer,-0.008880047726334675,-0.004701630431064943,-0.00849957477360887,0.004002756401026585,0.65
PCDH9-AS1,Kupffer,,,,,0.0
PCOLCE-AS1,Kupffer,0.00046349472815672177,-0.0007347325633763977,-0.004573643644355754,0.00216453096795704,0.55
PDCD4-AS1,Kupffer,0.03043842466895251,0.026252942635205577,-0.009813218342994184,0.032605310666502886,0.85
PEX5L-AS1,Kupffer,0.0053389101808244445,0.004305016886896718,5.249935236425782e-05,0.005667421324712047,1.0
PGM5-AS1,Kupffer,0.0015186617671063773,0.0027463673821386952,-0.008255402785707059,0.008444559990895814,0.8
PHKA2-AS1,Kupffer,0.005322600487994351,0.0053060144808101456,-0.00885893826268655,0.005423624352858778,0.65
PINK1-AS,Kupffer,0.008926355062984578,0.008926518709070953,-0.01139627124966461,0.01563659914403862,0.65
PITPNA-AS1,Kupffer,0.024929118083586593,0.0231888013941284,-0.016356949737486876,0.027516453672488048,0.65
PLCXD2-AS1,Kupffer,,,,,0.0
PLS1-AS1,Kupffer,0.011724478490988285,0.01107273174762723,-0.00529252185001804,0.01209160895828667,0.65
POT1-AS1,Kupffer,0.00942419245056042,0.008862308763608115,-0.009955691132822029,0.009775876832380367,0.65
POU6F2-AS1,Kupffer,,,,,0.0
PPP1R26-AS1,Kupffer,-0.0006165248619868086,-0.0018185872359987622,-0.004860225802063155,0.000928625590675325,0.95
PRC1-AS1,Kupffer,0.0052085791122444165,0.0006765540397910655,-0.013958707566832885,0.008198363966398982,0.55
PRICKLE2-AS3,Kupffer,0.006865446024580085,0.006446261376225111,-0.008230103001403187,0.008758264753510032,0.85
PRKAG2-AS1,Kupffer,-0.08200182323070174,-0.07906133135128826,-0.15958658144469645,0.0410833155801949,0.95
PRKAR2A-AS1,Kupffer,0.007895718931283912,0.006634640836040281,-0.00891205253303093,0.008912575654398387,0.65
PRKCQ-AS1,Kupffer,0.022423755849934335,0.02113120461684108,-0.01222378504303962,0.023050676635113867,0.65
PRKG1-AS1,Kupffer,,,,,0.0
PRKX-AS1,Kupffer,,,,,0.0
PRMT5-AS1,Kupffer,0.010349669702330165,0.01031005789544407,0.00029477013579443627,0.016159965444640295,1.0
PROSER2-AS1,Kupffer,-0.004527979961883013,-0.0037489402304049656,-0.008859943475199661,-0.001357036951628802,1.0
PROX1-AS1,Kupffer,0.0052723398601568225,0.005231628751611067,-0.008758417007010995,0.005284905017119876,0.65
PRR7-AS1,Kupffer,-0.016287961264265394,-0.014252285381607558,-0.017567731616998546,0.016049549582729385,0.7
PRRT3-AS1,Kupffer,-0.003049273658547892,-0.0029689813192480957,-0.006919560644760802,0.005477655289272233,0.95
PSMD6-AS2,Kupffer,-0.008820128398943026,-0.0025093109262927108,-0.009430617721110994,0.006791985952820335,0.6
PSMG3-AS1,Kupffer,0.0017216797305786011,0.0025241276027821815,-0.005579021255967376,0.0042333559213632,0.7
PTCSC3,Kupffer,,,,,0.0
PTOV1-AS1,Kupffer,0.009777729246412053,0.00838236651501346,-0.006292475516631759,0.015824881692829473,0.85
PWRN1,Kupffer,0.007627050274345068,0.007620767695871153,-0.007607951235843681,0.007634086762253412,0.85
PXN-AS1,Kupffer,0.019676157653470878,0.01880972918091066,-0.03482425784229854,0.038634324964561345,0.65
RAB11B-AS1,Kupffer,-0.010485524364116391,-0.013801062196181858,-0.03010564165061615,0.00904029730590477,0.95
RAD21-AS1,Kupffer,0.004870657026824763,0.00546361260383014,-0.006694661471857583,0.007443588372485985,0.65
RAI1-AS1,Kupffer,,,,,0.0
RAMP2-AS1,Kupffer,0.03456103681744169,0.03401623814266017,-0.02653765341464122,0.034881915878813605,0.85
RAP2C-AS1,Kupffer,0.0010936201620038932,0.0013893503633433525,-0.0007643424231497623,0.005714499060303666,0.75
RASAL2-AS1,Kupffer,0.018995466521061422,0.01897531573649963,-0.020619644204273764,0.02196568213467881,0.65
RASSF8-AS1,Kupffer,0.05330121787986935,0.05185009146069919,-0.05597206379793863,0.05872765028891168,0.7
RBM26-AS1,Kupffer,0.017984185163639206,0.015816349460995964,-0.008268037262008794,0.02065876376116291,0.85
RBMS3-AS2,Kupffer,0.010776305082755554,0.010749607997871603,-0.01131342694085912,0.011102480851927913,0.65
RBMS3-AS3,Kupffer,0.02639048714177196,0.02470051749258976,-0.033080246605393895,0.029268730022627514,0.7
RBPMS-AS1,Kupffer,,,,,0.0
RFPL1S,Kupffer,0.045121697235699254,0.04119298043874206,-0.036929446063741926,0.04749053859889542,0.85
RFPL3S,Kupffer,-0.008846472467127104,-0.0025739090055914605,-0.009370805874361251,0.004897698297590215,0.6
RGMB-AS1,Kupffer,0.01188163109894263,0.011926795704910606,-0.018272353318824344,0.013320801306202104,0.65
RGPD4-AS1,Kupffer,-0.008684918332639667,-0.002627614177764955,-0.012551249494477924,0.01328641726968989,0.55
RHPN1-AS1,Kupffer,-0.0018590463054002934,0.0010363991730180243,-0.002861282038595022,0.00866598063716855,0.55
RMDN2-AS1,Kupffer,-0.009279929102282607,-0.006413574572010361,-0.011708359722388683,-0.000762653205799621,1.0
RN7SL832P,Kupffer,0.004745193801551805,0.004437826488232651,-0.0073224520715324355,0.00725332814857718,0.7
RNASEH2B-AS1,Kupffer,0.009900919508800605,0.007771612343765063,-0.011461790342551296,0.010930502274842166,0.65
RNF157-AS1,Kupffer,,,,,0.0
RNF185-AS1,Kupffer,,,,,0.0
RNU6ATAC35P,Kupffer,-0.014676910139048881,-0.003158202854019523,-0.023841224806975893,0.01711351800364005,0.55
RRM1-AS1,Kupffer,-0.002489054589471835,0.0010773714184315448,-0.005171223161410328,0.007351783433366711,0.6
RUSC1-AS1,Kupffer,0.009175610031771956,0.008007802987242536,-0.009428927923545882,0.015581572982821597,0.65
RUVBL1-AS1,Kupffer,-0.0069846433184400465,-0.007362384750933687,-0.012564527226758462,-0.0007098353294124357,1.0
SAMSN1-AS1,Kupffer,-0.0076501491559258445,-0.005852360571985521,-0.007168697980674891,0.003130653123156948,0.65
SAP30L-AS1,Kupffer,0.01121840418322581,0.00937383880204658,-0.006618937080929436,0.013218727690898598,0.85
SAPCD1-AS1,Kupffer,0.0011299758516844403,0.0018897907525845632,0.0009100235866284135,0.006360419009236998,1.0
SBF2-AS1,Kupffer,0.054845254082480074,0.04983965310340186,-0.02837752798524227,0.0611594467609719,0.65
SCARNA9,Kupffer,0.0026871536171872343,0.003098665418308285,-0.005112231389383138,0.008629541914604353,0.85
SCGB1B2P,Kupffer,0.0014334859378030813,-0.00023738101672095955,-0.0035452970015120325,0.005207731037203584,0.6
SDCBP2-AS1,Kupffer,-0.007335550222088651,-0.005855409806353431,-0.00782594035789016,0.00332540616193249,0.8
SEC24B-AS1,Kupffer,0.007625749222167657,0.004957289368332009,-0.004300556576949746,0.009800421835122364,0.75
SEC62-AS1,Kupffer,0.004781662305940368,0.0016398280290452621,-0.011551110714388284,0.005336678452932532,0.65
SEMA3B-AS1,Kupffer,,,,,0.0
SENCR,Kupffer,0.015669190388109787,0.0129071923287299,-0.06922230043830951,0.04130209895012189,0.6
SERTAD4-AS1,Kupffer,0.0031724508291048484,0.0031915498676844175,-0.006913600665902041,0.007709980310354896,0.95
SFTA1P,Kupffer,-0.0058625446171775486,-0.0026332122203148864,-0.007100670631562899,0.0014058278772523791,0.75
SFTA3,Kupffer,-0.0036146855099299055,-0.002538532236416083,-0.006404146470354393,-7.694637748635384e-05,1.0
SH3BP5-AS1,Kupffer,0.010371708643211887,0.010747684572364021,-0.01540402040016277,0.018350866859243222,0.85
SH3RF3-AS1,Kupffer,-0.014225966040925164,-0.009881371811507706,-0.01476705817821286,0.008509055199776476,0.75
SHANK2-AS1,Kupffer,-0.0037086949594305365,-0.003933326771635173,-0.009660352530619191,-0.0009641995451841538,1.0
SHANK2-AS3,Kupffer,0.0022398529714026286,0.0016573328652916182,-0.006583281718493398,0.0037731069184012184,0.75
SIAH2-AS1,Kupffer,0.014289783128338358,0.014987621524339276,-0.013474484670564143,0.016747292283769564,0.85
SIDT1-AS1,Kupffer,0.009954219194773961,0.007143630763543733,-0.008180384501355265,0.009783502791886507,0.65
SIGLEC5,Kupffer,-0.006235177310427035,-0.009140010177195138,-0.02778294839066066,0.001818205625901071,0.8
SIX3-AS1,Kupffer,,,,,0.0
SLC16A1-AS1,Kupffer,0.019238488507782155,0.015676715006946035,-0.03404605245304747,0.03735204729962184,0.65
SLC22A18AS,Kupffer,0.0012147346499109311,-0.00029695519227625243,-0.0677161026472584,0.035684871621948396,0.5
SLC25A21-AS1,Kupffer,-0.004123884514069278,0.00013444717946548424,-0.00877450040787808,0.006196632806159815,0.5
SLC25A30-AS1,Kupffer,0.005455626965317099,0.0056659696696904766,-0.0025799043100248388,0.0123728849144223,0.85
SLC26A4-AS1,Kupffer,0.008509782424149888,0.008711525968063263,-0.009275338738372566,0.018730373125207474,0.95
SLC8A1-AS1,Kupffer,0.0032886580578438645,0.003091350768162615,-0.002721270895355939,0.014318465097429069,0.85
SLC9A9-AS2,Kupffer,,,,,0.0
SMAD5-AS1,Kupffer,0.00913249769151393,0.00886063929243003,-0.008711391180247706,0.010654591660896178,0.65
SMARCA5-AS1,Kupffer,0.004878915483531646,0.003400136598536537,-0.0010106618121134194,0.007028966634181327,0.95
SMCR2,Kupffer,,,,,0.0
SMCR5,Kupffer,-0.005160091438321375,-0.005582290888310216,-0.016104520031850283,0.007253123499249761,0.85
SMIM2-AS1,Kupffer,0.016007853100624546,0.014966221724048712,-0.009290721221836083,0.01700323888052237,0.85
SNAI3-AS1,Kupffer,0.004971071794197507,0.0051254984123358886,-0.003925620087833122,0.012351946897064989,0.65
SNAP25-AS1,Kupffer,-0.0023526999890747455,-0.0033141857996082593,-0.007950728717628298,0.0027319164275751914,0.95
SNHG10,Kupffer,-0.002924251009660526,-0.001550848929465639,-0.004641427949126666,0.01077092490630314,0.7
SNHG12,Kupffer,0.04400101426495207,0.040476983894781354,-0.045222846996048914,0.054506497163064514,0.65
SNHG15,Kupffer,-0.0090235037024973,-0.013856397482383322,-0.048642200747040565,0.029847800802953288,0.95
SNHG18,Kupffer,-0.01498554371780846,-0.007143321549990726,-0.014749413624433926,0.003637243435983625,0.85
SNHG7,Kupffer,-0.022672812308292593,-0.02724659383371532,-0.11212972600667218,0.022064034037004892,0.95
SNHG8,Kupffer,0.009255431757402139,-0.006437985241621456,-0.06603493087204287,0.04533797358551256,0.6
SNHG9,Kupffer,-0.022916088333298838,-0.019029182651605546,-0.02419244434627635,0.006996492992754091,0.9
SNRK-AS1,Kupffer,-0.0038741027624177252,-0.0009385650431151566,-0.005866221674610788,0.0063124354970678295,0.65
SPATA13,Kupffer,-0.13472335316638523,-0.10062231582210082,-0.15569634651434802,0.1532202159176257,0.65
SPATA13-AS1,Kupffer,-0.0017102470613822149,-0.005150809787753813,-0.017211834618525667,0.007502914738187189,0.95
SPATA41,Kupffer,0.015740288023578176,0.01463722419219736,-0.021666415184472505,0.021340147666289392,0.85
SPATA8,Kupffer,0.017541076519521737,0.01752275679628883,-0.01959202292772115,0.01780812118827115,0.85
SPIN4-AS1,Kupffer,,,,,0.0
SRGAP2-AS1,Kupffer,0.012605165373164463,0.012421048224845202,-0.01135797610026085,0.013715647092605062,0.65
SRRM2-AS1,Kupffer,0.012739691603913838,0.01140492633998481,-0.004699615638285314,0.013186587765735934,0.7
SSBP3-AS1,Kupffer,-0.002373809452766508,-0.0032940815484859593,-0.008961972549717204,-0.0015691368011035193,1.0
ST20,Kupffer,-0.04205906605769074,-0.021837401283097184,-0.05766773445392349,0.07014250561319584,0.65
ST3GAL6-AS1,Kupffer,0.007832511617389529,0.006125378074305901,-0.01299685293945782,0.009636568319863157,0.65
ST7-AS1,Kupffer,0.011800082395285067,0.012310485638354955,-0.01796827906063471,0.02129040756570373,0.65
ST7-AS2,Kupffer,,,,,0.0
ST7-OT4,Kupffer,0.030375312465488413,0.029141724278329333,-0.031220405004056612,0.03371465955266016,0.85
ST8SIA6-AS1,Kupffer,0.0031265838600284626,0.0028095151029422136,-0.0005422881999202748,0.004770202771944038,0.85
STARD4-AS1,Kupffer,0.019081578616014568,0.01812852444103407,-0.03481025960721357,0.024734853931880012,0.65
STAU2-AS1,Kupffer,-0.004330059517475929,-0.0030465902256191025,-0.011069162314880832,0.00464410097912553,0.8
STEAP3-AS1,Kupffer,0.008867879993552562,0.00859810001056989,-0.016119782010020095,0.009944212534189539,0.65
STK24-AS1,Kupffer,9.210841287015914e-05,0.002718926314406989,-0.0036930972688489854,0.016859754260112464,0.65
STX18-AS1,Kupffer,0.016539190673537,0.0143880315309415,-0.022732876395534583,0.0205434230302482,0.65
STXBP5-AS1,Kupffer,-0.013109669835188919,-0.004356656880866711,-0.013504004389483274,0.010334451942753741,0.75
SUCLA2-AS1,Kupffer,0.008191789509693204,0.007733120075914704,-0.005263625514075425,0.008991569167852315,0.7
SYP-AS1,Kupffer,,,,,0.0
SZT2-AS1,Kupffer,,,,,0.0
TAB3-AS2,Kupffer,,,,,0.0
TAPT1-AS1,Kupffer,0.02691557708220018,0.02697218618389644,-0.043901197293929974,0.04477636377105986,0.65
TBC1D3P1-DHX40P1,Kupffer,,,,,0.0
TCEAL3-AS1,Kupffer,,,,,0.0
TERC,Kupffer,0.005533617139078293,0.0066796238655358435,-0.006925079306561005,0.012402050257348885,0.85
TET2-AS1,Kupffer,0.004732540717181758,0.0047041434624554845,-0.008732281480525426,0.00488784605982315,0.65
TEX26-AS1,Kupffer,-0.0007587112580206381,-0.0008687801681039056,-0.0027938763747831054,0.007625864548346094,0.65
TEX41,Kupffer,0.004507311829531652,0.00396488263873658,-0.00988710710409727,0.01024026424122687,0.65
TFAP2A-AS1,Kupffer,,,,,0.0
THAP7-AS1,Kupffer,0.01689805099479664,0.011711886247361622,-0.004677132352768104,0.0173154170587086,0.65
THAP9-AS1,Kupffer,-0.022085824926614456,-0.020529255171406278,-0.027772599206034587,0.013633191362255206,0.8
THOC7-AS1,Kupffer,,,,,0.0
TIPARP-AS1,Kupffer,-0.030735291007885843,-0.029200353604264345,-0.04389957502895411,0.036832294220088456,0.85
TLR8-AS1,Kupffer,0.0030698842445717658,0.002207029753696968,-0.006500470634723002,0.008387437257699701,0.65
TM4SF1-AS1,Kupffer,,,,,0.0
TM4SF19-AS1,Kupffer,-0.003683701319097833,-0.004009410397604864,-0.00902708910283772,0.005704280684116819,0.85
TMEM105,Kupffer,-0.02253147047300124,-0.019607148608631955,-0.026390059910161752,0.0012572940066464906,0.85
TMEM254-AS1,Kupffer,0.01691765310545504,0.014487281223713233,-0.023182196485530472,0.021819789061981475,0.8
TMEM44-AS1,Kupffer,-0.02503288170385493,-0.01551217121366673,-0.02573567754293748,0.003246843188015147,0.85
TMEM72-AS1,Kupffer,0.004740718939891114,0.004144821021094803,-0.0060474019886161525,0.007508571852848313,0.65
TMEM78,Kupffer,-0.007875840382140838,-0.004415396155532223,-0.00886547214426459,0.0015178709607107342,0.8
TMEM9B-AS1,Kupffer,0.006919908388828314,0.006910449701801251,-0.01064279794965131,0.012265459223594016,0.65
TMLHE-AS1,Kupffer,0.03064078257813945,0.030933692778747055,-0.03909509311070195,0.032885198950755486,0.65
TMPO-AS1,Kupffer,-0.0154045218984086,-0.0029754348132808184,-0.025000292642728055,0.04416571620769347,0.6
TNK2-AS1,Kupffer,-0.004901807189015546,-0.003385189155857636,-0.009922493887186972,0.025121325625041616,0.65
TP53TG1,Kupffer,0.05517516879047903,0.043539715576568994,-0.049072619606101466,0.05998146033011025,0.65
TP73-AS1,Kupffer,0.023384738302520434,0.023733962976329723,-0.04125364748901954,0.04384202045818827,0.65
TPRG1-AS1,Kupffer,0.03344321565712173,0.03268200591541813,-0.03620936240702511,0.04098821160467285,0.85
TPRXL,Kupffer,0.00812660287067886,0.008105634493432084,-0.012387504780753096,0.008495511867455086,0.65
TPT1-AS1,Kupffer,0.004773002480976744,0.005106299347532964,-0.0014808802019837528,0.020013602038503275,0.85
TPTEP1,Kupffer,0.0713120202293978,0.07443111644824557,-0.00677050957947026,0.1340868075129878,0.95
TRAF3IP2-AS1,Kupffer,0.012321229931106407,0.011170013412823185,-0.02398493111426691,0.026462987949883197,0.65
TRAM2-AS1,Kupffer,0.03338902496158484,0.032134145750199586,-0.032334724789751426,0.03951918829872294,0.85
TRAPPC12-AS1,Kupffer,0.013477107444599725,0.008781395090279278,0.0005219350794982851,0.01385150088562387,1.0
TRBV11-2,Kupffer,0.008898141552356185,0.008943878723690594,0.008490025258872253,0.008988108076292073,1.0
TRERNA1,Kupffer,-0.00606482150448247,0.00015097144558830317,-0.012751177709042652,0.010281911378861109,0.5
TRIM16L,Kupffer,0.008992587698830594,0.004258606161821572,-0.030782317516588036,0.020164364104880872,0.6
TRIM52-AS1,Kupffer,0.0036708916884181826,0.0026677181512643013,-0.019992270418373363,0.014759770538170085,0.65
TSIX,Kupffer,0.013633939233599644,0.014441612221886847,-0.007036834384227617,0.02521065646084611,0.85
TSPEAR-AS1,Kupffer,0.01055008309346032,0.01053764407058896,-0.012600036061174665,0.010688689847538154,0.85
TTC3-AS1,Kupffer,,,,,0.0
TTLL10-AS1,Kupffer,,,,,0.0
TTN-AS1,Kupffer,0.003981405335229098,0.007747517145519765,-0.006955068342454099,0.023474071010672375,0.85
TTTY10,Kupffer,0.002865855888495897,0.0038849212725958256,0.0017988538954301124,0.006202115698055334,1.0
TTTY14,Kupffer,0.012855587255918689,0.00985414193432806,-0.032949003725976894,0.01590171541390874,0.6
UBAC2-AS1,Kupffer,0.01376560855505952,0.005233956391075723,-0.01953470140000985,0.020682726313019074,0.6
UBBP4,Kupffer,0.017037861461247118,0.015186879903492587,-0.010978507212442716,0.019176284190926537,0.85
UBOX5-AS1,Kupffer,0.0035909041654515043,0.0007653542070034844,-0.003050284997460697,0.003944057514358513,0.55
UBXN7-AS1,Kupffer,0.013052532841636561,0.012876844432470124,-0.009304379100078744,0.016177386076285796,0.65
UGDH-AS1,Kupffer,0.008748910052473215,0.007706482218228854,-0.014092242416862005,0.01400482559157358,0.65
UNC5B-AS1,Kupffer,0.007192635459455051,0.005031899844203625,-0.009041318017941618,0.0075454658159959664,0.65
UPK1A-AS1,Kupffer,,,,,0.0
USP2-AS1,Kupffer,0.005910251578862183,0.004156195576350878,-0.010631842484404696,0.009261266071479144,0.65
USP3-AS1,Kupffer,0.0185324922903533,0.01688802458968346,-0.01097226903479876,0.020037090976974658,0.85
USP30-AS1,Kupffer,-0.009835436171978958,-0.009724129561522044,-0.04395939189554721,0.003328089166222863,0.85
UXT-AS1,Kupffer,-0.006597242563236566,-0.0031083225603080696,-0.009250397487867995,0.002059233612579317,0.65
VAC14-AS1,Kupffer,0.008891427533238213,0.005626883217461442,-0.0037426266120032,0.01045076524850369,0.7
VAV3-AS1,Kupffer,0.005348157012795628,0.0028217865311861083,-0.008335327415841347,0.011267251044233989,0.65
VCAN-AS1,Kupffer,-0.01276484775303842,-0.009232541392176484,-0.013430807208096827,0.0005986078103867022,0.85
VIM-AS1,Kupffer,-0.07895022839412755,-0.05304796272583055,-0.0820814205485649,0.08820306028993907,0.65
VIPR1-AS1,Kupffer,0.0027298931010678548,0.003557382693897809,-0.0075703413239825166,0.012054951655441876,0.75
VPS13A-AS1,Kupffer,0.006806796828036592,0.006800514249557974,-0.007414950424945619,0.006934458826465811,0.75
VPS9D1-AS1,Kupffer,0.007881422841326743,0.007870761060042674,-0.009119217766404399,0.008158277477147122,0.65
WAC-AS1,Kupffer,0.01496378899834902,0.01830316372341397,-0.0365632752128457,0.07814590117422873,0.75
WARS2-IT1,Kupffer,,,,,0.0
WASF3-AS1,Kupffer,0.008433733351137415,0.008421419497320145,-0.008644827988157673,0.008559384925325271,0.85
WASIR1,Kupffer,0.0028419978744084412,0.0019214832545728336,-0.0066561549529372144,0.0029130796088603023,0.6
WASIR2,Kupffer,0.004715452103716997,0.0047116825566315655,-0.008797620296714461,0.005034607093187506,0.65
WDFY3-AS1,Kupffer,-0.0010836892212358876,-0.001120500490604695,-0.007838333093621754,0.003212368194615003,0.8
WEE2-AS1,Kupffer,0.01635848033428098,0.013819806541267576,-0.017342847611210705,0.01709177149929118,0.85
WNT5A-AS1,Kupffer,0.007423845833380656,0.004852397448718031,-0.014905554287930336,0.009998407612217338,0.65
WT1-AS,Kupffer,0.0038607021487703994,0.0015573256681899652,-0.008160878048143319,0.008110737991498125,0.6
WWC2-AS2,Kupffer,0.029907898582989305,0.02767500119766947,-0.03096952311542497,0.030693996675526736,0.85
WWC3-AS1,Kupffer,0.009763992513491962,0.009886180349454585,-0.0011967316678890558,0.014535204924250736,0.95
WWTR1-AS1,Kupffer,-0.008084421987666585,-0.002656274181215268,-0.008443785476710786,0.00606344214238884,0.6
XIAP-AS1,Kupffer,-0.002212860594778611,-0.002062543964331559,-0.0060059913954018836,-0.0008001890673447518,1.0
XIST,Kupffer,0.05561653748527262,0.06719767276720029,-0.08167320722240566,0.14466012385409563,0.85
XXYLT1-AS2,Kupffer,-0.002188968573397859,-0.0031593994793002894,-0.012519103693130735,-0.0004882119270826751,1.0
YEATS2-AS1,Kupffer,0.0028844102809210967,0.002570121477223253,0.0008414663324001461,0.00490732956652362,1.0
ZBED3-AS1,Kupffer,0.07656503577008437,0.07588280055821127,-0.08524496753634231,0.08087255507723025,0.85
ZBED5-AS1,Kupffer,0.01901521899162057,0.014384849934366659,-0.008549247254298953,0.025295075492587263,0.85
ZBTB11-AS1,Kupffer,0.010748546790625922,0.010183010947340265,0.0011722484422714296,0.012092084413449227,1.0
ZBTB20-AS1,Kupffer,0.006018144173191213,0.005654002831192552,-0.005698212437618044,0.0066931973555287815,0.85
ZBTB20-AS2,Kupffer,0.03131892549572017,0.027558022816154312,-0.015281820506257319,0.03285521437381737,0.8
ZBTB20-AS3,Kupffer,-0.007477273603389231,-0.0016467894713777102,-0.008440769839038933,0.0037248151290818713,0.65
ZBTB20-AS4,Kupffer,0.01154570940542475,0.010759072633923342,0.004058322392609328,0.014054194597500824,1.0
ZEB2-AS1,Kupffer,-0.017123328115041758,-0.016663124286590045,-0.018615501727254173,0.017405924859412635,0.95
ZFAS1,Kupffer,-0.20139078296651988,-0.18936060167078755,-0.2014936636044509,0.18947281569480345,0.8
ZFAT-AS1,Kupffer,,,,,0.0
ZFX-AS1,Kupffer,-0.0025585650186999744,0.0006304946128538642,-0.005403374065876064,0.005225860559059702,0.55
ZFY-AS1,Kupffer,-0.005283640244246246,-0.00613663290774652,-0.010499874352817257,0.0004431456512858562,0.85
ZMIZ1-AS1,Kupffer,0.0037968811087074382,0.0073417277711518335,0.002714706133449934,0.02013403849898182,1.0
ZMYM4-AS1,Kupffer,-0.0033306266462961856,-0.0008020057674779498,-0.009186491255680013,0.006619981376005042,0.6
ZMYND10-AS1,Kupffer,,,,,0.0
ZNF197-AS1,Kupffer,,,,,0.0
ZNF252P-AS1,Kupffer,0.00054959153004865,-0.001513838227096958,-0.0038714119385838304,0.014229912998386638,0.55
ZNF286B,Kupffer,0.004330243434530938,0.0018312257205986824,-0.004633361750833343,0.006888570624591976,0.7
ZNF295-AS1,Kupffer,0.0077037023724565844,0.007662298734500613,-0.011725040430400405,0.007748847133185661,0.65
ZNF32-AS1,Kupffer,0.004132428820801658,0.004090712499698836,-0.008709664197992403,0.004211338008766908,0.65
ZNF32-AS2,Kupffer,0.01245147974977293,0.011684472050454805,-0.01570572463989128,0.015118483137453585,0.85
ZNF337-AS1,Kupffer,0.01566967165695608,0.014395352656846647,-0.014189346547728545,0.01989101342172363,0.65
ZNF503-AS1,Kupffer,0.017507318277108875,0.017033268505638598,-0.021580354930586014,0.019796713171369634,0.8
ZNF571-AS1,Kupffer,0.005183617088545747,0.004390652135331579,-0.008387790724132519,0.01007163710259991,0.65
ZNF630-AS1,Kupffer,0.011270478577722256,0.011251820038506449,-0.012569470752092854,0.011522459565871153,0.85
ZNF667-AS1,Kupffer,0.04047056106197507,0.03990676300133308,-0.06770747060415785,0.049401868927182915,0.65
ZNF674-AS1,Kupffer,-0.016351383611934216,-0.015218152145928799,-0.023706128023736853,0.01581612296537561,0.95
ZNF781,Kupffer,0.03296528771560427,0.03201656202025571,-0.03672340725075765,0.037760696083745035,0.75
ZNRF3-AS1,Kupffer,0.001955030397090281,0.001525789477251589,-0.015999099423640164,0.0076031457395707245,0.65
ZRANB2-AS1,Kupffer,0.007271186248416157,0.0072605242119903705,-0.011108449125999243,0.0077005108212833155,0.65
ZSCAN16-AS1,Kupffer,-0.017482987774759644,-0.002289550567978995,-0.019540385703766396,0.011733971882923898,0.6
