donor,condition,cell_type,gene,n_cells,n_detected,detection_rate,mean_count
H02,Lean,B cells,KCNQ1OT1,533,16,0.0300187617260788,0.0300187617260788
H02,Lean,B cells,MEG3,533,0,0.0,0.0
H02,Lean,B cells,ZFAS1,533,293,0.549718574108818,0.8930581613508443
H02,Lean,B cells,LINC00996,533,6,0.01125703564727955,0.01125703564727955
H02,Lean,B cells,NEAT1,533,315,0.5909943714821764,1.2363977485928705
H02,Lean,B cells,MALAT1,533,533,1.0,135.56660412757975
H02,Lean,B cells,IDI2-AS1,533,0,0.0,0.0
H02,Lean,B cells,MIAT,533,34,0.06378986866791744,0.06941838649155722
H02,Lean,B cells,HULC,533,0,0.0,0.0
H02,Lean,B cells,LINC00261,533,0,0.0,0.0
H02,Lean,Basophils,KCNQ1OT1,140,17,0.12142857142857143,0.1357142857142857
H02,Lean,Basophils,MEG3,140,1,0.007142857142857143,0.007142857142857143
H02,Lean,Basophils,ZFAS1,140,70,0.5,0.8214285714285714
H02,Lean,Basophils,LINC00996,140,2,0.014285714285714285,0.014285714285714285
H02,Lean,Basophils,NEAT1,140,102,0.7285714285714285,2.407142857142857
H02,Lean,Basophils,MALAT1,140,140,1.0,133.2
H02,Lean,Basophils,IDI2-AS1,140,1,0.007142857142857143,0.007142857142857143
H02,Lean,Basophils,MIAT,140,3,0.02142857142857143,0.02142857142857143
H02,Lean,Basophils,HULC,140,0,0.0,0.0
H02,Lean,Basophils,LINC00261,140,0,0.0,0.0
H02,Lean,Cholangiocytes,KCNQ1OT1,67,14,0.208955223880597,0.2835820895522388
H02,Lean,Cholangiocytes,MEG3,67,0,0.0,0.0
H02,Lean,Cholangiocytes,ZFAS1,67,37,0.5522388059701493,0.9402985074626866
H02,Lean,Cholangiocytes,LINC00996,67,0,0.0,0.0
H02,Lean,Cholangiocytes,NEAT1,67,49,0.7313432835820896,3.7761194029850746
H02,Lean,Cholangiocytes,MALAT1,67,67,1.0,92.38805970149254
H02,Lean,Cholangiocytes,IDI2-AS1,67,0,0.0,0.0
H02,Lean,Cholangiocytes,MIAT,67,0,0.0,0.0
H02,Lean,Cholangiocytes,HULC,67,1,0.014925373134328358,0.014925373134328358
H02,Lean,Cholangiocytes,LINC00261,67,8,0.11940298507462686,0.11940298507462686
H02,Lean,Circulating NK/NKT,KCNQ1OT1,1949,45,0.023088763468445357,0.024114930733709596
H02,Lean,Circulating NK/NKT,MEG3,1949,0,0.0,0.0
H02,Lean,Circulating NK/NKT,ZFAS1,1949,620,0.3181118522319138,0.40584915341200617
H02,Lean,Circulating NK/NKT,LINC00996,1949,19,0.009748589020010261,0.0107747562852745
H02,Lean,Circulating NK/NKT,NEAT1,1949,1607,0.8245253976398152,2.48435094920472
H02,Lean,Circulating NK/NKT,MALAT1,1949,1949,1.0,136.71523858388917
H02,Lean,Circulating NK/NKT,IDI2-AS1,1949,1,0.000513083632632119,0.000513083632632119
H02,Lean,Circulating NK/NKT,MIAT,1949,220,0.11287839917906618,0.12365315546434069
H02,Lean,Circulating NK/NKT,HULC,1949,0,0.0,0.0
H02,Lean,Circulating NK/NKT,LINC00261,1949,0,0.0,0.0
H02,Lean,Endothelial cells,KCNQ1OT1,47,2,0.0425531914893617,0.0425531914893617
H02,Lean,Endothelial cells,MEG3,47,16,0.3404255319148936,0.5957446808510638
H02,Lean,Endothelial cells,ZFAS1,47,16,0.3404255319148936,0.5106382978723404
H02,Lean,Endothelial cells,LINC00996,47,0,0.0,0.0
H02,Lean,Endothelial cells,NEAT1,47,45,0.9574468085106383,12.148936170212766
H02,Lean,Endothelial cells,MALAT1,47,47,1.0,119.44680851063829
H02,Lean,Endothelial cells,IDI2-AS1,47,0,0.0,0.0
H02,Lean,Endothelial cells,MIAT,47,0,0.0,0.0
H02,Lean,Endothelial cells,HULC,47,1,0.02127659574468085,0.02127659574468085
H02,Lean,Endothelial cells,LINC00261,47,0,0.0,0.0
H02,Lean,Fibroblasts,KCNQ1OT1,113,29,0.25663716814159293,0.36283185840707965
H02,Lean,Fibroblasts,MEG3,113,46,0.40707964601769914,0.7433628318584071
H02,Lean,Fibroblasts,ZFAS1,113,100,0.8849557522123894,3.061946902654867
H02,Lean,Fibroblasts,LINC00996,113,0,0.0,0.0
H02,Lean,Fibroblasts,NEAT1,113,109,0.9646017699115044,6.831858407079646
H02,Lean,Fibroblasts,MALAT1,113,113,1.0,125.88495575221239
H02,Lean,Fibroblasts,IDI2-AS1,113,0,0.0,0.0
H02,Lean,Fibroblasts,MIAT,113,3,0.02654867256637168,0.02654867256637168
H02,Lean,Fibroblasts,HULC,113,0,0.0,0.0
H02,Lean,Fibroblasts,LINC00261,113,0,0.0,0.0
H02,Lean,Hepatocytes,KCNQ1OT1,4,0,0.0,0.0
H02,Lean,Hepatocytes,MEG3,4,0,0.0,0.0
H02,Lean,Hepatocytes,ZFAS1,4,0,0.0,0.0
H02,Lean,Hepatocytes,LINC00996,4,0,0.0,0.0
H02,Lean,Hepatocytes,NEAT1,4,4,1.0,8.5
H02,Lean,Hepatocytes,MALAT1,4,4,1.0,303.75
H02,Lean,Hepatocytes,IDI2-AS1,4,0,0.0,0.0
H02,Lean,Hepatocytes,MIAT,4,0,0.0,0.0
H02,Lean,Hepatocytes,HULC,4,0,0.0,0.0
H02,Lean,Hepatocytes,LINC00261,4,0,0.0,0.0
H02,Lean,Macrophages,KCNQ1OT1,1753,102,0.05818596691386195,0.06332002281802625
H02,Lean,Macrophages,MEG3,1753,0,0.0,0.0
H02,Lean,Macrophages,ZFAS1,1753,1179,0.672561323445522,1.405590416428979
H02,Lean,Macrophages,LINC00996,1753,11,0.006274957216200799,0.006274957216200799
H02,Lean,Macrophages,NEAT1,1753,1713,0.9771819737592699,8.921848260125499
H02,Lean,Macrophages,MALAT1,1753,1748,0.9971477467199087,172.04221334854535
H02,Lean,Macrophages,IDI2-AS1,1753,3,0.0017113519680547634,0.0017113519680547634
H02,Lean,Macrophages,MIAT,1753,7,0.003993154592127781,0.004563605248146035
H02,Lean,Macrophages,HULC,1753,11,0.006274957216200799,0.006274957216200799
H02,Lean,Macrophages,LINC00261,1753,2,0.0011409013120365088,0.0011409013120365088
H02,Lean,Mig.cDCs,KCNQ1OT1,15,2,0.13333333333333333,0.13333333333333333
H02,Lean,Mig.cDCs,MEG3,15,0,0.0,0.0
H02,Lean,Mig.cDCs,ZFAS1,15,15,1.0,5.866666666666666
H02,Lean,Mig.cDCs,LINC00996,15,0,0.0,0.0
H02,Lean,Mig.cDCs,NEAT1,15,15,1.0,16.4
H02,Lean,Mig.cDCs,MALAT1,15,15,1.0,553.5333333333333
H02,Lean,Mig.cDCs,IDI2-AS1,15,0,0.0,0.0
H02,Lean,Mig.cDCs,MIAT,15,1,0.06666666666666667,0.06666666666666667
H02,Lean,Mig.cDCs,HULC,15,0,0.0,0.0
H02,Lean,Mig.cDCs,LINC00261,15,0,0.0,0.0
H02,Lean,Mono+mono derived cells,KCNQ1OT1,8005,373,0.04659587757651468,0.051467832604622114
H02,Lean,Mono+mono derived cells,MEG3,8005,14,0.0017489069331667708,0.004996876951905059
H02,Lean,Mono+mono derived cells,ZFAS1,8005,6388,0.798001249219238,2.059587757651468
H02,Lean,Mono+mono derived cells,LINC00996,8005,14,0.0017489069331667708,0.0017489069331667708
H02,Lean,Mono+mono derived cells,NEAT1,8005,7928,0.9903810118675828,11.803372891942535
H02,Lean,Mono+mono derived cells,MALAT1,8005,8005,1.0,142.07857589006872
H02,Lean,Mono+mono derived cells,IDI2-AS1,8005,17,0.0021236727045596503,0.0021236727045596503
H02,Lean,Mono+mono derived cells,MIAT,8005,54,0.00674578388507183,0.006870705808869456
H02,Lean,Mono+mono derived cells,HULC,8005,11,0.0013741411617738913,0.0014990630855715179
H02,Lean,Mono+mono derived cells,LINC00261,8005,8,0.0009993753903810119,0.0009993753903810119
H02,Lean,Neutrophils,KCNQ1OT1,137,1,0.0072992700729927005,0.0072992700729927005
H02,Lean,Neutrophils,MEG3,137,0,0.0,0.0
H02,Lean,Neutrophils,ZFAS1,137,35,0.25547445255474455,0.32116788321167883
H02,Lean,Neutrophils,LINC00996,137,0,0.0,0.0
H02,Lean,Neutrophils,NEAT1,137,113,0.8248175182481752,3.4817518248175183
H02,Lean,Neutrophils,MALAT1,137,135,0.9854014598540146,56.715328467153284
H02,Lean,Neutrophils,IDI2-AS1,137,1,0.0072992700729927005,0.0072992700729927005
H02,Lean,Neutrophils,MIAT,137,3,0.021897810218978103,0.021897810218978103
H02,Lean,Neutrophils,HULC,137,0,0.0,0.0
H02,Lean,Neutrophils,LINC00261,137,0,0.0,0.0
H02,Lean,Plasma cells,KCNQ1OT1,353,30,0.08498583569405099,0.11614730878186968
H02,Lean,Plasma cells,MEG3,353,0,0.0,0.0
H02,Lean,Plasma cells,ZFAS1,353,165,0.46742209631728043,0.7252124645892352
H02,Lean,Plasma cells,LINC00996,353,10,0.028328611898016998,0.031161473087818695
H02,Lean,Plasma cells,NEAT1,353,343,0.9716713881019831,8.923512747875353
H02,Lean,Plasma cells,MALAT1,353,352,0.9971671388101983,270.1586402266289
H02,Lean,Plasma cells,IDI2-AS1,353,1,0.0028328611898017,0.0028328611898017
H02,Lean,Plasma cells,MIAT,353,46,0.13031161473087818,0.18413597733711048
H02,Lean,Plasma cells,HULC,353,0,0.0,0.0
H02,Lean,Plasma cells,LINC00261,353,0,0.0,0.0
H02,Lean,Resident NK,KCNQ1OT1,878,8,0.009111617312072893,0.009111617312072893
H02,Lean,Resident NK,MEG3,878,0,0.0,0.0
H02,Lean,Resident NK,ZFAS1,878,269,0.30637813211845105,0.4157175398633257
H02,Lean,Resident NK,LINC00996,878,102,0.11617312072892938,0.13325740318906606
H02,Lean,Resident NK,NEAT1,878,565,0.643507972665148,1.396355353075171
H02,Lean,Resident NK,MALAT1,878,878,1.0,111.0876993166287
H02,Lean,Resident NK,IDI2-AS1,878,3,0.003416856492027335,0.003416856492027335
H02,Lean,Resident NK,MIAT,878,10,0.011389521640091117,0.011389521640091117
H02,Lean,Resident NK,HULC,878,0,0.0,0.0
H02,Lean,Resident NK,LINC00261,878,0,0.0,0.0
H02,Lean,T cells,KCNQ1OT1,23935,484,0.020221433047837894,0.021224148736160433
H02,Lean,T cells,MEG3,23935,7,0.0002924587424274076,0.0002924587424274076
H02,Lean,T cells,ZFAS1,23935,9858,0.4118654689784834,0.5749321077919365
H02,Lean,T cells,LINC00996,23935,411,0.0171715061625235,0.017547524545644455
H02,Lean,T cells,NEAT1,23935,14936,0.6240233966993942,1.40919156047629
H02,Lean,T cells,MALAT1,23935,23934,0.9999582201796532,128.45464800501358
H02,Lean,T cells,IDI2-AS1,23935,28,0.0011698349697096303,0.0012116147900564029
H02,Lean,T cells,MIAT,23935,2212,0.0924169626070608,0.10102360559849592
H02,Lean,T cells,HULC,23935,2,8.355964069354502e-05,8.355964069354502e-05
H02,Lean,T cells,LINC00261,23935,1,4.177982034677251e-05,4.177982034677251e-05
H02,Lean,cDC1s,KCNQ1OT1,253,28,0.11067193675889328,0.1383399209486166
H02,Lean,cDC1s,MEG3,253,0,0.0,0.0
H02,Lean,cDC1s,ZFAS1,253,231,0.9130434782608695,3.2292490118577075
H02,Lean,cDC1s,LINC00996,253,0,0.0,0.0
H02,Lean,cDC1s,NEAT1,253,248,0.9802371541501976,11.541501976284586
H02,Lean,cDC1s,MALAT1,253,253,1.0,311.6403162055336
H02,Lean,cDC1s,IDI2-AS1,253,0,0.0,0.0
H02,Lean,cDC1s,MIAT,253,1,0.003952569169960474,0.003952569169960474
H02,Lean,cDC1s,HULC,253,0,0.0,0.0
H02,Lean,cDC1s,LINC00261,253,0,0.0,0.0
H02,Lean,cDC2s,KCNQ1OT1,375,26,0.06933333333333333,0.06933333333333333
H02,Lean,cDC2s,MEG3,375,0,0.0,0.0
H02,Lean,cDC2s,ZFAS1,375,313,0.8346666666666667,2.312
H02,Lean,cDC2s,LINC00996,375,0,0.0,0.0
H02,Lean,cDC2s,NEAT1,375,367,0.9786666666666667,9.010666666666667
H02,Lean,cDC2s,MALAT1,375,375,1.0,175.488
H02,Lean,cDC2s,IDI2-AS1,375,1,0.0026666666666666666,0.0026666666666666666
H02,Lean,cDC2s,MIAT,375,1,0.0026666666666666666,0.0026666666666666666
H02,Lean,cDC2s,HULC,375,0,0.0,0.0
H02,Lean,cDC2s,LINC00261,375,0,0.0,0.0
H02,Lean,pDCs,KCNQ1OT1,575,20,0.034782608695652174,0.036521739130434785
H02,Lean,pDCs,MEG3,575,0,0.0,0.0
H02,Lean,pDCs,ZFAS1,575,410,0.7130434782608696,1.3791304347826088
H02,Lean,pDCs,LINC00996,575,273,0.4747826086956522,0.9252173913043479
H02,Lean,pDCs,NEAT1,575,435,0.7565217391304347,2.813913043478261
H02,Lean,pDCs,MALAT1,575,575,1.0,236.7286956521739
H02,Lean,pDCs,IDI2-AS1,575,2,0.0034782608695652175,0.0034782608695652175
H02,Lean,pDCs,MIAT,575,2,0.0034782608695652175,0.0034782608695652175
H02,Lean,pDCs,HULC,575,0,0.0,0.0
H02,Lean,pDCs,LINC00261,575,1,0.0017391304347826088,0.0017391304347826088
H04,Obese,B cells,KCNQ1OT1,37,2,0.05405405405405406,0.05405405405405406
H04,Obese,B cells,MEG3,37,0,0.0,0.0
H04,Obese,B cells,ZFAS1,37,23,0.6216216216216216,1.1081081081081081
H04,Obese,B cells,LINC00996,37,5,0.13513513513513514,0.13513513513513514
H04,Obese,B cells,NEAT1,37,9,0.24324324324324326,0.3783783783783784
H04,Obese,B cells,MALAT1,37,37,1.0,203.6216216216216
H04,Obese,B cells,IDI2-AS1,37,0,0.0,0.0
H04,Obese,B cells,MIAT,37,1,0.02702702702702703,0.02702702702702703
H04,Obese,B cells,HULC,37,0,0.0,0.0
H04,Obese,B cells,LINC00261,37,0,0.0,0.0
H04,Obese,Basophils,KCNQ1OT1,2,0,0.0,0.0
H04,Obese,Basophils,MEG3,2,0,0.0,0.0
H04,Obese,Basophils,ZFAS1,2,0,0.0,0.0
H04,Obese,Basophils,LINC00996,2,0,0.0,0.0
H04,Obese,Basophils,NEAT1,2,1,0.5,2.5
H04,Obese,Basophils,MALAT1,2,2,1.0,220.5
H04,Obese,Basophils,IDI2-AS1,2,0,0.0,0.0
H04,Obese,Basophils,MIAT,2,0,0.0,0.0
H04,Obese,Basophils,HULC,2,0,0.0,0.0
H04,Obese,Basophils,LINC00261,2,0,0.0,0.0
H04,Obese,Circulating NK/NKT,KCNQ1OT1,118,12,0.1016949152542373,0.13559322033898305
H04,Obese,Circulating NK/NKT,MEG3,118,0,0.0,0.0
H04,Obese,Circulating NK/NKT,ZFAS1,118,38,0.3220338983050847,0.4322033898305085
H04,Obese,Circulating NK/NKT,LINC00996,118,10,0.0847457627118644,0.0847457627118644
H04,Obese,Circulating NK/NKT,NEAT1,118,85,0.7203389830508474,1.7372881355932204
H04,Obese,Circulating NK/NKT,MALAT1,118,118,1.0,175.90677966101694
H04,Obese,Circulating NK/NKT,IDI2-AS1,118,2,0.01694915254237288,0.01694915254237288
H04,Obese,Circulating NK/NKT,MIAT,118,5,0.0423728813559322,0.0423728813559322
H04,Obese,Circulating NK/NKT,HULC,118,0,0.0,0.0
H04,Obese,Circulating NK/NKT,LINC00261,118,0,0.0,0.0
H04,Obese,Macrophages,KCNQ1OT1,2,0,0.0,0.0
H04,Obese,Macrophages,MEG3,2,0,0.0,0.0
H04,Obese,Macrophages,ZFAS1,2,0,0.0,0.0
H04,Obese,Macrophages,LINC00996,2,0,0.0,0.0
H04,Obese,Macrophages,NEAT1,2,0,0.0,0.0
H04,Obese,Macrophages,MALAT1,2,1,0.5,1.0
H04,Obese,Macrophages,IDI2-AS1,2,0,0.0,0.0
H04,Obese,Macrophages,MIAT,2,0,0.0,0.0
H04,Obese,Macrophages,HULC,2,0,0.0,0.0
H04,Obese,Macrophages,LINC00261,2,0,0.0,0.0
H04,Obese,Mig.cDCs,KCNQ1OT1,3,1,0.3333333333333333,0.3333333333333333
H04,Obese,Mig.cDCs,MEG3,3,0,0.0,0.0
H04,Obese,Mig.cDCs,ZFAS1,3,2,0.6666666666666666,2.6666666666666665
H04,Obese,Mig.cDCs,LINC00996,3,0,0.0,0.0
H04,Obese,Mig.cDCs,NEAT1,3,3,1.0,8.333333333333334
H04,Obese,Mig.cDCs,MALAT1,3,3,1.0,887.0
H04,Obese,Mig.cDCs,IDI2-AS1,3,0,0.0,0.0
H04,Obese,Mig.cDCs,MIAT,3,0,0.0,0.0
H04,Obese,Mig.cDCs,HULC,3,0,0.0,0.0
H04,Obese,Mig.cDCs,LINC00261,3,0,0.0,0.0
H04,Obese,Mono+mono derived cells,KCNQ1OT1,68,2,0.029411764705882353,0.029411764705882353
H04,Obese,Mono+mono derived cells,MEG3,68,0,0.0,0.0
H04,Obese,Mono+mono derived cells,ZFAS1,68,52,0.7647058823529411,1.588235294117647
H04,Obese,Mono+mono derived cells,LINC00996,68,0,0.0,0.0
H04,Obese,Mono+mono derived cells,NEAT1,68,66,0.9705882352941176,7.205882352941177
H04,Obese,Mono+mono derived cells,MALAT1,68,68,1.0,132.52941176470588
H04,Obese,Mono+mono derived cells,IDI2-AS1,68,0,0.0,0.0
H04,Obese,Mono+mono derived cells,MIAT,68,0,0.0,0.0
H04,Obese,Mono+mono derived cells,HULC,68,0,0.0,0.0
H04,Obese,Mono+mono derived cells,LINC00261,68,0,0.0,0.0
H04,Obese,Plasma cells,KCNQ1OT1,2,1,0.5,0.5
H04,Obese,Plasma cells,MEG3,2,0,0.0,0.0
H04,Obese,Plasma cells,ZFAS1,2,1,0.5,1.0
H04,Obese,Plasma cells,LINC00996,2,0,0.0,0.0
H04,Obese,Plasma cells,NEAT1,2,2,1.0,5.5
H04,Obese,Plasma cells,MALAT1,2,2,1.0,481.0
H04,Obese,Plasma cells,IDI2-AS1,2,0,0.0,0.0
H04,Obese,Plasma cells,MIAT,2,0,0.0,0.0
H04,Obese,Plasma cells,HULC,2,0,0.0,0.0
H04,Obese,Plasma cells,LINC00261,2,0,0.0,0.0
H04,Obese,Resident NK,KCNQ1OT1,381,42,0.11023622047244094,0.13648293963254593
H04,Obese,Resident NK,MEG3,381,0,0.0,0.0
H04,Obese,Resident NK,ZFAS1,381,168,0.4409448818897638,0.6797900262467191
H04,Obese,Resident NK,LINC00996,381,76,0.1994750656167979,0.25196850393700787
H04,Obese,Resident NK,NEAT1,381,220,0.5774278215223098,1.0288713910761156
H04,Obese,Resident NK,MALAT1,381,380,0.9973753280839895,176.64566929133858
H04,Obese,Resident NK,IDI2-AS1,381,1,0.0026246719160104987,0.0026246719160104987
H04,Obese,Resident NK,MIAT,381,2,0.005249343832020997,0.005249343832020997
H04,Obese,Resident NK,HULC,381,0,0.0,0.0
H04,Obese,Resident NK,LINC00261,381,0,0.0,0.0
H04,Obese,T cells,KCNQ1OT1,945,82,0.08677248677248678,0.09947089947089947
H04,Obese,T cells,MEG3,945,0,0.0,0.0
H04,Obese,T cells,ZFAS1,945,546,0.5777777777777777,0.9671957671957672
H04,Obese,T cells,LINC00996,945,14,0.014814814814814815,0.015873015873015872
H04,Obese,T cells,NEAT1,945,474,0.5015873015873016,0.8962962962962963
H04,Obese,T cells,MALAT1,945,945,1.0,222.05185185185186
H04,Obese,T cells,IDI2-AS1,945,1,0.0010582010582010583,0.0010582010582010583
H04,Obese,T cells,MIAT,945,26,0.027513227513227514,0.030687830687830688
H04,Obese,T cells,HULC,945,0,0.0,0.0
H04,Obese,T cells,LINC00261,945,0,0.0,0.0
H04,Obese,cDC1s,KCNQ1OT1,21,7,0.3333333333333333,0.38095238095238093
H04,Obese,cDC1s,MEG3,21,0,0.0,0.0
H04,Obese,cDC1s,ZFAS1,21,15,0.7142857142857143,2.6666666666666665
H04,Obese,cDC1s,LINC00996,21,0,0.0,0.0
H04,Obese,cDC1s,NEAT1,21,19,0.9047619047619048,4.809523809523809
H04,Obese,cDC1s,MALAT1,21,21,1.0,273.57142857142856
H04,Obese,cDC1s,IDI2-AS1,21,0,0.0,0.0
H04,Obese,cDC1s,MIAT,21,0,0.0,0.0
H04,Obese,cDC1s,HULC,21,0,0.0,0.0
H04,Obese,cDC1s,LINC00261,21,0,0.0,0.0
H04,Obese,cDC2s,KCNQ1OT1,21,3,0.14285714285714285,0.19047619047619047
H04,Obese,cDC2s,MEG3,21,0,0.0,0.0
H04,Obese,cDC2s,ZFAS1,21,18,0.8571428571428571,2.1904761904761907
H04,Obese,cDC2s,LINC00996,21,0,0.0,0.0
H04,Obese,cDC2s,NEAT1,21,17,0.8095238095238095,3.7142857142857144
H04,Obese,cDC2s,MALAT1,21,21,1.0,237.76190476190476
H04,Obese,cDC2s,IDI2-AS1,21,0,0.0,0.0
H04,Obese,cDC2s,MIAT,21,0,0.0,0.0
H04,Obese,cDC2s,HULC,21,0,0.0,0.0
H04,Obese,cDC2s,LINC00261,21,0,0.0,0.0
H04,Obese,pDCs,KCNQ1OT1,2,0,0.0,0.0
H04,Obese,pDCs,MEG3,2,0,0.0,0.0
H04,Obese,pDCs,ZFAS1,2,2,1.0,2.5
H04,Obese,pDCs,LINC00996,2,1,0.5,0.5
H04,Obese,pDCs,NEAT1,2,0,0.0,0.0
H04,Obese,pDCs,MALAT1,2,2,1.0,205.5
H04,Obese,pDCs,IDI2-AS1,2,0,0.0,0.0
H04,Obese,pDCs,MIAT,2,0,0.0,0.0
H04,Obese,pDCs,HULC,2,0,0.0,0.0
H04,Obese,pDCs,LINC00261,2,0,0.0,0.0
H06,Obese,B cells,KCNQ1OT1,219,5,0.0228310502283105,0.0228310502283105
H06,Obese,B cells,MEG3,219,0,0.0,0.0
H06,Obese,B cells,ZFAS1,219,149,0.680365296803653,1.2511415525114156
H06,Obese,B cells,LINC00996,219,6,0.0273972602739726,0.0319634703196347
H06,Obese,B cells,NEAT1,219,118,0.5388127853881278,1.4840182648401827
H06,Obese,B cells,MALAT1,219,219,1.0,138.6027397260274
H06,Obese,B cells,IDI2-AS1,219,0,0.0,0.0
H06,Obese,B cells,MIAT,219,2,0.0091324200913242,0.0091324200913242
H06,Obese,B cells,HULC,219,0,0.0,0.0
H06,Obese,B cells,LINC00261,219,0,0.0,0.0
H06,Obese,Circulating NK/NKT,KCNQ1OT1,20,0,0.0,0.0
H06,Obese,Circulating NK/NKT,MEG3,20,0,0.0,0.0
H06,Obese,Circulating NK/NKT,ZFAS1,20,12,0.6,0.65
H06,Obese,Circulating NK/NKT,LINC00996,20,0,0.0,0.0
H06,Obese,Circulating NK/NKT,NEAT1,20,11,0.55,0.85
H06,Obese,Circulating NK/NKT,MALAT1,20,20,1.0,129.55
H06,Obese,Circulating NK/NKT,IDI2-AS1,20,0,0.0,0.0
H06,Obese,Circulating NK/NKT,MIAT,20,3,0.15,0.2
H06,Obese,Circulating NK/NKT,HULC,20,0,0.0,0.0
H06,Obese,Circulating NK/NKT,LINC00261,20,0,0.0,0.0
H06,Obese,Endothelial cells,KCNQ1OT1,115,4,0.034782608695652174,0.034782608695652174
H06,Obese,Endothelial cells,MEG3,115,41,0.3565217391304348,0.5565217391304348
H06,Obese,Endothelial cells,ZFAS1,115,49,0.4260869565217391,0.6173913043478261
H06,Obese,Endothelial cells,LINC00996,115,1,0.008695652173913044,0.008695652173913044
H06,Obese,Endothelial cells,NEAT1,115,110,0.9565217391304348,7.747826086956522
H06,Obese,Endothelial cells,MALAT1,115,115,1.0,92.98260869565217
H06,Obese,Endothelial cells,IDI2-AS1,115,0,0.0,0.0
H06,Obese,Endothelial cells,MIAT,115,4,0.034782608695652174,0.034782608695652174
H06,Obese,Endothelial cells,HULC,115,0,0.0,0.0
H06,Obese,Endothelial cells,LINC00261,115,0,0.0,0.0
H06,Obese,Fibroblasts,KCNQ1OT1,2,1,0.5,0.5
H06,Obese,Fibroblasts,MEG3,2,0,0.0,0.0
H06,Obese,Fibroblasts,ZFAS1,2,1,0.5,1.0
H06,Obese,Fibroblasts,LINC00996,2,0,0.0,0.0
H06,Obese,Fibroblasts,NEAT1,2,2,1.0,3.0
H06,Obese,Fibroblasts,MALAT1,2,2,1.0,75.0
H06,Obese,Fibroblasts,IDI2-AS1,2,0,0.0,0.0
H06,Obese,Fibroblasts,MIAT,2,0,0.0,0.0
H06,Obese,Fibroblasts,HULC,2,0,0.0,0.0
H06,Obese,Fibroblasts,LINC00261,2,0,0.0,0.0
H06,Obese,Macrophages,KCNQ1OT1,2422,49,0.02023121387283237,0.021056977704376548
H06,Obese,Macrophages,MEG3,2422,4,0.0016515276630883566,0.0016515276630883566
H06,Obese,Macrophages,ZFAS1,2422,1396,0.5763831544178365,1.0322047894302229
H06,Obese,Macrophages,LINC00996,2422,14,0.005780346820809248,0.006193228736581338
H06,Obese,Macrophages,NEAT1,2422,2171,0.8963666391412056,3.8265895953757227
H06,Obese,Macrophages,MALAT1,2422,2418,0.9983484723369116,85.35549132947978
H06,Obese,Macrophages,IDI2-AS1,2422,1,0.00041288191577208916,0.00041288191577208916
H06,Obese,Macrophages,MIAT,2422,3,0.0012386457473162675,0.0012386457473162675
H06,Obese,Macrophages,HULC,2422,9,0.0037159372419488025,0.0037159372419488025
H06,Obese,Macrophages,LINC00261,2422,1,0.00041288191577208916,0.00041288191577208916
H06,Obese,Mig.cDCs,KCNQ1OT1,44,4,0.09090909090909091,0.09090909090909091
H06,Obese,Mig.cDCs,MEG3,44,0,0.0,0.0
H06,Obese,Mig.cDCs,ZFAS1,44,40,0.9090909090909091,3.6818181818181817
H06,Obese,Mig.cDCs,LINC00996,44,0,0.0,0.0
H06,Obese,Mig.cDCs,NEAT1,44,42,0.9545454545454546,8.431818181818182
H06,Obese,Mig.cDCs,MALAT1,44,44,1.0,386.4318181818182
H06,Obese,Mig.cDCs,IDI2-AS1,44,0,0.0,0.0
H06,Obese,Mig.cDCs,MIAT,44,0,0.0,0.0
H06,Obese,Mig.cDCs,HULC,44,0,0.0,0.0
H06,Obese,Mig.cDCs,LINC00261,44,0,0.0,0.0
H06,Obese,Mono+mono derived cells,KCNQ1OT1,16088,596,0.03704624564893088,0.04251616111387369
H06,Obese,Mono+mono derived cells,MEG3,16088,417,0.02591994032819493,0.07154400795624068
H06,Obese,Mono+mono derived cells,ZFAS1,16088,11949,0.7427274987568374,1.605979612133267
H06,Obese,Mono+mono derived cells,LINC00996,16088,13,0.0008080556936847339,0.0008080556936847339
H06,Obese,Mono+mono derived cells,NEAT1,16088,15706,0.9762555942317255,7.077511188463451
H06,Obese,Mono+mono derived cells,MALAT1,16088,16087,0.9999378418697166,110.2406141223272
H06,Obese,Mono+mono derived cells,IDI2-AS1,16088,13,0.0008080556936847339,0.0008080556936847339
H06,Obese,Mono+mono derived cells,MIAT,16088,24,0.0014917951268025858,0.0014917951268025858
H06,Obese,Mono+mono derived cells,HULC,16088,9,0.0005594231725509697,0.0006215813028344107
H06,Obese,Mono+mono derived cells,LINC00261,16088,2,0.00012431626056688214,0.00012431626056688214
H06,Obese,Neutrophils,KCNQ1OT1,2384,28,0.01174496644295302,0.012164429530201342
H06,Obese,Neutrophils,MEG3,2384,5,0.0020973154362416107,0.0020973154362416107
H06,Obese,Neutrophils,ZFAS1,2384,1708,0.7164429530201343,1.4131711409395973
H06,Obese,Neutrophils,LINC00996,2384,1,0.00041946308724832214,0.00041946308724832214
H06,Obese,Neutrophils,NEAT1,2384,2303,0.9660234899328859,5.830956375838926
H06,Obese,Neutrophils,MALAT1,2384,2384,1.0,57.20637583892618
H06,Obese,Neutrophils,IDI2-AS1,2384,0,0.0,0.0
H06,Obese,Neutrophils,MIAT,2384,1,0.00041946308724832214,0.00041946308724832214
H06,Obese,Neutrophils,HULC,2384,1,0.00041946308724832214,0.00041946308724832214
H06,Obese,Neutrophils,LINC00261,2384,0,0.0,0.0
H06,Obese,Plasma cells,KCNQ1OT1,35,3,0.08571428571428572,0.08571428571428572
H06,Obese,Plasma cells,MEG3,35,1,0.02857142857142857,0.02857142857142857
H06,Obese,Plasma cells,ZFAS1,35,21,0.6,1.2285714285714286
H06,Obese,Plasma cells,LINC00996,35,2,0.05714285714285714,0.08571428571428572
H06,Obese,Plasma cells,NEAT1,35,31,0.8857142857142857,6.514285714285714
H06,Obese,Plasma cells,MALAT1,35,35,1.0,260.14285714285717
H06,Obese,Plasma cells,IDI2-AS1,35,0,0.0,0.0
H06,Obese,Plasma cells,MIAT,35,2,0.05714285714285714,0.11428571428571428
H06,Obese,Plasma cells,HULC,35,0,0.0,0.0
H06,Obese,Plasma cells,LINC00261,35,0,0.0,0.0
H06,Obese,Resident NK,KCNQ1OT1,22,0,0.0,0.0
H06,Obese,Resident NK,MEG3,22,0,0.0,0.0
H06,Obese,Resident NK,ZFAS1,22,4,0.18181818181818182,0.18181818181818182
H06,Obese,Resident NK,LINC00996,22,2,0.09090909090909091,0.09090909090909091
H06,Obese,Resident NK,NEAT1,22,12,0.5454545454545454,1.0
H06,Obese,Resident NK,MALAT1,22,22,1.0,89.04545454545455
H06,Obese,Resident NK,IDI2-AS1,22,0,0.0,0.0
H06,Obese,Resident NK,MIAT,22,0,0.0,0.0
H06,Obese,Resident NK,HULC,22,0,0.0,0.0
H06,Obese,Resident NK,LINC00261,22,0,0.0,0.0
H06,Obese,T cells,KCNQ1OT1,259,5,0.019305019305019305,0.019305019305019305
H06,Obese,T cells,MEG3,259,0,0.0,0.0
H06,Obese,T cells,ZFAS1,259,102,0.3938223938223938,0.6332046332046332
H06,Obese,T cells,LINC00996,259,2,0.007722007722007722,0.007722007722007722
H06,Obese,T cells,NEAT1,259,137,0.528957528957529,1.0154440154440154
H06,Obese,T cells,MALAT1,259,259,1.0,109.61389961389962
H06,Obese,T cells,IDI2-AS1,259,0,0.0,0.0
H06,Obese,T cells,MIAT,259,18,0.0694980694980695,0.0694980694980695
H06,Obese,T cells,HULC,259,0,0.0,0.0
H06,Obese,T cells,LINC00261,259,0,0.0,0.0
H06,Obese,cDC1s,KCNQ1OT1,568,30,0.0528169014084507,0.06338028169014084
H06,Obese,cDC1s,MEG3,568,1,0.0017605633802816902,0.0017605633802816902
H06,Obese,cDC1s,ZFAS1,568,500,0.8802816901408451,2.579225352112676
H06,Obese,cDC1s,LINC00996,568,1,0.0017605633802816902,0.0017605633802816902
H06,Obese,cDC1s,NEAT1,568,554,0.9753521126760564,8.017605633802816
H06,Obese,cDC1s,MALAT1,568,568,1.0,202.68661971830986
H06,Obese,cDC1s,IDI2-AS1,568,0,0.0,0.0
H06,Obese,cDC1s,MIAT,568,1,0.0017605633802816902,0.0017605633802816902
H06,Obese,cDC1s,HULC,568,0,0.0,0.0
H06,Obese,cDC1s,LINC00261,568,0,0.0,0.0
H06,Obese,cDC2s,KCNQ1OT1,1521,88,0.057856673241288625,0.062458908612754764
H06,Obese,cDC2s,MEG3,1521,7,0.0046022353714661405,0.008547008547008548
H06,Obese,cDC2s,ZFAS1,1521,1238,0.8139381985535832,2.11439842209073
H06,Obese,cDC2s,LINC00996,1521,0,0.0,0.0
H06,Obese,cDC2s,NEAT1,1521,1475,0.9697567389875082,7.639710716633793
H06,Obese,cDC2s,MALAT1,1521,1521,1.0,157.9973701512163
H06,Obese,cDC2s,IDI2-AS1,1521,2,0.0013149243918474688,0.0013149243918474688
H06,Obese,cDC2s,MIAT,1521,0,0.0,0.0
H06,Obese,cDC2s,HULC,1521,0,0.0,0.0
H06,Obese,cDC2s,LINC00261,1521,0,0.0,0.0
H06,Obese,pDCs,KCNQ1OT1,198,5,0.025252525252525252,0.025252525252525252
H06,Obese,pDCs,MEG3,198,0,0.0,0.0
H06,Obese,pDCs,ZFAS1,198,116,0.5858585858585859,0.8888888888888888
H06,Obese,pDCs,LINC00996,198,60,0.30303030303030304,0.398989898989899
H06,Obese,pDCs,NEAT1,198,118,0.5959595959595959,1.6111111111111112
H06,Obese,pDCs,MALAT1,198,198,1.0,147.2171717171717
H06,Obese,pDCs,IDI2-AS1,198,0,0.0,0.0
H06,Obese,pDCs,MIAT,198,0,0.0,0.0
H06,Obese,pDCs,HULC,198,0,0.0,0.0
H06,Obese,pDCs,LINC00261,198,0,0.0,0.0
H07,Lean,B cells,KCNQ1OT1,202,8,0.039603960396039604,0.04455445544554455
H07,Lean,B cells,MEG3,202,0,0.0,0.0
H07,Lean,B cells,ZFAS1,202,129,0.6386138613861386,1.2475247524752475
H07,Lean,B cells,LINC00996,202,5,0.024752475247524754,0.024752475247524754
H07,Lean,B cells,NEAT1,202,90,0.44554455445544555,0.8415841584158416
H07,Lean,B cells,MALAT1,202,202,1.0,181.4108910891089
H07,Lean,B cells,IDI2-AS1,202,0,0.0,0.0
H07,Lean,B cells,MIAT,202,1,0.0049504950495049506,0.0049504950495049506
H07,Lean,B cells,HULC,202,0,0.0,0.0
H07,Lean,B cells,LINC00261,202,0,0.0,0.0
H07,Lean,Basophils,KCNQ1OT1,1,0,0.0,0.0
H07,Lean,Basophils,MEG3,1,0,0.0,0.0
H07,Lean,Basophils,ZFAS1,1,0,0.0,0.0
H07,Lean,Basophils,LINC00996,1,0,0.0,0.0
H07,Lean,Basophils,NEAT1,1,0,0.0,0.0
H07,Lean,Basophils,MALAT1,1,1,1.0,43.0
H07,Lean,Basophils,IDI2-AS1,1,0,0.0,0.0
H07,Lean,Basophils,MIAT,1,0,0.0,0.0
H07,Lean,Basophils,HULC,1,0,0.0,0.0
H07,Lean,Basophils,LINC00261,1,0,0.0,0.0
H07,Lean,Circulating NK/NKT,KCNQ1OT1,979,22,0.02247191011235955,0.02349336057201226
H07,Lean,Circulating NK/NKT,MEG3,979,1,0.0010214504596527069,0.0010214504596527069
H07,Lean,Circulating NK/NKT,ZFAS1,979,245,0.25025536261491316,0.31869254341164455
H07,Lean,Circulating NK/NKT,LINC00996,979,16,0.01634320735444331,0.01634320735444331
H07,Lean,Circulating NK/NKT,NEAT1,979,659,0.6731358529111338,1.3054136874361593
H07,Lean,Circulating NK/NKT,MALAT1,979,979,1.0,157.7037793667007
H07,Lean,Circulating NK/NKT,IDI2-AS1,979,2,0.0020429009193054137,0.0030643513789581204
H07,Lean,Circulating NK/NKT,MIAT,979,19,0.01940755873340143,0.01940755873340143
H07,Lean,Circulating NK/NKT,HULC,979,0,0.0,0.0
H07,Lean,Circulating NK/NKT,LINC00261,979,0,0.0,0.0
H07,Lean,Endothelial cells,KCNQ1OT1,131,7,0.05343511450381679,0.08396946564885496
H07,Lean,Endothelial cells,MEG3,131,102,0.7786259541984732,1.6106870229007633
H07,Lean,Endothelial cells,ZFAS1,131,24,0.183206106870229,0.21374045801526717
H07,Lean,Endothelial cells,LINC00996,131,0,0.0,0.0
H07,Lean,Endothelial cells,NEAT1,131,127,0.9694656488549618,4.083969465648855
H07,Lean,Endothelial cells,MALAT1,131,131,1.0,135.17557251908397
H07,Lean,Endothelial cells,IDI2-AS1,131,0,0.0,0.0
H07,Lean,Endothelial cells,MIAT,131,11,0.08396946564885496,0.11450381679389313
H07,Lean,Endothelial cells,HULC,131,1,0.007633587786259542,0.007633587786259542
H07,Lean,Endothelial cells,LINC00261,131,0,0.0,0.0
H07,Lean,Macrophages,KCNQ1OT1,268,15,0.055970149253731345,0.06716417910447761
H07,Lean,Macrophages,MEG3,268,3,0.011194029850746268,0.011194029850746268
H07,Lean,Macrophages,ZFAS1,268,180,0.6716417910447762,1.2388059701492538
H07,Lean,Macrophages,LINC00996,268,5,0.018656716417910446,0.022388059701492536
H07,Lean,Macrophages,NEAT1,268,253,0.9440298507462687,4.955223880597015
H07,Lean,Macrophages,MALAT1,268,266,0.9925373134328358,110.82462686567165
H07,Lean,Macrophages,IDI2-AS1,268,0,0.0,0.0
H07,Lean,Macrophages,MIAT,268,2,0.007462686567164179,0.007462686567164179
H07,Lean,Macrophages,HULC,268,5,0.018656716417910446,0.018656716417910446
H07,Lean,Macrophages,LINC00261,268,1,0.0037313432835820895,0.0037313432835820895
H07,Lean,Mig.cDCs,KCNQ1OT1,7,1,0.14285714285714285,0.14285714285714285
H07,Lean,Mig.cDCs,MEG3,7,0,0.0,0.0
H07,Lean,Mig.cDCs,ZFAS1,7,7,1.0,5.571428571428571
H07,Lean,Mig.cDCs,LINC00996,7,0,0.0,0.0
H07,Lean,Mig.cDCs,NEAT1,7,7,1.0,10.571428571428571
H07,Lean,Mig.cDCs,MALAT1,7,7,1.0,581.7142857142857
H07,Lean,Mig.cDCs,IDI2-AS1,7,0,0.0,0.0
H07,Lean,Mig.cDCs,MIAT,7,0,0.0,0.0
H07,Lean,Mig.cDCs,HULC,7,0,0.0,0.0
H07,Lean,Mig.cDCs,LINC00261,7,0,0.0,0.0
H07,Lean,Mono+mono derived cells,KCNQ1OT1,288,8,0.027777777777777776,0.027777777777777776
H07,Lean,Mono+mono derived cells,MEG3,288,3,0.010416666666666666,0.017361111111111112
H07,Lean,Mono+mono derived cells,ZFAS1,288,245,0.8506944444444444,1.9965277777777777
H07,Lean,Mono+mono derived cells,LINC00996,288,2,0.006944444444444444,0.006944444444444444
H07,Lean,Mono+mono derived cells,NEAT1,288,278,0.9652777777777778,6.416666666666667
H07,Lean,Mono+mono derived cells,MALAT1,288,288,1.0,146.78819444444446
H07,Lean,Mono+mono derived cells,IDI2-AS1,288,0,0.0,0.0
H07,Lean,Mono+mono derived cells,MIAT,288,0,0.0,0.0
H07,Lean,Mono+mono derived cells,HULC,288,1,0.003472222222222222,0.003472222222222222
H07,Lean,Mono+mono derived cells,LINC00261,288,1,0.003472222222222222,0.003472222222222222
H07,Lean,Plasma cells,KCNQ1OT1,44,9,0.20454545454545456,0.25
H07,Lean,Plasma cells,MEG3,44,1,0.022727272727272728,0.022727272727272728
H07,Lean,Plasma cells,ZFAS1,44,20,0.45454545454545453,0.7954545454545454
H07,Lean,Plasma cells,LINC00996,44,9,0.20454545454545456,0.25
H07,Lean,Plasma cells,NEAT1,44,41,0.9318181818181818,6.295454545454546
H07,Lean,Plasma cells,MALAT1,44,44,1.0,372.3863636363636
H07,Lean,Plasma cells,IDI2-AS1,44,0,0.0,0.0
H07,Lean,Plasma cells,MIAT,44,6,0.13636363636363635,0.13636363636363635
H07,Lean,Plasma cells,HULC,44,0,0.0,0.0
H07,Lean,Plasma cells,LINC00261,44,0,0.0,0.0
H07,Lean,Resident NK,KCNQ1OT1,1619,63,0.03891290920321186,0.042001235330450894
H07,Lean,Resident NK,MEG3,1619,2,0.0012353304508956147,0.0012353304508956147
H07,Lean,Resident NK,ZFAS1,1619,513,0.3168622606547251,0.4002470660901791
H07,Lean,Resident NK,LINC00996,1619,216,0.13341568869672638,0.14885731933292157
H07,Lean,Resident NK,NEAT1,1619,776,0.4793082149474985,0.7560222359481161
H07,Lean,Resident NK,MALAT1,1619,1619,1.0,155.56763434218652
H07,Lean,Resident NK,IDI2-AS1,1619,5,0.0030883261272390363,0.0030883261272390363
H07,Lean,Resident NK,MIAT,1619,3,0.0018529956763434219,0.0018529956763434219
H07,Lean,Resident NK,HULC,1619,1,0.0006176652254478073,0.0006176652254478073
H07,Lean,Resident NK,LINC00261,1619,0,0.0,0.0
H07,Lean,T cells,KCNQ1OT1,2475,76,0.030707070707070707,0.03272727272727273
H07,Lean,T cells,MEG3,2475,2,0.0008080808080808081,0.0008080808080808081
H07,Lean,T cells,ZFAS1,2475,1269,0.5127272727272727,0.7595959595959596
H07,Lean,T cells,LINC00996,2475,20,0.00808080808080808,0.008484848484848486
H07,Lean,T cells,NEAT1,2475,1347,0.5442424242424242,1.0197979797979797
H07,Lean,T cells,MALAT1,2475,2475,1.0,198.4808080808081
H07,Lean,T cells,IDI2-AS1,2475,5,0.00202020202020202,0.00202020202020202
H07,Lean,T cells,MIAT,2475,117,0.04727272727272727,0.0496969696969697
H07,Lean,T cells,HULC,2475,0,0.0,0.0
H07,Lean,T cells,LINC00261,2475,0,0.0,0.0
H07,Lean,cDC1s,KCNQ1OT1,61,6,0.09836065573770492,0.09836065573770492
H07,Lean,cDC1s,MEG3,61,0,0.0,0.0
H07,Lean,cDC1s,ZFAS1,61,58,0.9508196721311475,3.622950819672131
H07,Lean,cDC1s,LINC00996,61,0,0.0,0.0
H07,Lean,cDC1s,NEAT1,61,59,0.9672131147540983,6.344262295081967
H07,Lean,cDC1s,MALAT1,61,61,1.0,302.4754098360656
H07,Lean,cDC1s,IDI2-AS1,61,0,0.0,0.0
H07,Lean,cDC1s,MIAT,61,1,0.01639344262295082,0.01639344262295082
H07,Lean,cDC1s,HULC,61,0,0.0,0.0
H07,Lean,cDC1s,LINC00261,61,0,0.0,0.0
H07,Lean,cDC2s,KCNQ1OT1,189,10,0.05291005291005291,0.0582010582010582
H07,Lean,cDC2s,MEG3,189,1,0.005291005291005291,0.005291005291005291
H07,Lean,cDC2s,ZFAS1,189,164,0.8677248677248677,2.5767195767195767
H07,Lean,cDC2s,LINC00996,189,0,0.0,0.0
H07,Lean,cDC2s,NEAT1,189,179,0.9470899470899471,4.328042328042328
H07,Lean,cDC2s,MALAT1,189,189,1.0,219.44973544973544
H07,Lean,cDC2s,IDI2-AS1,189,0,0.0,0.0
H07,Lean,cDC2s,MIAT,189,0,0.0,0.0
H07,Lean,cDC2s,HULC,189,0,0.0,0.0
H07,Lean,cDC2s,LINC00261,189,1,0.005291005291005291,0.005291005291005291
H07,Lean,pDCs,KCNQ1OT1,31,1,0.03225806451612903,0.03225806451612903
H07,Lean,pDCs,MEG3,31,0,0.0,0.0
H07,Lean,pDCs,ZFAS1,31,20,0.6451612903225806,1.096774193548387
H07,Lean,pDCs,LINC00996,31,21,0.6774193548387096,1.3548387096774193
H07,Lean,pDCs,NEAT1,31,21,0.6774193548387096,2.129032258064516
H07,Lean,pDCs,MALAT1,31,31,1.0,242.93548387096774
H07,Lean,pDCs,IDI2-AS1,31,0,0.0,0.0
H07,Lean,pDCs,MIAT,31,0,0.0,0.0
H07,Lean,pDCs,HULC,31,0,0.0,0.0
H07,Lean,pDCs,LINC00261,31,0,0.0,0.0
H10,Lean,B cells,KCNQ1OT1,34,7,0.20588235294117646,0.23529411764705882
H10,Lean,B cells,MEG3,34,0,0.0,0.0
H10,Lean,B cells,ZFAS1,34,22,0.6470588235294118,1.4411764705882353
H10,Lean,B cells,LINC00996,34,0,0.0,0.0
H10,Lean,B cells,NEAT1,34,22,0.6470588235294118,1.6764705882352942
H10,Lean,B cells,MALAT1,34,34,1.0,344.47058823529414
H10,Lean,B cells,IDI2-AS1,34,0,0.0,0.0
H10,Lean,B cells,MIAT,34,1,0.029411764705882353,0.029411764705882353
H10,Lean,B cells,HULC,34,0,0.0,0.0
H10,Lean,B cells,LINC00261,34,0,0.0,0.0
H10,Lean,Basophils,KCNQ1OT1,4,3,0.75,1.5
H10,Lean,Basophils,MEG3,4,1,0.25,0.25
H10,Lean,Basophils,ZFAS1,4,2,0.5,2.25
H10,Lean,Basophils,LINC00996,4,0,0.0,0.0
H10,Lean,Basophils,NEAT1,4,3,0.75,4.25
H10,Lean,Basophils,MALAT1,4,4,1.0,279.75
H10,Lean,Basophils,IDI2-AS1,4,0,0.0,0.0
H10,Lean,Basophils,MIAT,4,0,0.0,0.0
H10,Lean,Basophils,HULC,4,0,0.0,0.0
H10,Lean,Basophils,LINC00261,4,0,0.0,0.0
H10,Lean,Circulating NK/NKT,KCNQ1OT1,281,25,0.08896797153024912,0.13167259786476868
H10,Lean,Circulating NK/NKT,MEG3,281,0,0.0,0.0
H10,Lean,Circulating NK/NKT,ZFAS1,281,129,0.45907473309608543,0.6192170818505338
H10,Lean,Circulating NK/NKT,LINC00996,281,9,0.03202846975088968,0.03202846975088968
H10,Lean,Circulating NK/NKT,NEAT1,281,254,0.9039145907473309,3.6512455516014235
H10,Lean,Circulating NK/NKT,MALAT1,281,281,1.0,293.98220640569394
H10,Lean,Circulating NK/NKT,IDI2-AS1,281,2,0.0071174377224199285,0.0071174377224199285
H10,Lean,Circulating NK/NKT,MIAT,281,20,0.0711743772241993,0.08540925266903915
H10,Lean,Circulating NK/NKT,HULC,281,0,0.0,0.0
H10,Lean,Circulating NK/NKT,LINC00261,281,0,0.0,0.0
H10,Lean,Macrophages,KCNQ1OT1,36,1,0.027777777777777776,0.027777777777777776
H10,Lean,Macrophages,MEG3,36,0,0.0,0.0
H10,Lean,Macrophages,ZFAS1,36,16,0.4444444444444444,0.5555555555555556
H10,Lean,Macrophages,LINC00996,36,0,0.0,0.0
H10,Lean,Macrophages,NEAT1,36,12,0.3333333333333333,6.25
H10,Lean,Macrophages,MALAT1,36,23,0.6388888888888888,98.5
H10,Lean,Macrophages,IDI2-AS1,36,0,0.0,0.0
H10,Lean,Macrophages,MIAT,36,1,0.027777777777777776,0.027777777777777776
H10,Lean,Macrophages,HULC,36,0,0.0,0.0
H10,Lean,Macrophages,LINC00261,36,0,0.0,0.0
H10,Lean,Mono+mono derived cells,KCNQ1OT1,62,14,0.22580645161290322,0.3548387096774194
H10,Lean,Mono+mono derived cells,MEG3,62,1,0.016129032258064516,0.0967741935483871
H10,Lean,Mono+mono derived cells,ZFAS1,62,45,0.7258064516129032,1.9193548387096775
H10,Lean,Mono+mono derived cells,LINC00996,62,1,0.016129032258064516,0.016129032258064516
H10,Lean,Mono+mono derived cells,NEAT1,62,61,0.9838709677419355,28.822580645161292
H10,Lean,Mono+mono derived cells,MALAT1,62,61,0.9838709677419355,231.98387096774192
H10,Lean,Mono+mono derived cells,IDI2-AS1,62,0,0.0,0.0
H10,Lean,Mono+mono derived cells,MIAT,62,1,0.016129032258064516,0.03225806451612903
H10,Lean,Mono+mono derived cells,HULC,62,0,0.0,0.0
H10,Lean,Mono+mono derived cells,LINC00261,62,0,0.0,0.0
H10,Lean,Neutrophils,KCNQ1OT1,8,0,0.0,0.0
H10,Lean,Neutrophils,MEG3,8,0,0.0,0.0
H10,Lean,Neutrophils,ZFAS1,8,3,0.375,0.375
H10,Lean,Neutrophils,LINC00996,8,0,0.0,0.0
H10,Lean,Neutrophils,NEAT1,8,8,1.0,7.25
H10,Lean,Neutrophils,MALAT1,8,8,1.0,73.875
H10,Lean,Neutrophils,IDI2-AS1,8,0,0.0,0.0
H10,Lean,Neutrophils,MIAT,8,1,0.125,0.125
H10,Lean,Neutrophils,HULC,8,0,0.0,0.0
H10,Lean,Neutrophils,LINC00261,8,0,0.0,0.0
H10,Lean,Plasma cells,KCNQ1OT1,2,1,0.5,0.5
H10,Lean,Plasma cells,MEG3,2,0,0.0,0.0
H10,Lean,Plasma cells,ZFAS1,2,0,0.0,0.0
H10,Lean,Plasma cells,LINC00996,2,1,0.5,1.0
H10,Lean,Plasma cells,NEAT1,2,2,1.0,10.5
H10,Lean,Plasma cells,MALAT1,2,2,1.0,959.5
H10,Lean,Plasma cells,IDI2-AS1,2,0,0.0,0.0
H10,Lean,Plasma cells,MIAT,2,1,0.5,2.5
H10,Lean,Plasma cells,HULC,2,0,0.0,0.0
H10,Lean,Plasma cells,LINC00261,2,0,0.0,0.0
H10,Lean,Resident NK,KCNQ1OT1,298,16,0.053691275167785234,0.07718120805369127
H10,Lean,Resident NK,MEG3,298,0,0.0,0.0
H10,Lean,Resident NK,ZFAS1,298,125,0.41946308724832215,0.5302013422818792
H10,Lean,Resident NK,LINC00996,298,82,0.2751677852348993,0.34563758389261745
H10,Lean,Resident NK,NEAT1,298,233,0.7818791946308725,2.0906040268456376
H10,Lean,Resident NK,MALAT1,298,298,1.0,230.13422818791946
H10,Lean,Resident NK,IDI2-AS1,298,1,0.003355704697986577,0.003355704697986577
H10,Lean,Resident NK,MIAT,298,1,0.003355704697986577,0.003355704697986577
H10,Lean,Resident NK,HULC,298,0,0.0,0.0
H10,Lean,Resident NK,LINC00261,298,0,0.0,0.0
H10,Lean,T cells,KCNQ1OT1,932,51,0.05472103004291846,0.06652360515021459
H10,Lean,T cells,MEG3,932,1,0.001072961373390558,0.001072961373390558
H10,Lean,T cells,ZFAS1,932,586,0.628755364806867,1.1394849785407726
H10,Lean,T cells,LINC00996,932,32,0.034334763948497854,0.04184549356223176
H10,Lean,T cells,NEAT1,932,713,0.7650214592274678,2.3540772532188843
H10,Lean,T cells,MALAT1,932,932,1.0,330.8079399141631
H10,Lean,T cells,IDI2-AS1,932,2,0.002145922746781116,0.002145922746781116
H10,Lean,T cells,MIAT,932,209,0.22424892703862662,0.29935622317596566
H10,Lean,T cells,HULC,932,0,0.0,0.0
H10,Lean,T cells,LINC00261,932,0,0.0,0.0
H10,Lean,cDC1s,KCNQ1OT1,2,0,0.0,0.0
H10,Lean,cDC1s,MEG3,2,0,0.0,0.0
H10,Lean,cDC1s,ZFAS1,2,2,1.0,2.5
H10,Lean,cDC1s,LINC00996,2,0,0.0,0.0
H10,Lean,cDC1s,NEAT1,2,0,0.0,0.0
H10,Lean,cDC1s,MALAT1,2,1,0.5,1.0
H10,Lean,cDC1s,IDI2-AS1,2,0,0.0,0.0
H10,Lean,cDC1s,MIAT,2,0,0.0,0.0
H10,Lean,cDC1s,HULC,2,0,0.0,0.0
H10,Lean,cDC1s,LINC00261,2,0,0.0,0.0
H10,Lean,cDC2s,KCNQ1OT1,5,1,0.2,0.2
H10,Lean,cDC2s,MEG3,5,0,0.0,0.0
H10,Lean,cDC2s,ZFAS1,5,4,0.8,2.4
H10,Lean,cDC2s,LINC00996,5,0,0.0,0.0
H10,Lean,cDC2s,NEAT1,5,5,1.0,7.4
H10,Lean,cDC2s,MALAT1,5,5,1.0,248.8
H10,Lean,cDC2s,IDI2-AS1,5,0,0.0,0.0
H10,Lean,cDC2s,MIAT,5,1,0.2,0.2
H10,Lean,cDC2s,HULC,5,0,0.0,0.0
H10,Lean,cDC2s,LINC00261,5,0,0.0,0.0
H11,Obese,B cells,KCNQ1OT1,9,1,0.1111111111111111,0.2222222222222222
H11,Obese,B cells,MEG3,9,0,0.0,0.0
H11,Obese,B cells,ZFAS1,9,6,0.6666666666666666,1.1111111111111112
H11,Obese,B cells,LINC00996,9,0,0.0,0.0
H11,Obese,B cells,NEAT1,9,5,0.5555555555555556,1.0
H11,Obese,B cells,MALAT1,9,9,1.0,212.11111111111111
H11,Obese,B cells,IDI2-AS1,9,0,0.0,0.0
H11,Obese,B cells,MIAT,9,0,0.0,0.0
H11,Obese,B cells,HULC,9,0,0.0,0.0
H11,Obese,B cells,LINC00261,9,0,0.0,0.0
H11,Obese,Basophils,KCNQ1OT1,5,1,0.2,0.6
H11,Obese,Basophils,MEG3,5,1,0.2,0.4
H11,Obese,Basophils,ZFAS1,5,1,0.2,0.4
H11,Obese,Basophils,LINC00996,5,0,0.0,0.0
H11,Obese,Basophils,NEAT1,5,5,1.0,6.0
H11,Obese,Basophils,MALAT1,5,5,1.0,241.0
H11,Obese,Basophils,IDI2-AS1,5,0,0.0,0.0
H11,Obese,Basophils,MIAT,5,0,0.0,0.0
H11,Obese,Basophils,HULC,5,0,0.0,0.0
H11,Obese,Basophils,LINC00261,5,0,0.0,0.0
H11,Obese,Circulating NK/NKT,KCNQ1OT1,139,9,0.06474820143884892,0.09352517985611511
H11,Obese,Circulating NK/NKT,MEG3,139,0,0.0,0.0
H11,Obese,Circulating NK/NKT,ZFAS1,139,56,0.4028776978417266,0.5755395683453237
H11,Obese,Circulating NK/NKT,LINC00996,139,5,0.03597122302158273,0.03597122302158273
H11,Obese,Circulating NK/NKT,NEAT1,139,135,0.9712230215827338,6.287769784172662
H11,Obese,Circulating NK/NKT,MALAT1,139,139,1.0,254.24460431654677
H11,Obese,Circulating NK/NKT,IDI2-AS1,139,2,0.014388489208633094,0.014388489208633094
H11,Obese,Circulating NK/NKT,MIAT,139,11,0.07913669064748201,0.07913669064748201
H11,Obese,Circulating NK/NKT,HULC,139,0,0.0,0.0
H11,Obese,Circulating NK/NKT,LINC00261,139,0,0.0,0.0
H11,Obese,Macrophages,KCNQ1OT1,43,0,0.0,0.0
H11,Obese,Macrophages,MEG3,43,0,0.0,0.0
H11,Obese,Macrophages,ZFAS1,43,13,0.3023255813953488,0.4186046511627907
H11,Obese,Macrophages,LINC00996,43,1,0.023255813953488372,0.023255813953488372
H11,Obese,Macrophages,NEAT1,43,6,0.13953488372093023,2.2093023255813953
H11,Obese,Macrophages,MALAT1,43,21,0.4883720930232558,22.186046511627907
H11,Obese,Macrophages,IDI2-AS1,43,0,0.0,0.0
H11,Obese,Macrophages,MIAT,43,0,0.0,0.0
H11,Obese,Macrophages,HULC,43,0,0.0,0.0
H11,Obese,Macrophages,LINC00261,43,0,0.0,0.0
H11,Obese,Mono+mono derived cells,KCNQ1OT1,50,4,0.08,0.08
H11,Obese,Mono+mono derived cells,MEG3,50,0,0.0,0.0
H11,Obese,Mono+mono derived cells,ZFAS1,50,34,0.68,1.96
H11,Obese,Mono+mono derived cells,LINC00996,50,4,0.08,0.08
H11,Obese,Mono+mono derived cells,NEAT1,50,37,0.74,22.14
H11,Obese,Mono+mono derived cells,MALAT1,50,43,0.86,139.26
H11,Obese,Mono+mono derived cells,IDI2-AS1,50,0,0.0,0.0
H11,Obese,Mono+mono derived cells,MIAT,50,0,0.0,0.0
H11,Obese,Mono+mono derived cells,HULC,50,1,0.02,0.02
H11,Obese,Mono+mono derived cells,LINC00261,50,0,0.0,0.0
H11,Obese,Resident NK,KCNQ1OT1,45,1,0.022222222222222223,0.022222222222222223
H11,Obese,Resident NK,MEG3,45,0,0.0,0.0
H11,Obese,Resident NK,ZFAS1,45,22,0.4888888888888889,1.0444444444444445
H11,Obese,Resident NK,LINC00996,45,11,0.24444444444444444,0.26666666666666666
H11,Obese,Resident NK,NEAT1,45,43,0.9555555555555556,3.3777777777777778
H11,Obese,Resident NK,MALAT1,45,44,0.9777777777777777,193.66666666666666
H11,Obese,Resident NK,IDI2-AS1,45,0,0.0,0.0
H11,Obese,Resident NK,MIAT,45,4,0.08888888888888889,0.08888888888888889
H11,Obese,Resident NK,HULC,45,0,0.0,0.0
H11,Obese,Resident NK,LINC00261,45,0,0.0,0.0
H11,Obese,T cells,KCNQ1OT1,318,34,0.1069182389937107,0.12578616352201258
H11,Obese,T cells,MEG3,318,1,0.0031446540880503146,0.0031446540880503146
H11,Obese,T cells,ZFAS1,318,181,0.5691823899371069,1.0408805031446542
H11,Obese,T cells,LINC00996,318,18,0.05660377358490566,0.0660377358490566
H11,Obese,T cells,NEAT1,318,249,0.7830188679245284,2.8836477987421385
H11,Obese,T cells,MALAT1,318,317,0.9968553459119497,279.0345911949685
H11,Obese,T cells,IDI2-AS1,318,1,0.0031446540880503146,0.0031446540880503146
H11,Obese,T cells,MIAT,318,95,0.29874213836477986,0.4025157232704403
H11,Obese,T cells,HULC,318,0,0.0,0.0
H11,Obese,T cells,LINC00261,318,0,0.0,0.0
H11,Obese,cDC2s,KCNQ1OT1,1,0,0.0,0.0
H11,Obese,cDC2s,MEG3,1,0,0.0,0.0
H11,Obese,cDC2s,ZFAS1,1,1,1.0,4.0
H11,Obese,cDC2s,LINC00996,1,0,0.0,0.0
H11,Obese,cDC2s,NEAT1,1,1,1.0,4.0
H11,Obese,cDC2s,MALAT1,1,1,1.0,166.0
H11,Obese,cDC2s,IDI2-AS1,1,0,0.0,0.0
H11,Obese,cDC2s,MIAT,1,0,0.0,0.0
H11,Obese,cDC2s,HULC,1,0,0.0,0.0
H11,Obese,cDC2s,LINC00261,1,0,0.0,0.0
H13,Lean,B cells,KCNQ1OT1,39,2,0.05128205128205128,0.05128205128205128
H13,Lean,B cells,MEG3,39,0,0.0,0.0
H13,Lean,B cells,ZFAS1,39,23,0.5897435897435898,1.1025641025641026
H13,Lean,B cells,LINC00996,39,0,0.0,0.0
H13,Lean,B cells,NEAT1,39,30,0.7692307692307693,2.5384615384615383
H13,Lean,B cells,MALAT1,39,39,1.0,146.0
H13,Lean,B cells,IDI2-AS1,39,0,0.0,0.0
H13,Lean,B cells,MIAT,39,3,0.07692307692307693,0.10256410256410256
H13,Lean,B cells,HULC,39,0,0.0,0.0
H13,Lean,B cells,LINC00261,39,0,0.0,0.0
H13,Lean,Basophils,KCNQ1OT1,23,1,0.043478260869565216,0.043478260869565216
H13,Lean,Basophils,MEG3,23,0,0.0,0.0
H13,Lean,Basophils,ZFAS1,23,6,0.2608695652173913,0.30434782608695654
H13,Lean,Basophils,LINC00996,23,0,0.0,0.0
H13,Lean,Basophils,NEAT1,23,16,0.6956521739130435,1.7826086956521738
H13,Lean,Basophils,MALAT1,23,23,1.0,140.2608695652174
H13,Lean,Basophils,IDI2-AS1,23,0,0.0,0.0
H13,Lean,Basophils,MIAT,23,0,0.0,0.0
H13,Lean,Basophils,HULC,23,0,0.0,0.0
H13,Lean,Basophils,LINC00261,23,0,0.0,0.0
H13,Lean,Circulating NK/NKT,KCNQ1OT1,725,19,0.02620689655172414,0.03310344827586207
H13,Lean,Circulating NK/NKT,MEG3,725,0,0.0,0.0
H13,Lean,Circulating NK/NKT,ZFAS1,725,192,0.26482758620689656,0.32
H13,Lean,Circulating NK/NKT,LINC00996,725,15,0.020689655172413793,0.022068965517241378
H13,Lean,Circulating NK/NKT,NEAT1,725,697,0.9613793103448276,6.695172413793103
H13,Lean,Circulating NK/NKT,MALAT1,725,725,1.0,138.1448275862069
H13,Lean,Circulating NK/NKT,IDI2-AS1,725,1,0.001379310344827586,0.001379310344827586
H13,Lean,Circulating NK/NKT,MIAT,725,34,0.04689655172413793,0.05241379310344828
H13,Lean,Circulating NK/NKT,HULC,725,0,0.0,0.0
H13,Lean,Circulating NK/NKT,LINC00261,725,0,0.0,0.0
H13,Lean,Macrophages,KCNQ1OT1,109,5,0.045871559633027525,0.045871559633027525
H13,Lean,Macrophages,MEG3,109,0,0.0,0.0
H13,Lean,Macrophages,ZFAS1,109,37,0.3394495412844037,0.43119266055045874
H13,Lean,Macrophages,LINC00996,109,0,0.0,0.0
H13,Lean,Macrophages,NEAT1,109,100,0.9174311926605505,9.155963302752294
H13,Lean,Macrophages,MALAT1,109,109,1.0,60.36697247706422
H13,Lean,Macrophages,IDI2-AS1,109,0,0.0,0.0
H13,Lean,Macrophages,MIAT,109,2,0.01834862385321101,0.01834862385321101
H13,Lean,Macrophages,HULC,109,0,0.0,0.0
H13,Lean,Macrophages,LINC00261,109,1,0.009174311926605505,0.009174311926605505
H13,Lean,Mono+mono derived cells,KCNQ1OT1,388,26,0.06701030927835051,0.09278350515463918
H13,Lean,Mono+mono derived cells,MEG3,388,12,0.030927835051546393,0.11855670103092783
H13,Lean,Mono+mono derived cells,ZFAS1,388,257,0.6623711340206185,1.190721649484536
H13,Lean,Mono+mono derived cells,LINC00996,388,0,0.0,0.0
H13,Lean,Mono+mono derived cells,NEAT1,388,388,1.0,21.193298969072163
H13,Lean,Mono+mono derived cells,MALAT1,388,388,1.0,99.17525773195877
H13,Lean,Mono+mono derived cells,IDI2-AS1,388,0,0.0,0.0
H13,Lean,Mono+mono derived cells,MIAT,388,1,0.002577319587628866,0.002577319587628866
H13,Lean,Mono+mono derived cells,HULC,388,0,0.0,0.0
H13,Lean,Mono+mono derived cells,LINC00261,388,0,0.0,0.0
H13,Lean,Neutrophils,KCNQ1OT1,3,0,0.0,0.0
H13,Lean,Neutrophils,MEG3,3,0,0.0,0.0
H13,Lean,Neutrophils,ZFAS1,3,0,0.0,0.0
H13,Lean,Neutrophils,LINC00996,3,0,0.0,0.0
H13,Lean,Neutrophils,NEAT1,3,3,1.0,4.333333333333333
H13,Lean,Neutrophils,MALAT1,3,3,1.0,100.33333333333333
H13,Lean,Neutrophils,IDI2-AS1,3,0,0.0,0.0
H13,Lean,Neutrophils,MIAT,3,0,0.0,0.0
H13,Lean,Neutrophils,HULC,3,0,0.0,0.0
H13,Lean,Neutrophils,LINC00261,3,0,0.0,0.0
H13,Lean,Plasma cells,KCNQ1OT1,42,8,0.19047619047619047,0.19047619047619047
H13,Lean,Plasma cells,MEG3,42,0,0.0,0.0
H13,Lean,Plasma cells,ZFAS1,42,16,0.38095238095238093,0.5
H13,Lean,Plasma cells,LINC00996,42,2,0.047619047619047616,0.047619047619047616
H13,Lean,Plasma cells,NEAT1,42,42,1.0,15.238095238095237
H13,Lean,Plasma cells,MALAT1,42,42,1.0,296.6904761904762
H13,Lean,Plasma cells,IDI2-AS1,42,0,0.0,0.0
H13,Lean,Plasma cells,MIAT,42,2,0.047619047619047616,0.047619047619047616
H13,Lean,Plasma cells,HULC,42,0,0.0,0.0
H13,Lean,Plasma cells,LINC00261,42,0,0.0,0.0
H13,Lean,Resident NK,KCNQ1OT1,903,17,0.018826135105204873,0.0221483942414175
H13,Lean,Resident NK,MEG3,903,0,0.0,0.0
H13,Lean,Resident NK,ZFAS1,903,234,0.2591362126245847,0.3532668881506091
H13,Lean,Resident NK,LINC00996,903,96,0.10631229235880399,0.11517165005537099
H13,Lean,Resident NK,NEAT1,903,777,0.8604651162790697,3.215946843853821
H13,Lean,Resident NK,MALAT1,903,903,1.0,121.10520487264674
H13,Lean,Resident NK,IDI2-AS1,903,0,0.0,0.0
H13,Lean,Resident NK,MIAT,903,13,0.014396456256921373,0.016611295681063124
H13,Lean,Resident NK,HULC,903,0,0.0,0.0
H13,Lean,Resident NK,LINC00261,903,0,0.0,0.0
H13,Lean,T cells,KCNQ1OT1,12161,403,0.03313872214456048,0.03659238549461393
H13,Lean,T cells,MEG3,12161,4,0.0003289203190527095,0.00041115039881588683
H13,Lean,T cells,ZFAS1,12161,4382,0.36033220952224326,0.4691226050489269
H13,Lean,T cells,LINC00996,12161,126,0.010360990050160349,0.010772140448976236
H13,Lean,T cells,NEAT1,12161,10157,0.8352109201545925,3.2091933229175233
H13,Lean,T cells,MALAT1,12161,12161,1.0,143.79631609242662
H13,Lean,T cells,IDI2-AS1,12161,4,0.0003289203190527095,0.0003289203190527095
H13,Lean,T cells,MIAT,12161,809,0.0665241345284105,0.07277362059041197
H13,Lean,T cells,HULC,12161,1,8.223007976317738e-05,8.223007976317738e-05
H13,Lean,T cells,LINC00261,12161,0,0.0,0.0
H13,Lean,cDC1s,KCNQ1OT1,67,10,0.14925373134328357,0.14925373134328357
H13,Lean,cDC1s,MEG3,67,0,0.0,0.0
H13,Lean,cDC1s,ZFAS1,67,53,0.7910447761194029,2.044776119402985
H13,Lean,cDC1s,LINC00996,67,0,0.0,0.0
H13,Lean,cDC1s,NEAT1,67,67,1.0,16.567164179104477
H13,Lean,cDC1s,MALAT1,67,67,1.0,185.2537313432836
H13,Lean,cDC1s,IDI2-AS1,67,0,0.0,0.0
H13,Lean,cDC1s,MIAT,67,0,0.0,0.0
H13,Lean,cDC1s,HULC,67,0,0.0,0.0
H13,Lean,cDC1s,LINC00261,67,0,0.0,0.0
H13,Lean,cDC2s,KCNQ1OT1,66,3,0.045454545454545456,0.045454545454545456
H13,Lean,cDC2s,MEG3,66,0,0.0,0.0
H13,Lean,cDC2s,ZFAS1,66,46,0.696969696969697,1.3333333333333333
H13,Lean,cDC2s,LINC00996,66,0,0.0,0.0
H13,Lean,cDC2s,NEAT1,66,65,0.9848484848484849,14.075757575757576
H13,Lean,cDC2s,MALAT1,66,66,1.0,139.27272727272728
H13,Lean,cDC2s,IDI2-AS1,66,0,0.0,0.0
H13,Lean,cDC2s,MIAT,66,0,0.0,0.0
H13,Lean,cDC2s,HULC,66,0,0.0,0.0
H13,Lean,cDC2s,LINC00261,66,0,0.0,0.0
H13,Lean,pDCs,KCNQ1OT1,13,0,0.0,0.0
H13,Lean,pDCs,MEG3,13,0,0.0,0.0
H13,Lean,pDCs,ZFAS1,13,6,0.46153846153846156,0.46153846153846156
H13,Lean,pDCs,LINC00996,13,8,0.6153846153846154,1.0769230769230769
H13,Lean,pDCs,NEAT1,13,10,0.7692307692307693,3.230769230769231
H13,Lean,pDCs,MALAT1,13,13,1.0,144.76923076923077
H13,Lean,pDCs,IDI2-AS1,13,0,0.0,0.0
H13,Lean,pDCs,MIAT,13,0,0.0,0.0
H13,Lean,pDCs,HULC,13,0,0.0,0.0
H13,Lean,pDCs,LINC00261,13,0,0.0,0.0
H14,Lean,B cells,KCNQ1OT1,35,7,0.2,0.2857142857142857
H14,Lean,B cells,MEG3,35,0,0.0,0.0
H14,Lean,B cells,ZFAS1,35,33,0.9428571428571428,2.4
H14,Lean,B cells,LINC00996,35,1,0.02857142857142857,0.02857142857142857
H14,Lean,B cells,NEAT1,35,28,0.8,3.6285714285714286
H14,Lean,B cells,MALAT1,35,35,1.0,286.34285714285716
H14,Lean,B cells,IDI2-AS1,35,0,0.0,0.0
H14,Lean,B cells,MIAT,35,3,0.08571428571428572,0.08571428571428572
H14,Lean,B cells,HULC,35,0,0.0,0.0
H14,Lean,B cells,LINC00261,35,0,0.0,0.0
H14,Lean,Circulating NK/NKT,KCNQ1OT1,496,16,0.03225806451612903,0.04032258064516129
H14,Lean,Circulating NK/NKT,MEG3,496,0,0.0,0.0
H14,Lean,Circulating NK/NKT,ZFAS1,496,244,0.49193548387096775,0.7419354838709677
H14,Lean,Circulating NK/NKT,LINC00996,496,19,0.038306451612903226,0.04032258064516129
H14,Lean,Circulating NK/NKT,NEAT1,496,487,0.9818548387096774,9.602822580645162
H14,Lean,Circulating NK/NKT,MALAT1,496,496,1.0,257.25604838709677
H14,Lean,Circulating NK/NKT,IDI2-AS1,496,1,0.0020161290322580645,0.0020161290322580645
H14,Lean,Circulating NK/NKT,MIAT,496,70,0.14112903225806453,0.1592741935483871
H14,Lean,Circulating NK/NKT,HULC,496,1,0.0020161290322580645,0.0020161290322580645
H14,Lean,Circulating NK/NKT,LINC00261,496,0,0.0,0.0
H14,Lean,Endothelial cells,KCNQ1OT1,8,1,0.125,0.25
H14,Lean,Endothelial cells,MEG3,8,1,0.125,0.75
H14,Lean,Endothelial cells,ZFAS1,8,1,0.125,0.125
H14,Lean,Endothelial cells,LINC00996,8,0,0.0,0.0
H14,Lean,Endothelial cells,NEAT1,8,1,0.125,4.875
H14,Lean,Endothelial cells,MALAT1,8,6,0.75,30.375
H14,Lean,Endothelial cells,IDI2-AS1,8,0,0.0,0.0
H14,Lean,Endothelial cells,MIAT,8,1,0.125,0.125
H14,Lean,Endothelial cells,HULC,8,0,0.0,0.0
H14,Lean,Endothelial cells,LINC00261,8,0,0.0,0.0
H14,Lean,Macrophages,KCNQ1OT1,44,5,0.11363636363636363,0.1590909090909091
H14,Lean,Macrophages,MEG3,44,0,0.0,0.0
H14,Lean,Macrophages,ZFAS1,44,24,0.5454545454545454,1.25
H14,Lean,Macrophages,LINC00996,44,0,0.0,0.0
H14,Lean,Macrophages,NEAT1,44,17,0.38636363636363635,6.318181818181818
H14,Lean,Macrophages,MALAT1,44,33,0.75,90.1590909090909
H14,Lean,Macrophages,IDI2-AS1,44,0,0.0,0.0
H14,Lean,Macrophages,MIAT,44,0,0.0,0.0
H14,Lean,Macrophages,HULC,44,0,0.0,0.0
H14,Lean,Macrophages,LINC00261,44,0,0.0,0.0
H14,Lean,Mono+mono derived cells,KCNQ1OT1,135,19,0.14074074074074075,0.24444444444444444
H14,Lean,Mono+mono derived cells,MEG3,135,1,0.007407407407407408,0.022222222222222223
H14,Lean,Mono+mono derived cells,ZFAS1,135,116,0.8592592592592593,2.962962962962963
H14,Lean,Mono+mono derived cells,LINC00996,135,0,0.0,0.0
H14,Lean,Mono+mono derived cells,NEAT1,135,135,1.0,48.666666666666664
H14,Lean,Mono+mono derived cells,MALAT1,135,135,1.0,183.02962962962962
H14,Lean,Mono+mono derived cells,IDI2-AS1,135,1,0.007407407407407408,0.007407407407407408
H14,Lean,Mono+mono derived cells,MIAT,135,1,0.007407407407407408,0.007407407407407408
H14,Lean,Mono+mono derived cells,HULC,135,0,0.0,0.0
H14,Lean,Mono+mono derived cells,LINC00261,135,0,0.0,0.0
H14,Lean,Neutrophils,KCNQ1OT1,2,1,0.5,0.5
H14,Lean,Neutrophils,MEG3,2,0,0.0,0.0
H14,Lean,Neutrophils,ZFAS1,2,0,0.0,0.0
H14,Lean,Neutrophils,LINC00996,2,0,0.0,0.0
H14,Lean,Neutrophils,NEAT1,2,2,1.0,8.5
H14,Lean,Neutrophils,MALAT1,2,2,1.0,14.0
H14,Lean,Neutrophils,IDI2-AS1,2,0,0.0,0.0
H14,Lean,Neutrophils,MIAT,2,0,0.0,0.0
H14,Lean,Neutrophils,HULC,2,0,0.0,0.0
H14,Lean,Neutrophils,LINC00261,2,0,0.0,0.0
H14,Lean,Plasma cells,KCNQ1OT1,6,1,0.16666666666666666,0.3333333333333333
H14,Lean,Plasma cells,MEG3,6,0,0.0,0.0
H14,Lean,Plasma cells,ZFAS1,6,2,0.3333333333333333,0.6666666666666666
H14,Lean,Plasma cells,LINC00996,6,0,0.0,0.0
H14,Lean,Plasma cells,NEAT1,6,6,1.0,10.666666666666666
H14,Lean,Plasma cells,MALAT1,6,6,1.0,375.1666666666667
H14,Lean,Plasma cells,IDI2-AS1,6,0,0.0,0.0
H14,Lean,Plasma cells,MIAT,6,0,0.0,0.0
H14,Lean,Plasma cells,HULC,6,0,0.0,0.0
H14,Lean,Plasma cells,LINC00261,6,0,0.0,0.0
H14,Lean,Resident NK,KCNQ1OT1,383,15,0.0391644908616188,0.05483028720626632
H14,Lean,Resident NK,MEG3,383,0,0.0,0.0
H14,Lean,Resident NK,ZFAS1,383,182,0.4751958224543081,0.6866840731070496
H14,Lean,Resident NK,LINC00996,383,112,0.2924281984334204,0.3629242819843342
H14,Lean,Resident NK,NEAT1,383,368,0.9608355091383812,5.357702349869451
H14,Lean,Resident NK,MALAT1,383,383,1.0,202.72062663185378
H14,Lean,Resident NK,IDI2-AS1,383,1,0.0026109660574412533,0.005221932114882507
H14,Lean,Resident NK,MIAT,383,5,0.013054830287206266,0.013054830287206266
H14,Lean,Resident NK,HULC,383,0,0.0,0.0
H14,Lean,Resident NK,LINC00261,383,0,0.0,0.0
H14,Lean,T cells,KCNQ1OT1,3553,144,0.040529130312412044,0.05544610188573037
H14,Lean,T cells,MEG3,3553,0,0.0,0.0
H14,Lean,T cells,ZFAS1,3553,2072,0.5831691528285956,0.9665071770334929
H14,Lean,T cells,LINC00996,3553,146,0.04109203490008444,0.04672108077680833
H14,Lean,T cells,NEAT1,3553,3311,0.9318885448916409,5.685336335491134
H14,Lean,T cells,MALAT1,3553,3553,1.0,268.7728679988742
H14,Lean,T cells,IDI2-AS1,3553,5,0.0014072614691809737,0.0014072614691809737
H14,Lean,T cells,MIAT,3553,467,0.13143822122150295,0.15339150014072614
H14,Lean,T cells,HULC,3553,3,0.0008443568815085843,0.0014072614691809737
H14,Lean,T cells,LINC00261,3553,0,0.0,0.0
H14,Lean,cDC1s,KCNQ1OT1,2,0,0.0,0.0
H14,Lean,cDC1s,MEG3,2,0,0.0,0.0
H14,Lean,cDC1s,ZFAS1,2,2,1.0,5.5
H14,Lean,cDC1s,LINC00996,2,0,0.0,0.0
H14,Lean,cDC1s,NEAT1,2,1,0.5,16.5
H14,Lean,cDC1s,MALAT1,2,2,1.0,110.0
H14,Lean,cDC1s,IDI2-AS1,2,0,0.0,0.0
H14,Lean,cDC1s,MIAT,2,0,0.0,0.0
H14,Lean,cDC1s,HULC,2,0,0.0,0.0
H14,Lean,cDC1s,LINC00261,2,0,0.0,0.0
H14,Lean,cDC2s,KCNQ1OT1,2,0,0.0,0.0
H14,Lean,cDC2s,MEG3,2,0,0.0,0.0
H14,Lean,cDC2s,ZFAS1,2,2,1.0,1.5
H14,Lean,cDC2s,LINC00996,2,0,0.0,0.0
H14,Lean,cDC2s,NEAT1,2,2,1.0,37.5
H14,Lean,cDC2s,MALAT1,2,2,1.0,341.5
H14,Lean,cDC2s,IDI2-AS1,2,0,0.0,0.0
H14,Lean,cDC2s,MIAT,2,0,0.0,0.0
H14,Lean,cDC2s,HULC,2,0,0.0,0.0
H14,Lean,cDC2s,LINC00261,2,0,0.0,0.0
H14,Lean,pDCs,KCNQ1OT1,3,1,0.3333333333333333,0.3333333333333333
H14,Lean,pDCs,MEG3,3,0,0.0,0.0
H14,Lean,pDCs,ZFAS1,3,3,1.0,2.0
H14,Lean,pDCs,LINC00996,3,2,0.6666666666666666,2.3333333333333335
H14,Lean,pDCs,NEAT1,3,3,1.0,1.3333333333333333
H14,Lean,pDCs,MALAT1,3,3,1.0,183.0
H14,Lean,pDCs,IDI2-AS1,3,0,0.0,0.0
H14,Lean,pDCs,MIAT,3,0,0.0,0.0
H14,Lean,pDCs,HULC,3,0,0.0,0.0
H14,Lean,pDCs,LINC00261,3,0,0.0,0.0
H16,Lean,B cells,KCNQ1OT1,375,31,0.08266666666666667,0.096
H16,Lean,B cells,MEG3,375,0,0.0,0.0
H16,Lean,B cells,ZFAS1,375,268,0.7146666666666667,1.528
H16,Lean,B cells,LINC00996,375,21,0.056,0.06933333333333333
H16,Lean,B cells,NEAT1,375,263,0.7013333333333334,2.5893333333333333
H16,Lean,B cells,MALAT1,375,375,1.0,186.952
H16,Lean,B cells,IDI2-AS1,375,0,0.0,0.0
H16,Lean,B cells,MIAT,375,29,0.07733333333333334,0.08266666666666667
H16,Lean,B cells,HULC,375,1,0.0026666666666666666,0.0026666666666666666
H16,Lean,B cells,LINC00261,375,0,0.0,0.0
H16,Lean,Basophils,KCNQ1OT1,54,9,0.16666666666666666,0.24074074074074073
H16,Lean,Basophils,MEG3,54,3,0.05555555555555555,0.07407407407407407
H16,Lean,Basophils,ZFAS1,54,25,0.46296296296296297,0.7962962962962963
H16,Lean,Basophils,LINC00996,54,0,0.0,0.0
H16,Lean,Basophils,NEAT1,54,41,0.7592592592592593,3.4074074074074074
H16,Lean,Basophils,MALAT1,54,54,1.0,169.33333333333334
H16,Lean,Basophils,IDI2-AS1,54,0,0.0,0.0
H16,Lean,Basophils,MIAT,54,0,0.0,0.0
H16,Lean,Basophils,HULC,54,0,0.0,0.0
H16,Lean,Basophils,LINC00261,54,0,0.0,0.0
H16,Lean,Cholangiocytes,KCNQ1OT1,19,13,0.6842105263157895,2.9473684210526314
H16,Lean,Cholangiocytes,MEG3,19,0,0.0,0.0
H16,Lean,Cholangiocytes,ZFAS1,19,17,0.8947368421052632,2.3684210526315788
H16,Lean,Cholangiocytes,LINC00996,19,0,0.0,0.0
H16,Lean,Cholangiocytes,NEAT1,19,19,1.0,8.263157894736842
H16,Lean,Cholangiocytes,MALAT1,19,19,1.0,208.57894736842104
H16,Lean,Cholangiocytes,IDI2-AS1,19,0,0.0,0.0
H16,Lean,Cholangiocytes,MIAT,19,0,0.0,0.0
H16,Lean,Cholangiocytes,HULC,19,0,0.0,0.0
H16,Lean,Cholangiocytes,LINC00261,19,10,0.5263157894736842,0.5789473684210527
H16,Lean,Circulating NK/NKT,KCNQ1OT1,2765,86,0.031103074141048823,0.03688969258589512
H16,Lean,Circulating NK/NKT,MEG3,2765,1,0.0003616636528028933,0.0003616636528028933
H16,Lean,Circulating NK/NKT,ZFAS1,2765,985,0.3562386980108499,0.4741410488245931
H16,Lean,Circulating NK/NKT,LINC00996,2765,57,0.02061482820976492,0.020976491862567812
H16,Lean,Circulating NK/NKT,NEAT1,2765,2447,0.8849909584086799,3.5468354430379745
H16,Lean,Circulating NK/NKT,MALAT1,2765,2765,1.0,158.26799276672693
H16,Lean,Circulating NK/NKT,IDI2-AS1,2765,5,0.0018083182640144665,0.0018083182640144665
H16,Lean,Circulating NK/NKT,MIAT,2765,621,0.22459312839059675,0.2701627486437613
H16,Lean,Circulating NK/NKT,HULC,2765,1,0.0003616636528028933,0.0003616636528028933
H16,Lean,Circulating NK/NKT,LINC00261,2765,0,0.0,0.0
H16,Lean,Endothelial cells,KCNQ1OT1,50,8,0.16,0.34
H16,Lean,Endothelial cells,MEG3,50,38,0.76,3.2
H16,Lean,Endothelial cells,ZFAS1,50,15,0.3,0.44
H16,Lean,Endothelial cells,LINC00996,50,0,0.0,0.0
H16,Lean,Endothelial cells,NEAT1,50,50,1.0,24.24
H16,Lean,Endothelial cells,MALAT1,50,50,1.0,188.32
H16,Lean,Endothelial cells,IDI2-AS1,50,0,0.0,0.0
H16,Lean,Endothelial cells,MIAT,50,6,0.12,0.14
H16,Lean,Endothelial cells,HULC,50,0,0.0,0.0
H16,Lean,Endothelial cells,LINC00261,50,0,0.0,0.0
H16,Lean,Macrophages,KCNQ1OT1,74,5,0.06756756756756757,0.10810810810810811
H16,Lean,Macrophages,MEG3,74,0,0.0,0.0
H16,Lean,Macrophages,ZFAS1,74,48,0.6486486486486487,1.3918918918918919
H16,Lean,Macrophages,LINC00996,74,2,0.02702702702702703,0.02702702702702703
H16,Lean,Macrophages,NEAT1,74,73,0.9864864864864865,15.81081081081081
H16,Lean,Macrophages,MALAT1,74,74,1.0,168.72972972972974
H16,Lean,Macrophages,IDI2-AS1,74,0,0.0,0.0
H16,Lean,Macrophages,MIAT,74,1,0.013513513513513514,0.013513513513513514
H16,Lean,Macrophages,HULC,74,0,0.0,0.0
H16,Lean,Macrophages,LINC00261,74,0,0.0,0.0
H16,Lean,Mig.cDCs,KCNQ1OT1,1,0,0.0,0.0
H16,Lean,Mig.cDCs,MEG3,1,0,0.0,0.0
H16,Lean,Mig.cDCs,ZFAS1,1,1,1.0,9.0
H16,Lean,Mig.cDCs,LINC00996,1,0,0.0,0.0
H16,Lean,Mig.cDCs,NEAT1,1,1,1.0,50.0
H16,Lean,Mig.cDCs,MALAT1,1,1,1.0,425.0
H16,Lean,Mig.cDCs,IDI2-AS1,1,0,0.0,0.0
H16,Lean,Mig.cDCs,MIAT,1,0,0.0,0.0
H16,Lean,Mig.cDCs,HULC,1,0,0.0,0.0
H16,Lean,Mig.cDCs,LINC00261,1,0,0.0,0.0
H16,Lean,Mono+mono derived cells,KCNQ1OT1,1228,100,0.08143322475570032,0.09771986970684039
H16,Lean,Mono+mono derived cells,MEG3,1228,3,0.0024429967426710096,0.010586319218241042
H16,Lean,Mono+mono derived cells,ZFAS1,1228,986,0.8029315960912052,2.035016286644951
H16,Lean,Mono+mono derived cells,LINC00996,1228,1,0.0008143322475570033,0.0008143322475570033
H16,Lean,Mono+mono derived cells,NEAT1,1228,1227,0.999185667752443,28.170195439739413
H16,Lean,Mono+mono derived cells,MALAT1,1228,1228,1.0,130.27361563517914
H16,Lean,Mono+mono derived cells,IDI2-AS1,1228,1,0.0008143322475570033,0.0008143322475570033
H16,Lean,Mono+mono derived cells,MIAT,1228,9,0.007328990228013029,0.008957654723127036
H16,Lean,Mono+mono derived cells,HULC,1228,2,0.0016286644951140066,0.0016286644951140066
H16,Lean,Mono+mono derived cells,LINC00261,1228,0,0.0,0.0
H16,Lean,Neutrophils,KCNQ1OT1,1,0,0.0,0.0
H16,Lean,Neutrophils,MEG3,1,0,0.0,0.0
H16,Lean,Neutrophils,ZFAS1,1,0,0.0,0.0
H16,Lean,Neutrophils,LINC00996,1,0,0.0,0.0
H16,Lean,Neutrophils,NEAT1,1,1,1.0,6.0
H16,Lean,Neutrophils,MALAT1,1,1,1.0,67.0
H16,Lean,Neutrophils,IDI2-AS1,1,0,0.0,0.0
H16,Lean,Neutrophils,MIAT,1,0,0.0,0.0
H16,Lean,Neutrophils,HULC,1,0,0.0,0.0
H16,Lean,Neutrophils,LINC00261,1,0,0.0,0.0
H16,Lean,Plasma cells,KCNQ1OT1,356,105,0.2949438202247191,0.5898876404494382
H16,Lean,Plasma cells,MEG3,356,0,0.0,0.0
H16,Lean,Plasma cells,ZFAS1,356,157,0.4410112359550562,0.6769662921348315
H16,Lean,Plasma cells,LINC00996,356,59,0.16573033707865167,0.1797752808988764
H16,Lean,Plasma cells,NEAT1,356,333,0.9353932584269663,9.367977528089888
H16,Lean,Plasma cells,MALAT1,356,356,1.0,277.30337078651684
H16,Lean,Plasma cells,IDI2-AS1,356,0,0.0,0.0
H16,Lean,Plasma cells,MIAT,356,58,0.16292134831460675,0.23595505617977527
H16,Lean,Plasma cells,HULC,356,1,0.0028089887640449437,0.0028089887640449437
H16,Lean,Plasma cells,LINC00261,356,0,0.0,0.0
H16,Lean,Resident NK,KCNQ1OT1,1438,41,0.02851182197496523,0.029902642559109873
H16,Lean,Resident NK,MEG3,1438,1,0.0006954102920723226,0.0006954102920723226
H16,Lean,Resident NK,ZFAS1,1438,493,0.3428372739916551,0.4520166898470097
H16,Lean,Resident NK,LINC00996,1438,171,0.11891515994436717,0.13004172461752433
H16,Lean,Resident NK,NEAT1,1438,1079,0.7503477051460362,2.0848400556328235
H16,Lean,Resident NK,MALAT1,1438,1438,1.0,139.86578581363005
H16,Lean,Resident NK,IDI2-AS1,1438,5,0.0034770514603616135,0.0034770514603616135
H16,Lean,Resident NK,MIAT,1438,34,0.02364394993045897,0.027121001390820583
H16,Lean,Resident NK,HULC,1438,0,0.0,0.0
H16,Lean,Resident NK,LINC00261,1438,0,0.0,0.0
H16,Lean,T cells,KCNQ1OT1,15362,663,0.04315844291107929,0.04986329904960292
H16,Lean,T cells,MEG3,15362,7,0.00045566983465694574,0.00045566983465694574
H16,Lean,T cells,ZFAS1,15362,7074,0.4604869157661763,0.6738054940762922
H16,Lean,T cells,LINC00996,15362,199,0.012954042442390314,0.013604999349043093
H16,Lean,T cells,NEAT1,15362,12488,0.8129149850279912,2.8336805103502147
H16,Lean,T cells,MALAT1,15362,15362,1.0,163.62172894154406
H16,Lean,T cells,IDI2-AS1,15362,17,0.0011066267413097253,0.0011717224319750033
H16,Lean,T cells,MIAT,15362,2287,0.1488738445514907,0.17666970446556438
H16,Lean,T cells,HULC,15362,2,0.0001301913813305559,0.0001301913813305559
H16,Lean,T cells,LINC00261,15362,0,0.0,0.0
H16,Lean,cDC1s,KCNQ1OT1,59,8,0.13559322033898305,0.13559322033898305
H16,Lean,cDC1s,MEG3,59,0,0.0,0.0
H16,Lean,cDC1s,ZFAS1,59,56,0.9491525423728814,3.389830508474576
H16,Lean,cDC1s,LINC00996,59,0,0.0,0.0
H16,Lean,cDC1s,NEAT1,59,59,1.0,11.23728813559322
H16,Lean,cDC1s,MALAT1,59,59,1.0,205.40677966101694
H16,Lean,cDC1s,IDI2-AS1,59,0,0.0,0.0
H16,Lean,cDC1s,MIAT,59,0,0.0,0.0
H16,Lean,cDC1s,HULC,59,0,0.0,0.0
H16,Lean,cDC1s,LINC00261,59,0,0.0,0.0
H16,Lean,cDC2s,KCNQ1OT1,202,34,0.16831683168316833,0.18811881188118812
H16,Lean,cDC2s,MEG3,202,0,0.0,0.0
H16,Lean,cDC2s,ZFAS1,202,176,0.8712871287128713,2.589108910891089
H16,Lean,cDC2s,LINC00996,202,1,0.0049504950495049506,0.0049504950495049506
H16,Lean,cDC2s,NEAT1,202,198,0.9801980198019802,13.806930693069306
H16,Lean,cDC2s,MALAT1,202,202,1.0,165.69306930693068
H16,Lean,cDC2s,IDI2-AS1,202,0,0.0,0.0
H16,Lean,cDC2s,MIAT,202,2,0.009900990099009901,0.009900990099009901
H16,Lean,cDC2s,HULC,202,0,0.0,0.0
H16,Lean,cDC2s,LINC00261,202,0,0.0,0.0
H16,Lean,pDCs,KCNQ1OT1,288,12,0.041666666666666664,0.052083333333333336
H16,Lean,pDCs,MEG3,288,1,0.003472222222222222,0.003472222222222222
H16,Lean,pDCs,ZFAS1,288,173,0.6006944444444444,1.1180555555555556
H16,Lean,pDCs,LINC00996,288,203,0.7048611111111112,1.7951388888888888
H16,Lean,pDCs,NEAT1,288,222,0.7708333333333334,2.9027777777777777
H16,Lean,pDCs,MALAT1,288,288,1.0,198.03472222222223
H16,Lean,pDCs,IDI2-AS1,288,0,0.0,0.0
H16,Lean,pDCs,MIAT,288,5,0.017361111111111112,0.017361111111111112
H16,Lean,pDCs,HULC,288,0,0.0,0.0
H16,Lean,pDCs,LINC00261,288,0,0.0,0.0
H18,Lean,B cells,KCNQ1OT1,187,22,0.11764705882352941,0.1497326203208556
H18,Lean,B cells,MEG3,187,0,0.0,0.0
H18,Lean,B cells,ZFAS1,187,139,0.7433155080213903,1.914438502673797
H18,Lean,B cells,LINC00996,187,12,0.06417112299465241,0.08021390374331551
H18,Lean,B cells,NEAT1,187,165,0.8823529411764706,4.962566844919786
H18,Lean,B cells,MALAT1,187,187,1.0,278.42245989304814
H18,Lean,B cells,IDI2-AS1,187,0,0.0,0.0
H18,Lean,B cells,MIAT,187,0,0.0,0.0
H18,Lean,B cells,HULC,187,0,0.0,0.0
H18,Lean,B cells,LINC00261,187,0,0.0,0.0
H18,Lean,Circulating NK/NKT,KCNQ1OT1,401,18,0.04488778054862843,0.06733167082294264
H18,Lean,Circulating NK/NKT,MEG3,401,0,0.0,0.0
H18,Lean,Circulating NK/NKT,ZFAS1,401,162,0.40399002493765584,0.5660847880299252
H18,Lean,Circulating NK/NKT,LINC00996,401,6,0.014962593516209476,0.014962593516209476
H18,Lean,Circulating NK/NKT,NEAT1,401,392,0.9775561097256857,6.56857855361596
H18,Lean,Circulating NK/NKT,MALAT1,401,401,1.0,233.49875311720697
H18,Lean,Circulating NK/NKT,IDI2-AS1,401,2,0.004987531172069825,0.004987531172069825
H18,Lean,Circulating NK/NKT,MIAT,401,45,0.11221945137157108,0.1396508728179551
H18,Lean,Circulating NK/NKT,HULC,401,0,0.0,0.0
H18,Lean,Circulating NK/NKT,LINC00261,401,0,0.0,0.0
H18,Lean,Endothelial cells,KCNQ1OT1,21,2,0.09523809523809523,0.14285714285714285
H18,Lean,Endothelial cells,MEG3,21,16,0.7619047619047619,2.6666666666666665
H18,Lean,Endothelial cells,ZFAS1,21,5,0.23809523809523808,0.3333333333333333
H18,Lean,Endothelial cells,LINC00996,21,0,0.0,0.0
H18,Lean,Endothelial cells,NEAT1,21,21,1.0,14.0
H18,Lean,Endothelial cells,MALAT1,21,21,1.0,210.8095238095238
H18,Lean,Endothelial cells,IDI2-AS1,21,0,0.0,0.0
H18,Lean,Endothelial cells,MIAT,21,2,0.09523809523809523,0.09523809523809523
H18,Lean,Endothelial cells,HULC,21,0,0.0,0.0
H18,Lean,Endothelial cells,LINC00261,21,0,0.0,0.0
H18,Lean,Macrophages,KCNQ1OT1,148,21,0.14189189189189189,0.16216216216216217
H18,Lean,Macrophages,MEG3,148,0,0.0,0.0
H18,Lean,Macrophages,ZFAS1,148,80,0.5405405405405406,1.0405405405405406
H18,Lean,Macrophages,LINC00996,148,1,0.006756756756756757,0.006756756756756757
H18,Lean,Macrophages,NEAT1,148,146,0.9864864864864865,21.43918918918919
H18,Lean,Macrophages,MALAT1,148,148,1.0,222.0810810810811
H18,Lean,Macrophages,IDI2-AS1,148,1,0.006756756756756757,0.006756756756756757
H18,Lean,Macrophages,MIAT,148,4,0.02702702702702703,0.033783783783783786
H18,Lean,Macrophages,HULC,148,0,0.0,0.0
H18,Lean,Macrophages,LINC00261,148,0,0.0,0.0
H18,Lean,Mig.cDCs,KCNQ1OT1,1,0,0.0,0.0
H18,Lean,Mig.cDCs,MEG3,1,0,0.0,0.0
H18,Lean,Mig.cDCs,ZFAS1,1,1,1.0,6.0
H18,Lean,Mig.cDCs,LINC00996,1,0,0.0,0.0
H18,Lean,Mig.cDCs,NEAT1,1,1,1.0,30.0
H18,Lean,Mig.cDCs,MALAT1,1,1,1.0,679.0
H18,Lean,Mig.cDCs,IDI2-AS1,1,0,0.0,0.0
H18,Lean,Mig.cDCs,MIAT,1,0,0.0,0.0
H18,Lean,Mig.cDCs,HULC,1,0,0.0,0.0
H18,Lean,Mig.cDCs,LINC00261,1,0,0.0,0.0
H18,Lean,Mono+mono derived cells,KCNQ1OT1,431,36,0.08352668213457076,0.11832946635730858
H18,Lean,Mono+mono derived cells,MEG3,431,1,0.002320185614849188,0.0069605568445475635
H18,Lean,Mono+mono derived cells,ZFAS1,431,352,0.8167053364269141,2.5638051044083525
H18,Lean,Mono+mono derived cells,LINC00996,431,0,0.0,0.0
H18,Lean,Mono+mono derived cells,NEAT1,431,431,1.0,52.80510440835267
H18,Lean,Mono+mono derived cells,MALAT1,431,431,1.0,186.0951276102088
H18,Lean,Mono+mono derived cells,IDI2-AS1,431,1,0.002320185614849188,0.002320185614849188
H18,Lean,Mono+mono derived cells,MIAT,431,8,0.018561484918793503,0.018561484918793503
H18,Lean,Mono+mono derived cells,HULC,431,0,0.0,0.0
H18,Lean,Mono+mono derived cells,LINC00261,431,0,0.0,0.0
H18,Lean,Neutrophils,KCNQ1OT1,76,0,0.0,0.0
H18,Lean,Neutrophils,MEG3,76,0,0.0,0.0
H18,Lean,Neutrophils,ZFAS1,76,11,0.14473684210526316,0.17105263157894737
H18,Lean,Neutrophils,LINC00996,76,0,0.0,0.0
H18,Lean,Neutrophils,NEAT1,76,73,0.9605263157894737,6.697368421052632
H18,Lean,Neutrophils,MALAT1,76,76,1.0,106.46052631578948
H18,Lean,Neutrophils,IDI2-AS1,76,0,0.0,0.0
H18,Lean,Neutrophils,MIAT,76,8,0.10526315789473684,0.14473684210526316
H18,Lean,Neutrophils,HULC,76,0,0.0,0.0
H18,Lean,Neutrophils,LINC00261,76,0,0.0,0.0
H18,Lean,Plasma cells,KCNQ1OT1,5,2,0.4,0.4
H18,Lean,Plasma cells,MEG3,5,0,0.0,0.0
H18,Lean,Plasma cells,ZFAS1,5,1,0.2,0.2
H18,Lean,Plasma cells,LINC00996,5,0,0.0,0.0
H18,Lean,Plasma cells,NEAT1,5,4,0.8,16.6
H18,Lean,Plasma cells,MALAT1,5,5,1.0,456.0
H18,Lean,Plasma cells,IDI2-AS1,5,0,0.0,0.0
H18,Lean,Plasma cells,MIAT,5,0,0.0,0.0
H18,Lean,Plasma cells,HULC,5,0,0.0,0.0
H18,Lean,Plasma cells,LINC00261,5,0,0.0,0.0
H18,Lean,Resident NK,KCNQ1OT1,196,11,0.05612244897959184,0.07142857142857142
H18,Lean,Resident NK,MEG3,196,0,0.0,0.0
H18,Lean,Resident NK,ZFAS1,196,94,0.47959183673469385,0.7602040816326531
H18,Lean,Resident NK,LINC00996,196,30,0.15306122448979592,0.16326530612244897
H18,Lean,Resident NK,NEAT1,196,182,0.9285714285714286,3.913265306122449
H18,Lean,Resident NK,MALAT1,196,196,1.0,200.27551020408163
H18,Lean,Resident NK,IDI2-AS1,196,2,0.01020408163265306,0.01020408163265306
H18,Lean,Resident NK,MIAT,196,1,0.00510204081632653,0.00510204081632653
H18,Lean,Resident NK,HULC,196,0,0.0,0.0
H18,Lean,Resident NK,LINC00261,196,0,0.0,0.0
H18,Lean,T cells,KCNQ1OT1,1445,91,0.0629757785467128,0.0809688581314879
H18,Lean,T cells,MEG3,1445,0,0.0,0.0
H18,Lean,T cells,ZFAS1,1445,902,0.6242214532871972,1.0996539792387543
H18,Lean,T cells,LINC00996,1445,13,0.008996539792387544,0.010380622837370242
H18,Lean,T cells,NEAT1,1445,1286,0.8899653979238754,4.705882352941177
H18,Lean,T cells,MALAT1,1445,1445,1.0,257.97162629757787
H18,Lean,T cells,IDI2-AS1,1445,3,0.0020761245674740486,0.002768166089965398
H18,Lean,T cells,MIAT,1445,229,0.15847750865051904,0.2013840830449827
H18,Lean,T cells,HULC,1445,0,0.0,0.0
H18,Lean,T cells,LINC00261,1445,0,0.0,0.0
H18,Lean,cDC1s,KCNQ1OT1,42,7,0.16666666666666666,0.2857142857142857
H18,Lean,cDC1s,MEG3,42,0,0.0,0.0
H18,Lean,cDC1s,ZFAS1,42,39,0.9285714285714286,4.761904761904762
H18,Lean,cDC1s,LINC00996,42,1,0.023809523809523808,0.047619047619047616
H18,Lean,cDC1s,NEAT1,42,42,1.0,39.023809523809526
H18,Lean,cDC1s,MALAT1,42,42,1.0,532.0238095238095
H18,Lean,cDC1s,IDI2-AS1,42,0,0.0,0.0
H18,Lean,cDC1s,MIAT,42,0,0.0,0.0
H18,Lean,cDC1s,HULC,42,0,0.0,0.0
H18,Lean,cDC1s,LINC00261,42,0,0.0,0.0
H18,Lean,cDC2s,KCNQ1OT1,55,12,0.21818181818181817,0.34545454545454546
H18,Lean,cDC2s,MEG3,55,1,0.01818181818181818,0.01818181818181818
H18,Lean,cDC2s,ZFAS1,55,54,0.9818181818181818,4.254545454545455
H18,Lean,cDC2s,LINC00996,55,0,0.0,0.0
H18,Lean,cDC2s,NEAT1,55,55,1.0,41.872727272727275
H18,Lean,cDC2s,MALAT1,55,55,1.0,385.7090909090909
H18,Lean,cDC2s,IDI2-AS1,55,2,0.03636363636363636,0.03636363636363636
H18,Lean,cDC2s,MIAT,55,0,0.0,0.0
H18,Lean,cDC2s,HULC,55,0,0.0,0.0
H18,Lean,cDC2s,LINC00261,55,0,0.0,0.0
H18,Lean,pDCs,KCNQ1OT1,5,0,0.0,0.0
H18,Lean,pDCs,MEG3,5,0,0.0,0.0
H18,Lean,pDCs,ZFAS1,5,5,1.0,2.8
H18,Lean,pDCs,LINC00996,5,1,0.2,0.4
H18,Lean,pDCs,NEAT1,5,5,1.0,6.0
H18,Lean,pDCs,MALAT1,5,5,1.0,340.0
H18,Lean,pDCs,IDI2-AS1,5,0,0.0,0.0
H18,Lean,pDCs,MIAT,5,0,0.0,0.0
H18,Lean,pDCs,HULC,5,0,0.0,0.0
H18,Lean,pDCs,LINC00261,5,0,0.0,0.0
H21,Lean,B cells,KCNQ1OT1,113,10,0.08849557522123894,0.1504424778761062
H21,Lean,B cells,MEG3,113,0,0.0,0.0
H21,Lean,B cells,ZFAS1,113,96,0.8495575221238938,2.5132743362831858
H21,Lean,B cells,LINC00996,113,7,0.061946902654867256,0.07964601769911504
H21,Lean,B cells,NEAT1,113,72,0.6371681415929203,2.7168141592920354
H21,Lean,B cells,MALAT1,113,113,1.0,278.4070796460177
H21,Lean,B cells,IDI2-AS1,113,0,0.0,0.0
H21,Lean,B cells,MIAT,113,2,0.017699115044247787,0.02654867256637168
H21,Lean,B cells,HULC,113,0,0.0,0.0
H21,Lean,B cells,LINC00261,113,0,0.0,0.0
H21,Lean,Basophils,KCNQ1OT1,3,2,0.6666666666666666,1.0
H21,Lean,Basophils,MEG3,3,0,0.0,0.0
H21,Lean,Basophils,ZFAS1,3,2,0.6666666666666666,0.6666666666666666
H21,Lean,Basophils,LINC00996,3,0,0.0,0.0
H21,Lean,Basophils,NEAT1,3,3,1.0,5.0
H21,Lean,Basophils,MALAT1,3,3,1.0,249.66666666666666
H21,Lean,Basophils,IDI2-AS1,3,0,0.0,0.0
H21,Lean,Basophils,MIAT,3,0,0.0,0.0
H21,Lean,Basophils,HULC,3,0,0.0,0.0
H21,Lean,Basophils,LINC00261,3,0,0.0,0.0
H21,Lean,Cholangiocytes,KCNQ1OT1,1,0,0.0,0.0
H21,Lean,Cholangiocytes,MEG3,1,0,0.0,0.0
H21,Lean,Cholangiocytes,ZFAS1,1,1,1.0,1.0
H21,Lean,Cholangiocytes,LINC00996,1,0,0.0,0.0
H21,Lean,Cholangiocytes,NEAT1,1,1,1.0,3.0
H21,Lean,Cholangiocytes,MALAT1,1,1,1.0,501.0
H21,Lean,Cholangiocytes,IDI2-AS1,1,0,0.0,0.0
H21,Lean,Cholangiocytes,MIAT,1,0,0.0,0.0
H21,Lean,Cholangiocytes,HULC,1,0,0.0,0.0
H21,Lean,Cholangiocytes,LINC00261,1,0,0.0,0.0
H21,Lean,Circulating NK/NKT,KCNQ1OT1,1872,81,0.04326923076923077,0.0641025641025641
H21,Lean,Circulating NK/NKT,MEG3,1872,2,0.0010683760683760685,0.0010683760683760685
H21,Lean,Circulating NK/NKT,ZFAS1,1872,817,0.43643162393162394,0.6079059829059829
H21,Lean,Circulating NK/NKT,LINC00996,1872,47,0.025106837606837608,0.026175213675213676
H21,Lean,Circulating NK/NKT,NEAT1,1872,1783,0.9524572649572649,5.219017094017094
H21,Lean,Circulating NK/NKT,MALAT1,1872,1872,1.0,321.8338675213675
H21,Lean,Circulating NK/NKT,IDI2-AS1,1872,5,0.002670940170940171,0.002670940170940171
H21,Lean,Circulating NK/NKT,MIAT,1872,171,0.09134615384615384,0.10309829059829059
H21,Lean,Circulating NK/NKT,HULC,1872,0,0.0,0.0
H21,Lean,Circulating NK/NKT,LINC00261,1872,0,0.0,0.0
H21,Lean,Endothelial cells,KCNQ1OT1,31,4,0.12903225806451613,0.25806451612903225
H21,Lean,Endothelial cells,MEG3,31,26,0.8387096774193549,3.161290322580645
H21,Lean,Endothelial cells,ZFAS1,31,4,0.12903225806451613,0.16129032258064516
H21,Lean,Endothelial cells,LINC00996,31,0,0.0,0.0
H21,Lean,Endothelial cells,NEAT1,31,31,1.0,26.903225806451612
H21,Lean,Endothelial cells,MALAT1,31,31,1.0,278.03225806451616
H21,Lean,Endothelial cells,IDI2-AS1,31,0,0.0,0.0
H21,Lean,Endothelial cells,MIAT,31,1,0.03225806451612903,0.03225806451612903
H21,Lean,Endothelial cells,HULC,31,0,0.0,0.0
H21,Lean,Endothelial cells,LINC00261,31,0,0.0,0.0
H21,Lean,Macrophages,KCNQ1OT1,130,25,0.19230769230769232,0.38461538461538464
H21,Lean,Macrophages,MEG3,130,0,0.0,0.0
H21,Lean,Macrophages,ZFAS1,130,64,0.49230769230769234,1.0461538461538462
H21,Lean,Macrophages,LINC00996,130,12,0.09230769230769231,0.17692307692307693
H21,Lean,Macrophages,NEAT1,130,118,0.9076923076923077,22.353846153846153
H21,Lean,Macrophages,MALAT1,130,129,0.9923076923076923,212.73846153846154
H21,Lean,Macrophages,IDI2-AS1,130,0,0.0,0.0
H21,Lean,Macrophages,MIAT,130,0,0.0,0.0
H21,Lean,Macrophages,HULC,130,0,0.0,0.0
H21,Lean,Macrophages,LINC00261,130,0,0.0,0.0
H21,Lean,Mig.cDCs,KCNQ1OT1,3,0,0.0,0.0
H21,Lean,Mig.cDCs,MEG3,3,0,0.0,0.0
H21,Lean,Mig.cDCs,ZFAS1,3,3,1.0,17.0
H21,Lean,Mig.cDCs,LINC00996,3,0,0.0,0.0
H21,Lean,Mig.cDCs,NEAT1,3,3,1.0,12.0
H21,Lean,Mig.cDCs,MALAT1,3,3,1.0,933.6666666666666
H21,Lean,Mig.cDCs,IDI2-AS1,3,0,0.0,0.0
H21,Lean,Mig.cDCs,MIAT,3,0,0.0,0.0
H21,Lean,Mig.cDCs,HULC,3,0,0.0,0.0
H21,Lean,Mig.cDCs,LINC00261,3,0,0.0,0.0
H21,Lean,Mono+mono derived cells,KCNQ1OT1,1212,180,0.1485148514851485,0.21947194719471946
H21,Lean,Mono+mono derived cells,MEG3,1212,11,0.009075907590759076,0.027227722772277228
H21,Lean,Mono+mono derived cells,ZFAS1,1212,1003,0.8275577557755776,2.6295379537953796
H21,Lean,Mono+mono derived cells,LINC00996,1212,6,0.0049504950495049506,0.0049504950495049506
H21,Lean,Mono+mono derived cells,NEAT1,1212,1210,0.9983498349834984,48.39521452145215
H21,Lean,Mono+mono derived cells,MALAT1,1212,1212,1.0,263.0585808580858
H21,Lean,Mono+mono derived cells,IDI2-AS1,1212,7,0.005775577557755775,0.005775577557755775
H21,Lean,Mono+mono derived cells,MIAT,1212,13,0.010726072607260726,0.01155115511551155
H21,Lean,Mono+mono derived cells,HULC,1212,1,0.0008250825082508251,0.0008250825082508251
H21,Lean,Mono+mono derived cells,LINC00261,1212,1,0.0008250825082508251,0.0008250825082508251
H21,Lean,Neutrophils,KCNQ1OT1,2531,11,0.00434610825760569,0.006321612011062821
H21,Lean,Neutrophils,MEG3,2531,1,0.0003951007506914263,0.0003951007506914263
H21,Lean,Neutrophils,ZFAS1,2531,287,0.11339391544843935,0.12366653496641644
H21,Lean,Neutrophils,LINC00996,2531,4,0.0015804030027657052,0.0015804030027657052
H21,Lean,Neutrophils,NEAT1,2531,2510,0.99170288423548,11.452785460292375
H21,Lean,Neutrophils,MALAT1,2531,2527,0.9984195969972343,23.702489134729355
H21,Lean,Neutrophils,IDI2-AS1,2531,10,0.0039510075069142635,0.0039510075069142635
H21,Lean,Neutrophils,MIAT,2531,16,0.006321612011062821,0.006321612011062821
H21,Lean,Neutrophils,HULC,2531,0,0.0,0.0
H21,Lean,Neutrophils,LINC00261,2531,0,0.0,0.0
H21,Lean,Plasma cells,KCNQ1OT1,4,1,0.25,0.75
H21,Lean,Plasma cells,MEG3,4,0,0.0,0.0
H21,Lean,Plasma cells,ZFAS1,4,2,0.5,0.75
H21,Lean,Plasma cells,LINC00996,4,1,0.25,0.25
H21,Lean,Plasma cells,NEAT1,4,4,1.0,15.0
H21,Lean,Plasma cells,MALAT1,4,4,1.0,517.5
H21,Lean,Plasma cells,IDI2-AS1,4,0,0.0,0.0
H21,Lean,Plasma cells,MIAT,4,0,0.0,0.0
H21,Lean,Plasma cells,HULC,4,0,0.0,0.0
H21,Lean,Plasma cells,LINC00261,4,0,0.0,0.0
H21,Lean,Resident NK,KCNQ1OT1,744,30,0.04032258064516129,0.05913978494623656
H21,Lean,Resident NK,MEG3,744,1,0.0013440860215053765,0.0013440860215053765
H21,Lean,Resident NK,ZFAS1,744,357,0.4798387096774194,0.6935483870967742
H21,Lean,Resident NK,LINC00996,744,190,0.2553763440860215,0.3239247311827957
H21,Lean,Resident NK,NEAT1,744,632,0.8494623655913979,2.903225806451613
H21,Lean,Resident NK,MALAT1,744,744,1.0,281.8198924731183
H21,Lean,Resident NK,IDI2-AS1,744,5,0.006720430107526882,0.008064516129032258
H21,Lean,Resident NK,MIAT,744,12,0.016129032258064516,0.01747311827956989
H21,Lean,Resident NK,HULC,744,0,0.0,0.0
H21,Lean,Resident NK,LINC00261,744,0,0.0,0.0
H21,Lean,T cells,KCNQ1OT1,1839,92,0.05002718868950517,0.07232191408374117
H21,Lean,T cells,MEG3,1839,2,0.001087547580206634,0.001087547580206634
H21,Lean,T cells,ZFAS1,1839,1252,0.680804785209353,1.2620989668297988
H21,Lean,T cells,LINC00996,1839,33,0.01794453507340946,0.019032082653616094
H21,Lean,T cells,NEAT1,1839,1537,0.8357803153887983,3.070146818923328
H21,Lean,T cells,MALAT1,1839,1839,1.0,318.1343121261555
H21,Lean,T cells,IDI2-AS1,1839,4,0.002175095160413268,0.002175095160413268
H21,Lean,T cells,MIAT,1839,274,0.14899401848830887,0.17509516041326809
H21,Lean,T cells,HULC,1839,1,0.000543773790103317,0.000543773790103317
H21,Lean,T cells,LINC00261,1839,0,0.0,0.0
H21,Lean,cDC1s,KCNQ1OT1,5,1,0.2,0.2
H21,Lean,cDC1s,MEG3,5,0,0.0,0.0
H21,Lean,cDC1s,ZFAS1,5,4,0.8,2.0
H21,Lean,cDC1s,LINC00996,5,0,0.0,0.0
H21,Lean,cDC1s,NEAT1,5,5,1.0,18.6
H21,Lean,cDC1s,MALAT1,5,5,1.0,281.8
H21,Lean,cDC1s,IDI2-AS1,5,0,0.0,0.0
H21,Lean,cDC1s,MIAT,5,0,0.0,0.0
H21,Lean,cDC1s,HULC,5,0,0.0,0.0
H21,Lean,cDC1s,LINC00261,5,0,0.0,0.0
H21,Lean,cDC2s,KCNQ1OT1,31,7,0.22580645161290322,0.3225806451612903
H21,Lean,cDC2s,MEG3,31,0,0.0,0.0
H21,Lean,cDC2s,ZFAS1,31,27,0.8709677419354839,3.161290322580645
H21,Lean,cDC2s,LINC00996,31,0,0.0,0.0
H21,Lean,cDC2s,NEAT1,31,31,1.0,29.225806451612904
H21,Lean,cDC2s,MALAT1,31,31,1.0,322.03225806451616
H21,Lean,cDC2s,IDI2-AS1,31,2,0.06451612903225806,0.06451612903225806
H21,Lean,cDC2s,MIAT,31,0,0.0,0.0
H21,Lean,cDC2s,HULC,31,0,0.0,0.0
H21,Lean,cDC2s,LINC00261,31,0,0.0,0.0
H21,Lean,pDCs,KCNQ1OT1,5,0,0.0,0.0
H21,Lean,pDCs,MEG3,5,0,0.0,0.0
H21,Lean,pDCs,ZFAS1,5,3,0.6,1.4
H21,Lean,pDCs,LINC00996,5,2,0.4,1.4
H21,Lean,pDCs,NEAT1,5,3,0.6,1.8
H21,Lean,pDCs,MALAT1,5,5,1.0,142.8
H21,Lean,pDCs,IDI2-AS1,5,0,0.0,0.0
H21,Lean,pDCs,MIAT,5,0,0.0,0.0
H21,Lean,pDCs,HULC,5,0,0.0,0.0
H21,Lean,pDCs,LINC00261,5,0,0.0,0.0
H22,Lean,B cells,KCNQ1OT1,200,31,0.155,0.215
H22,Lean,B cells,MEG3,200,0,0.0,0.0
H22,Lean,B cells,ZFAS1,200,160,0.8,2.49
H22,Lean,B cells,LINC00996,200,6,0.03,0.035
H22,Lean,B cells,NEAT1,200,123,0.615,2.365
H22,Lean,B cells,MALAT1,200,200,1.0,243.36
H22,Lean,B cells,IDI2-AS1,200,1,0.005,0.005
H22,Lean,B cells,MIAT,200,12,0.06,0.09
H22,Lean,B cells,HULC,200,0,0.0,0.0
H22,Lean,B cells,LINC00261,200,0,0.0,0.0
H22,Lean,Basophils,KCNQ1OT1,20,5,0.25,0.25
H22,Lean,Basophils,MEG3,20,1,0.05,0.1
H22,Lean,Basophils,ZFAS1,20,13,0.65,1.25
H22,Lean,Basophils,LINC00996,20,0,0.0,0.0
H22,Lean,Basophils,NEAT1,20,14,0.7,5.55
H22,Lean,Basophils,MALAT1,20,20,1.0,202.05
H22,Lean,Basophils,IDI2-AS1,20,0,0.0,0.0
H22,Lean,Basophils,MIAT,20,0,0.0,0.0
H22,Lean,Basophils,HULC,20,0,0.0,0.0
H22,Lean,Basophils,LINC00261,20,0,0.0,0.0
H22,Lean,Cholangiocytes,KCNQ1OT1,5,4,0.8,2.2
H22,Lean,Cholangiocytes,MEG3,5,0,0.0,0.0
H22,Lean,Cholangiocytes,ZFAS1,5,4,0.8,4.2
H22,Lean,Cholangiocytes,LINC00996,5,0,0.0,0.0
H22,Lean,Cholangiocytes,NEAT1,5,5,1.0,7.8
H22,Lean,Cholangiocytes,MALAT1,5,5,1.0,293.8
H22,Lean,Cholangiocytes,IDI2-AS1,5,0,0.0,0.0
H22,Lean,Cholangiocytes,MIAT,5,0,0.0,0.0
H22,Lean,Cholangiocytes,HULC,5,0,0.0,0.0
H22,Lean,Cholangiocytes,LINC00261,5,0,0.0,0.0
H22,Lean,Circulating NK/NKT,KCNQ1OT1,429,51,0.11888111888111888,0.1655011655011655
H22,Lean,Circulating NK/NKT,MEG3,429,1,0.002331002331002331,0.002331002331002331
H22,Lean,Circulating NK/NKT,ZFAS1,429,180,0.4195804195804196,0.5547785547785548
H22,Lean,Circulating NK/NKT,LINC00996,429,7,0.016317016317016316,0.016317016317016316
H22,Lean,Circulating NK/NKT,NEAT1,429,411,0.958041958041958,6.468531468531468
H22,Lean,Circulating NK/NKT,MALAT1,429,429,1.0,229.2960372960373
H22,Lean,Circulating NK/NKT,IDI2-AS1,429,2,0.004662004662004662,0.004662004662004662
H22,Lean,Circulating NK/NKT,MIAT,429,26,0.06060606060606061,0.06293706293706294
H22,Lean,Circulating NK/NKT,HULC,429,1,0.002331002331002331,0.002331002331002331
H22,Lean,Circulating NK/NKT,LINC00261,429,0,0.0,0.0
H22,Lean,Endothelial cells,KCNQ1OT1,302,61,0.20198675496688742,0.4139072847682119
H22,Lean,Endothelial cells,MEG3,302,250,0.8278145695364238,2.519867549668874
H22,Lean,Endothelial cells,ZFAS1,302,40,0.13245033112582782,0.1423841059602649
H22,Lean,Endothelial cells,LINC00996,302,1,0.0033112582781456954,0.0033112582781456954
H22,Lean,Endothelial cells,NEAT1,302,302,1.0,14.592715231788079
H22,Lean,Endothelial cells,MALAT1,302,302,1.0,159.62582781456953
H22,Lean,Endothelial cells,IDI2-AS1,302,5,0.016556291390728478,0.023178807947019868
H22,Lean,Endothelial cells,MIAT,302,6,0.019867549668874173,0.023178807947019868
H22,Lean,Endothelial cells,HULC,302,1,0.0033112582781456954,0.0033112582781456954
H22,Lean,Endothelial cells,LINC00261,302,1,0.0033112582781456954,0.0033112582781456954
H22,Lean,Macrophages,KCNQ1OT1,226,25,0.11061946902654868,0.17256637168141592
H22,Lean,Macrophages,MEG3,226,0,0.0,0.0
H22,Lean,Macrophages,ZFAS1,226,163,0.7212389380530974,1.7831858407079646
H22,Lean,Macrophages,LINC00996,226,1,0.004424778761061947,0.004424778761061947
H22,Lean,Macrophages,NEAT1,226,211,0.9336283185840708,15.464601769911505
H22,Lean,Macrophages,MALAT1,226,224,0.9911504424778761,133.23893805309734
H22,Lean,Macrophages,IDI2-AS1,226,0,0.0,0.0
H22,Lean,Macrophages,MIAT,226,3,0.01327433628318584,0.01327433628318584
H22,Lean,Macrophages,HULC,226,1,0.004424778761061947,0.004424778761061947
H22,Lean,Macrophages,LINC00261,226,0,0.0,0.0
H22,Lean,Mig.cDCs,KCNQ1OT1,1,1,1.0,1.0
H22,Lean,Mig.cDCs,MEG3,1,0,0.0,0.0
H22,Lean,Mig.cDCs,ZFAS1,1,1,1.0,1.0
H22,Lean,Mig.cDCs,LINC00996,1,0,0.0,0.0
H22,Lean,Mig.cDCs,NEAT1,1,1,1.0,18.0
H22,Lean,Mig.cDCs,MALAT1,1,1,1.0,430.0
H22,Lean,Mig.cDCs,IDI2-AS1,1,0,0.0,0.0
H22,Lean,Mig.cDCs,MIAT,1,0,0.0,0.0
H22,Lean,Mig.cDCs,HULC,1,0,0.0,0.0
H22,Lean,Mig.cDCs,LINC00261,1,0,0.0,0.0
H22,Lean,Mono+mono derived cells,KCNQ1OT1,499,75,0.15030060120240482,0.342685370741483
H22,Lean,Mono+mono derived cells,MEG3,499,8,0.01603206412825651,0.04609218436873747
H22,Lean,Mono+mono derived cells,ZFAS1,499,423,0.8476953907815631,2.9498997995991982
H22,Lean,Mono+mono derived cells,LINC00996,499,0,0.0,0.0
H22,Lean,Mono+mono derived cells,NEAT1,499,497,0.9959919839679359,36.83967935871743
H22,Lean,Mono+mono derived cells,MALAT1,499,499,1.0,202.4188376753507
H22,Lean,Mono+mono derived cells,IDI2-AS1,499,2,0.004008016032064128,0.004008016032064128
H22,Lean,Mono+mono derived cells,MIAT,499,6,0.012024048096192385,0.012024048096192385
H22,Lean,Mono+mono derived cells,HULC,499,1,0.002004008016032064,0.002004008016032064
H22,Lean,Mono+mono derived cells,LINC00261,499,0,0.0,0.0
H22,Lean,Neutrophils,KCNQ1OT1,156,2,0.01282051282051282,0.01282051282051282
H22,Lean,Neutrophils,MEG3,156,1,0.00641025641025641,0.01282051282051282
H22,Lean,Neutrophils,ZFAS1,156,33,0.21153846153846154,0.25
H22,Lean,Neutrophils,LINC00996,156,2,0.01282051282051282,0.01282051282051282
H22,Lean,Neutrophils,NEAT1,156,146,0.9358974358974359,5.0
H22,Lean,Neutrophils,MALAT1,156,155,0.9935897435897436,57.12820512820513
H22,Lean,Neutrophils,IDI2-AS1,156,0,0.0,0.0
H22,Lean,Neutrophils,MIAT,156,2,0.01282051282051282,0.02564102564102564
H22,Lean,Neutrophils,HULC,156,0,0.0,0.0
H22,Lean,Neutrophils,LINC00261,156,0,0.0,0.0
H22,Lean,Plasma cells,KCNQ1OT1,82,27,0.32926829268292684,0.573170731707317
H22,Lean,Plasma cells,MEG3,82,3,0.036585365853658534,0.12195121951219512
H22,Lean,Plasma cells,ZFAS1,82,53,0.6463414634146342,1.2804878048780488
H22,Lean,Plasma cells,LINC00996,82,15,0.18292682926829268,0.21951219512195122
H22,Lean,Plasma cells,NEAT1,82,77,0.9390243902439024,16.21951219512195
H22,Lean,Plasma cells,MALAT1,82,81,0.9878048780487805,543.060975609756
H22,Lean,Plasma cells,IDI2-AS1,82,1,0.012195121951219513,0.012195121951219513
H22,Lean,Plasma cells,MIAT,82,6,0.07317073170731707,0.12195121951219512
H22,Lean,Plasma cells,HULC,82,0,0.0,0.0
H22,Lean,Plasma cells,LINC00261,82,0,0.0,0.0
H22,Lean,Resident NK,KCNQ1OT1,518,59,0.1138996138996139,0.14671814671814673
H22,Lean,Resident NK,MEG3,518,0,0.0,0.0
H22,Lean,Resident NK,ZFAS1,518,279,0.5386100386100386,0.8918918918918919
H22,Lean,Resident NK,LINC00996,518,101,0.19498069498069498,0.2335907335907336
H22,Lean,Resident NK,NEAT1,518,436,0.8416988416988417,2.988416988416988
H22,Lean,Resident NK,MALAT1,518,518,1.0,199.65830115830116
H22,Lean,Resident NK,IDI2-AS1,518,1,0.0019305019305019305,0.0019305019305019305
H22,Lean,Resident NK,MIAT,518,2,0.003861003861003861,0.003861003861003861
H22,Lean,Resident NK,HULC,518,1,0.0019305019305019305,0.0019305019305019305
H22,Lean,Resident NK,LINC00261,518,0,0.0,0.0
H22,Lean,T cells,KCNQ1OT1,3487,314,0.09004875250932033,0.11901347863492974
H22,Lean,T cells,MEG3,3487,2,0.0005735589331803843,0.0005735589331803843
H22,Lean,T cells,ZFAS1,3487,2538,0.7278462862059076,1.5368511614568396
H22,Lean,T cells,LINC00996,3487,36,0.010324060797246917,0.011184399197017494
H22,Lean,T cells,NEAT1,3487,2829,0.8112991109836536,2.9506739317464867
H22,Lean,T cells,MALAT1,3487,3486,0.9997132205334098,269.7218239174075
H22,Lean,T cells,IDI2-AS1,3487,11,0.0031545741324921135,0.0031545741324921135
H22,Lean,T cells,MIAT,3487,336,0.09635790077430456,0.11098365357040436
H22,Lean,T cells,HULC,3487,2,0.0005735589331803843,0.0005735589331803843
H22,Lean,T cells,LINC00261,3487,0,0.0,0.0
H22,Lean,cDC1s,KCNQ1OT1,48,9,0.1875,0.2916666666666667
H22,Lean,cDC1s,MEG3,48,0,0.0,0.0
H22,Lean,cDC1s,ZFAS1,48,43,0.8958333333333334,4.083333333333333
H22,Lean,cDC1s,LINC00996,48,0,0.0,0.0
H22,Lean,cDC1s,NEAT1,48,48,1.0,21.9375
H22,Lean,cDC1s,MALAT1,48,48,1.0,478.3333333333333
H22,Lean,cDC1s,IDI2-AS1,48,0,0.0,0.0
H22,Lean,cDC1s,MIAT,48,0,0.0,0.0
H22,Lean,cDC1s,HULC,48,0,0.0,0.0
H22,Lean,cDC1s,LINC00261,48,0,0.0,0.0
H22,Lean,cDC2s,KCNQ1OT1,85,21,0.24705882352941178,0.36470588235294116
H22,Lean,cDC2s,MEG3,85,0,0.0,0.0
H22,Lean,cDC2s,ZFAS1,85,80,0.9411764705882353,3.988235294117647
H22,Lean,cDC2s,LINC00996,85,0,0.0,0.0
H22,Lean,cDC2s,NEAT1,85,85,1.0,21.48235294117647
H22,Lean,cDC2s,MALAT1,85,85,1.0,344.29411764705884
H22,Lean,cDC2s,IDI2-AS1,85,1,0.011764705882352941,0.011764705882352941
H22,Lean,cDC2s,MIAT,85,0,0.0,0.0
H22,Lean,cDC2s,HULC,85,1,0.011764705882352941,0.011764705882352941
H22,Lean,cDC2s,LINC00261,85,0,0.0,0.0
H22,Lean,pDCs,KCNQ1OT1,19,5,0.2631578947368421,1.0526315789473684
H22,Lean,pDCs,MEG3,19,0,0.0,0.0
H22,Lean,pDCs,ZFAS1,19,17,0.8947368421052632,1.9473684210526316
H22,Lean,pDCs,LINC00996,19,15,0.7894736842105263,2.0526315789473686
H22,Lean,pDCs,NEAT1,19,19,1.0,10.105263157894736
H22,Lean,pDCs,MALAT1,19,19,1.0,465.3157894736842
H22,Lean,pDCs,IDI2-AS1,19,0,0.0,0.0
H22,Lean,pDCs,MIAT,19,0,0.0,0.0
H22,Lean,pDCs,HULC,19,0,0.0,0.0
H22,Lean,pDCs,LINC00261,19,0,0.0,0.0
H23,Lean,B cells,KCNQ1OT1,136,22,0.16176470588235295,0.21323529411764705
H23,Lean,B cells,MEG3,136,0,0.0,0.0
H23,Lean,B cells,ZFAS1,136,76,0.5588235294117647,1.0147058823529411
H23,Lean,B cells,LINC00996,136,5,0.03676470588235294,0.051470588235294115
H23,Lean,B cells,NEAT1,136,68,0.5,1.3970588235294117
H23,Lean,B cells,MALAT1,136,136,1.0,171.1985294117647
H23,Lean,B cells,IDI2-AS1,136,0,0.0,0.0
H23,Lean,B cells,MIAT,136,5,0.03676470588235294,0.08088235294117647
H23,Lean,B cells,HULC,136,0,0.0,0.0
H23,Lean,B cells,LINC00261,136,0,0.0,0.0
H23,Lean,Basophils,KCNQ1OT1,83,20,0.24096385542168675,0.3132530120481928
H23,Lean,Basophils,MEG3,83,0,0.0,0.0
H23,Lean,Basophils,ZFAS1,83,14,0.1686746987951807,0.2289156626506024
H23,Lean,Basophils,LINC00996,83,2,0.024096385542168676,0.024096385542168676
H23,Lean,Basophils,NEAT1,83,54,0.6506024096385542,2.1927710843373496
H23,Lean,Basophils,MALAT1,83,83,1.0,274.27710843373495
H23,Lean,Basophils,IDI2-AS1,83,0,0.0,0.0
H23,Lean,Basophils,MIAT,83,1,0.012048192771084338,0.012048192771084338
H23,Lean,Basophils,HULC,83,0,0.0,0.0
H23,Lean,Basophils,LINC00261,83,0,0.0,0.0
H23,Lean,Cholangiocytes,KCNQ1OT1,1,1,1.0,3.0
H23,Lean,Cholangiocytes,MEG3,1,0,0.0,0.0
H23,Lean,Cholangiocytes,ZFAS1,1,1,1.0,2.0
H23,Lean,Cholangiocytes,LINC00996,1,0,0.0,0.0
H23,Lean,Cholangiocytes,NEAT1,1,1,1.0,1.0
H23,Lean,Cholangiocytes,MALAT1,1,1,1.0,168.0
H23,Lean,Cholangiocytes,IDI2-AS1,1,0,0.0,0.0
H23,Lean,Cholangiocytes,MIAT,1,0,0.0,0.0
H23,Lean,Cholangiocytes,HULC,1,0,0.0,0.0
H23,Lean,Cholangiocytes,LINC00261,1,0,0.0,0.0
H23,Lean,Circulating NK/NKT,KCNQ1OT1,1023,41,0.04007820136852395,0.0469208211143695
H23,Lean,Circulating NK/NKT,MEG3,1023,1,0.0009775171065493646,0.0009775171065493646
H23,Lean,Circulating NK/NKT,ZFAS1,1023,246,0.2404692082111437,0.29716520039100686
H23,Lean,Circulating NK/NKT,LINC00996,1023,42,0.04105571847507331,0.044965786901270774
H23,Lean,Circulating NK/NKT,NEAT1,1023,948,0.9266862170087976,4.581622678396872
H23,Lean,Circulating NK/NKT,MALAT1,1023,1023,1.0,173.55327468230695
H23,Lean,Circulating NK/NKT,IDI2-AS1,1023,4,0.0039100684261974585,0.0039100684261974585
H23,Lean,Circulating NK/NKT,MIAT,1023,169,0.1652003910068426,0.2072336265884653
H23,Lean,Circulating NK/NKT,HULC,1023,2,0.0019550342130987292,0.0019550342130987292
H23,Lean,Circulating NK/NKT,LINC00261,1023,0,0.0,0.0
H23,Lean,Endothelial cells,KCNQ1OT1,35,7,0.2,0.37142857142857144
H23,Lean,Endothelial cells,MEG3,35,34,0.9714285714285714,4.057142857142857
H23,Lean,Endothelial cells,ZFAS1,35,4,0.11428571428571428,0.17142857142857143
H23,Lean,Endothelial cells,LINC00996,35,0,0.0,0.0
H23,Lean,Endothelial cells,NEAT1,35,35,1.0,25.97142857142857
H23,Lean,Endothelial cells,MALAT1,35,35,1.0,170.31428571428572
H23,Lean,Endothelial cells,IDI2-AS1,35,0,0.0,0.0
H23,Lean,Endothelial cells,MIAT,35,1,0.02857142857142857,0.02857142857142857
H23,Lean,Endothelial cells,HULC,35,0,0.0,0.0
H23,Lean,Endothelial cells,LINC00261,35,0,0.0,0.0
H23,Lean,Hepatocytes,KCNQ1OT1,1,0,0.0,0.0
H23,Lean,Hepatocytes,MEG3,1,0,0.0,0.0
H23,Lean,Hepatocytes,ZFAS1,1,0,0.0,0.0
H23,Lean,Hepatocytes,LINC00996,1,0,0.0,0.0
H23,Lean,Hepatocytes,NEAT1,1,0,0.0,0.0
H23,Lean,Hepatocytes,MALAT1,1,1,1.0,195.0
H23,Lean,Hepatocytes,IDI2-AS1,1,0,0.0,0.0
H23,Lean,Hepatocytes,MIAT,1,0,0.0,0.0
H23,Lean,Hepatocytes,HULC,1,0,0.0,0.0
H23,Lean,Hepatocytes,LINC00261,1,0,0.0,0.0
H23,Lean,Macrophages,KCNQ1OT1,753,56,0.07436918990703852,0.1102257636122178
H23,Lean,Macrophages,MEG3,753,3,0.00398406374501992,0.00796812749003984
H23,Lean,Macrophages,ZFAS1,753,294,0.3904382470119522,0.548472775564409
H23,Lean,Macrophages,LINC00996,753,7,0.009296148738379814,0.010624169986719787
H23,Lean,Macrophages,NEAT1,753,631,0.8379814077025233,8.730411686586985
H23,Lean,Macrophages,MALAT1,753,728,0.9667994687915007,151.0531208499336
H23,Lean,Macrophages,IDI2-AS1,753,0,0.0,0.0
H23,Lean,Macrophages,MIAT,753,5,0.006640106241699867,0.006640106241699867
H23,Lean,Macrophages,HULC,753,5,0.006640106241699867,0.006640106241699867
H23,Lean,Macrophages,LINC00261,753,2,0.0026560424966799467,0.0026560424966799467
H23,Lean,Mig.cDCs,KCNQ1OT1,1,1,1.0,2.0
H23,Lean,Mig.cDCs,MEG3,1,0,0.0,0.0
H23,Lean,Mig.cDCs,ZFAS1,1,1,1.0,1.0
H23,Lean,Mig.cDCs,LINC00996,1,0,0.0,0.0
H23,Lean,Mig.cDCs,NEAT1,1,1,1.0,23.0
H23,Lean,Mig.cDCs,MALAT1,1,1,1.0,1392.0
H23,Lean,Mig.cDCs,IDI2-AS1,1,0,0.0,0.0
H23,Lean,Mig.cDCs,MIAT,1,0,0.0,0.0
H23,Lean,Mig.cDCs,HULC,1,0,0.0,0.0
H23,Lean,Mig.cDCs,LINC00261,1,0,0.0,0.0
H23,Lean,Mono+mono derived cells,KCNQ1OT1,729,96,0.13168724279835392,0.1906721536351166
H23,Lean,Mono+mono derived cells,MEG3,729,12,0.01646090534979424,0.07681755829903979
H23,Lean,Mono+mono derived cells,ZFAS1,729,432,0.5925925925925926,1.0438957475994513
H23,Lean,Mono+mono derived cells,LINC00996,729,4,0.0054869684499314125,0.0054869684499314125
H23,Lean,Mono+mono derived cells,NEAT1,729,729,1.0,31.064471879286693
H23,Lean,Mono+mono derived cells,MALAT1,729,729,1.0,119.41152263374485
H23,Lean,Mono+mono derived cells,IDI2-AS1,729,0,0.0,0.0
H23,Lean,Mono+mono derived cells,MIAT,729,11,0.015089163237311385,0.015089163237311385
H23,Lean,Mono+mono derived cells,HULC,729,1,0.0013717421124828531,0.0013717421124828531
H23,Lean,Mono+mono derived cells,LINC00261,729,0,0.0,0.0
H23,Lean,Neutrophils,KCNQ1OT1,19,0,0.0,0.0
H23,Lean,Neutrophils,MEG3,19,0,0.0,0.0
H23,Lean,Neutrophils,ZFAS1,19,3,0.15789473684210525,0.15789473684210525
H23,Lean,Neutrophils,LINC00996,19,0,0.0,0.0
H23,Lean,Neutrophils,NEAT1,19,18,0.9473684210526315,4.368421052631579
H23,Lean,Neutrophils,MALAT1,19,19,1.0,94.94736842105263
H23,Lean,Neutrophils,IDI2-AS1,19,0,0.0,0.0
H23,Lean,Neutrophils,MIAT,19,2,0.10526315789473684,0.15789473684210525
H23,Lean,Neutrophils,HULC,19,0,0.0,0.0
H23,Lean,Neutrophils,LINC00261,19,0,0.0,0.0
H23,Lean,Plasma cells,KCNQ1OT1,15,3,0.2,0.2
H23,Lean,Plasma cells,MEG3,15,0,0.0,0.0
H23,Lean,Plasma cells,ZFAS1,15,4,0.26666666666666666,0.3333333333333333
H23,Lean,Plasma cells,LINC00996,15,2,0.13333333333333333,0.2
H23,Lean,Plasma cells,NEAT1,15,15,1.0,10.2
H23,Lean,Plasma cells,MALAT1,15,15,1.0,300.8
H23,Lean,Plasma cells,IDI2-AS1,15,0,0.0,0.0
H23,Lean,Plasma cells,MIAT,15,2,0.13333333333333333,0.2
H23,Lean,Plasma cells,HULC,15,0,0.0,0.0
H23,Lean,Plasma cells,LINC00261,15,0,0.0,0.0
H23,Lean,Resident NK,KCNQ1OT1,975,33,0.033846153846153845,0.04512820512820513
H23,Lean,Resident NK,MEG3,975,0,0.0,0.0
H23,Lean,Resident NK,ZFAS1,975,290,0.29743589743589743,0.3682051282051282
H23,Lean,Resident NK,LINC00996,975,207,0.2123076923076923,0.25333333333333335
H23,Lean,Resident NK,NEAT1,975,816,0.8369230769230769,2.7056410256410257
H23,Lean,Resident NK,MALAT1,975,975,1.0,145.68820512820514
H23,Lean,Resident NK,IDI2-AS1,975,6,0.006153846153846154,0.0071794871794871795
H23,Lean,Resident NK,MIAT,975,21,0.021538461538461538,0.02358974358974359
H23,Lean,Resident NK,HULC,975,0,0.0,0.0
H23,Lean,Resident NK,LINC00261,975,0,0.0,0.0
H23,Lean,T cells,KCNQ1OT1,7030,357,0.050782361308677096,0.06230440967283073
H23,Lean,T cells,MEG3,7030,2,0.0002844950213371266,0.0002844950213371266
H23,Lean,T cells,ZFAS1,7030,2719,0.38677098150782363,0.5401137980085349
H23,Lean,T cells,LINC00996,7030,146,0.020768136557610242,0.021479374110953058
H23,Lean,T cells,NEAT1,7030,5807,0.8260312944523471,3.1941678520625887
H23,Lean,T cells,MALAT1,7030,7030,1.0,195.62944523470838
H23,Lean,T cells,IDI2-AS1,7030,14,0.001991465149359886,0.001991465149359886
H23,Lean,T cells,MIAT,7030,1427,0.20298719772403984,0.26799431009957325
H23,Lean,T cells,HULC,7030,1,0.0001422475106685633,0.0001422475106685633
H23,Lean,T cells,LINC00261,7030,0,0.0,0.0
H23,Lean,cDC1s,KCNQ1OT1,18,6,0.3333333333333333,0.4444444444444444
H23,Lean,cDC1s,MEG3,18,0,0.0,0.0
H23,Lean,cDC1s,ZFAS1,18,13,0.7222222222222222,1.7222222222222223
H23,Lean,cDC1s,LINC00996,18,0,0.0,0.0
H23,Lean,cDC1s,NEAT1,18,17,0.9444444444444444,11.166666666666666
H23,Lean,cDC1s,MALAT1,18,17,0.9444444444444444,319.94444444444446
H23,Lean,cDC1s,IDI2-AS1,18,0,0.0,0.0
H23,Lean,cDC1s,MIAT,18,0,0.0,0.0
H23,Lean,cDC1s,HULC,18,0,0.0,0.0
H23,Lean,cDC1s,LINC00261,18,0,0.0,0.0
H23,Lean,cDC2s,KCNQ1OT1,25,8,0.32,0.4
H23,Lean,cDC2s,MEG3,25,0,0.0,0.0
H23,Lean,cDC2s,ZFAS1,25,19,0.76,1.4
H23,Lean,cDC2s,LINC00996,25,0,0.0,0.0
H23,Lean,cDC2s,NEAT1,25,25,1.0,12.36
H23,Lean,cDC2s,MALAT1,25,25,1.0,197.24
H23,Lean,cDC2s,IDI2-AS1,25,0,0.0,0.0
H23,Lean,cDC2s,MIAT,25,0,0.0,0.0
H23,Lean,cDC2s,HULC,25,0,0.0,0.0
H23,Lean,cDC2s,LINC00261,25,0,0.0,0.0
H23,Lean,pDCs,KCNQ1OT1,47,4,0.0851063829787234,0.10638297872340426
H23,Lean,pDCs,MEG3,47,0,0.0,0.0
H23,Lean,pDCs,ZFAS1,47,32,0.6808510638297872,1.425531914893617
H23,Lean,pDCs,LINC00996,47,21,0.44680851063829785,1.0
H23,Lean,pDCs,NEAT1,47,40,0.851063829787234,2.6808510638297873
H23,Lean,pDCs,MALAT1,47,47,1.0,151.31914893617022
H23,Lean,pDCs,IDI2-AS1,47,0,0.0,0.0
H23,Lean,pDCs,MIAT,47,1,0.02127659574468085,0.02127659574468085
H23,Lean,pDCs,HULC,47,0,0.0,0.0
H23,Lean,pDCs,LINC00261,47,0,0.0,0.0
H25,Lean,B cells,KCNQ1OT1,231,34,0.1471861471861472,0.21645021645021645
H25,Lean,B cells,MEG3,231,1,0.004329004329004329,0.004329004329004329
H25,Lean,B cells,ZFAS1,231,194,0.8398268398268398,2.6147186147186146
H25,Lean,B cells,LINC00996,231,11,0.047619047619047616,0.06060606060606061
H25,Lean,B cells,NEAT1,231,168,0.7272727272727273,2.502164502164502
H25,Lean,B cells,MALAT1,231,231,1.0,269.2900432900433
H25,Lean,B cells,IDI2-AS1,231,0,0.0,0.0
H25,Lean,B cells,MIAT,231,6,0.025974025974025976,0.025974025974025976
H25,Lean,B cells,HULC,231,0,0.0,0.0
H25,Lean,B cells,LINC00261,231,0,0.0,0.0
H25,Lean,Basophils,KCNQ1OT1,54,15,0.2777777777777778,0.35185185185185186
H25,Lean,Basophils,MEG3,54,3,0.05555555555555555,0.07407407407407407
H25,Lean,Basophils,ZFAS1,54,27,0.5,0.8888888888888888
H25,Lean,Basophils,LINC00996,54,0,0.0,0.0
H25,Lean,Basophils,NEAT1,54,50,0.9259259259259259,4.555555555555555
H25,Lean,Basophils,MALAT1,54,54,1.0,254.25925925925927
H25,Lean,Basophils,IDI2-AS1,54,0,0.0,0.0
H25,Lean,Basophils,MIAT,54,0,0.0,0.0
H25,Lean,Basophils,HULC,54,1,0.018518518518518517,0.018518518518518517
H25,Lean,Basophils,LINC00261,54,0,0.0,0.0
H25,Lean,Cholangiocytes,KCNQ1OT1,62,46,0.7419354838709677,3.129032258064516
H25,Lean,Cholangiocytes,MEG3,62,2,0.03225806451612903,0.03225806451612903
H25,Lean,Cholangiocytes,ZFAS1,62,53,0.8548387096774194,2.935483870967742
H25,Lean,Cholangiocytes,LINC00996,62,0,0.0,0.0
H25,Lean,Cholangiocytes,NEAT1,62,57,0.9193548387096774,4.032258064516129
H25,Lean,Cholangiocytes,MALAT1,62,62,1.0,371.258064516129
H25,Lean,Cholangiocytes,IDI2-AS1,62,0,0.0,0.0
H25,Lean,Cholangiocytes,MIAT,62,1,0.016129032258064516,0.016129032258064516
H25,Lean,Cholangiocytes,HULC,62,1,0.016129032258064516,0.016129032258064516
H25,Lean,Cholangiocytes,LINC00261,62,30,0.4838709677419355,0.8548387096774194
H25,Lean,Circulating NK/NKT,KCNQ1OT1,1370,56,0.040875912408759124,0.058394160583941604
H25,Lean,Circulating NK/NKT,MEG3,1370,3,0.0021897810218978104,0.0021897810218978104
H25,Lean,Circulating NK/NKT,ZFAS1,1370,590,0.4306569343065693,0.6021897810218978
H25,Lean,Circulating NK/NKT,LINC00996,1370,34,0.024817518248175182,0.026277372262773723
H25,Lean,Circulating NK/NKT,NEAT1,1370,1296,0.945985401459854,4.348175182481752
H25,Lean,Circulating NK/NKT,MALAT1,1370,1370,1.0,240.0897810218978
H25,Lean,Circulating NK/NKT,IDI2-AS1,1370,2,0.00145985401459854,0.00145985401459854
H25,Lean,Circulating NK/NKT,MIAT,1370,93,0.06788321167883211,0.07226277372262774
H25,Lean,Circulating NK/NKT,HULC,1370,1,0.00072992700729927,0.00072992700729927
H25,Lean,Circulating NK/NKT,LINC00261,1370,0,0.0,0.0
H25,Lean,Endothelial cells,KCNQ1OT1,187,57,0.3048128342245989,0.5614973262032086
H25,Lean,Endothelial cells,MEG3,187,163,0.8716577540106952,4.213903743315508
H25,Lean,Endothelial cells,ZFAS1,187,76,0.40641711229946526,0.6577540106951871
H25,Lean,Endothelial cells,LINC00996,187,0,0.0,0.0
H25,Lean,Endothelial cells,NEAT1,187,186,0.9946524064171123,23.331550802139038
H25,Lean,Endothelial cells,MALAT1,187,187,1.0,301.47058823529414
H25,Lean,Endothelial cells,IDI2-AS1,187,2,0.0106951871657754,0.0106951871657754
H25,Lean,Endothelial cells,MIAT,187,31,0.1657754010695187,0.25668449197860965
H25,Lean,Endothelial cells,HULC,187,4,0.0213903743315508,0.026737967914438502
H25,Lean,Endothelial cells,LINC00261,187,1,0.0053475935828877,0.0053475935828877
H25,Lean,Fibroblasts,KCNQ1OT1,13,2,0.15384615384615385,0.38461538461538464
H25,Lean,Fibroblasts,MEG3,13,3,0.23076923076923078,0.6153846153846154
H25,Lean,Fibroblasts,ZFAS1,13,9,0.6923076923076923,1.3076923076923077
H25,Lean,Fibroblasts,LINC00996,13,0,0.0,0.0
H25,Lean,Fibroblasts,NEAT1,13,9,0.6923076923076923,3.4615384615384617
H25,Lean,Fibroblasts,MALAT1,13,13,1.0,342.3076923076923
H25,Lean,Fibroblasts,IDI2-AS1,13,0,0.0,0.0
H25,Lean,Fibroblasts,MIAT,13,0,0.0,0.0
H25,Lean,Fibroblasts,HULC,13,0,0.0,0.0
H25,Lean,Fibroblasts,LINC00261,13,0,0.0,0.0
H25,Lean,Macrophages,KCNQ1OT1,569,97,0.1704745166959578,0.2530755711775044
H25,Lean,Macrophages,MEG3,569,2,0.0035149384885764497,0.0035149384885764497
H25,Lean,Macrophages,ZFAS1,569,463,0.8137082601054482,2.154657293497364
H25,Lean,Macrophages,LINC00996,569,21,0.03690685413005272,0.0421792618629174
H25,Lean,Macrophages,NEAT1,569,567,0.9964850615114236,17.420035149384887
H25,Lean,Macrophages,MALAT1,569,569,1.0,198.52021089630932
H25,Lean,Macrophages,IDI2-AS1,569,1,0.0017574692442882249,0.0017574692442882249
H25,Lean,Macrophages,MIAT,569,5,0.008787346221441126,0.008787346221441126
H25,Lean,Macrophages,HULC,569,9,0.015817223198594025,0.015817223198594025
H25,Lean,Macrophages,LINC00261,569,1,0.0017574692442882249,0.0017574692442882249
H25,Lean,Mig.cDCs,KCNQ1OT1,2,0,0.0,0.0
H25,Lean,Mig.cDCs,MEG3,2,0,0.0,0.0
H25,Lean,Mig.cDCs,ZFAS1,2,2,1.0,5.5
H25,Lean,Mig.cDCs,LINC00996,2,0,0.0,0.0
H25,Lean,Mig.cDCs,NEAT1,2,2,1.0,14.0
H25,Lean,Mig.cDCs,MALAT1,2,2,1.0,543.5
H25,Lean,Mig.cDCs,IDI2-AS1,2,0,0.0,0.0
H25,Lean,Mig.cDCs,MIAT,2,0,0.0,0.0
H25,Lean,Mig.cDCs,HULC,2,0,0.0,0.0
H25,Lean,Mig.cDCs,LINC00261,2,0,0.0,0.0
H25,Lean,Mono+mono derived cells,KCNQ1OT1,456,89,0.19517543859649122,0.31140350877192985
H25,Lean,Mono+mono derived cells,MEG3,456,6,0.013157894736842105,0.03728070175438596
H25,Lean,Mono+mono derived cells,ZFAS1,456,401,0.8793859649122807,2.787280701754386
H25,Lean,Mono+mono derived cells,LINC00996,456,1,0.0021929824561403508,0.0021929824561403508
H25,Lean,Mono+mono derived cells,NEAT1,456,456,1.0,26.714912280701753
H25,Lean,Mono+mono derived cells,MALAT1,456,456,1.0,181.46271929824562
H25,Lean,Mono+mono derived cells,IDI2-AS1,456,0,0.0,0.0
H25,Lean,Mono+mono derived cells,MIAT,456,4,0.008771929824561403,0.008771929824561403
H25,Lean,Mono+mono derived cells,HULC,456,0,0.0,0.0
H25,Lean,Mono+mono derived cells,LINC00261,456,0,0.0,0.0
H25,Lean,Neutrophils,KCNQ1OT1,21,0,0.0,0.0
H25,Lean,Neutrophils,MEG3,21,2,0.09523809523809523,0.09523809523809523
H25,Lean,Neutrophils,ZFAS1,21,0,0.0,0.0
H25,Lean,Neutrophils,LINC00996,21,0,0.0,0.0
H25,Lean,Neutrophils,NEAT1,21,14,0.6666666666666666,3.5714285714285716
H25,Lean,Neutrophils,MALAT1,21,21,1.0,27.333333333333332
H25,Lean,Neutrophils,IDI2-AS1,21,0,0.0,0.0
H25,Lean,Neutrophils,MIAT,21,0,0.0,0.0
H25,Lean,Neutrophils,HULC,21,0,0.0,0.0
H25,Lean,Neutrophils,LINC00261,21,0,0.0,0.0
H25,Lean,Plasma cells,KCNQ1OT1,177,63,0.3559322033898305,0.7344632768361582
H25,Lean,Plasma cells,MEG3,177,3,0.01694915254237288,0.01694915254237288
H25,Lean,Plasma cells,ZFAS1,177,74,0.4180790960451977,0.7853107344632768
H25,Lean,Plasma cells,LINC00996,177,12,0.06779661016949153,0.0903954802259887
H25,Lean,Plasma cells,NEAT1,177,175,0.9887005649717514,14.864406779661017
H25,Lean,Plasma cells,MALAT1,177,177,1.0,402.1073446327684
H25,Lean,Plasma cells,IDI2-AS1,177,0,0.0,0.0
H25,Lean,Plasma cells,MIAT,177,10,0.05649717514124294,0.05649717514124294
H25,Lean,Plasma cells,HULC,177,0,0.0,0.0
H25,Lean,Plasma cells,LINC00261,177,0,0.0,0.0
H25,Lean,Resident NK,KCNQ1OT1,2493,89,0.03569995988768552,0.04492579221821099
H25,Lean,Resident NK,MEG3,2493,3,0.0012033694344163659,0.0012033694344163659
H25,Lean,Resident NK,ZFAS1,2493,1104,0.4428399518652226,0.6353790613718412
H25,Lean,Resident NK,LINC00996,2493,491,0.19695146409947853,0.2242278379462495
H25,Lean,Resident NK,NEAT1,2493,2215,0.8884877657440834,3.1728840754111514
H25,Lean,Resident NK,MALAT1,2493,2493,1.0,204.0212595266747
H25,Lean,Resident NK,IDI2-AS1,2493,20,0.008022462896109106,0.008022462896109106
H25,Lean,Resident NK,MIAT,2493,4,0.001604492579221821,0.001604492579221821
H25,Lean,Resident NK,HULC,2493,6,0.0024067388688327317,0.0024067388688327317
H25,Lean,Resident NK,LINC00261,2493,1,0.00040112314480545525,0.00040112314480545525
H25,Lean,T cells,KCNQ1OT1,3602,206,0.05719044975013881,0.07079400333148252
H25,Lean,T cells,MEG3,3602,4,0.001110494169905608,0.001110494169905608
H25,Lean,T cells,ZFAS1,3602,2396,0.6651860077734592,1.215435868961688
H25,Lean,T cells,LINC00996,3602,57,0.015824541921154914,0.017212659633536923
H25,Lean,T cells,NEAT1,3602,3173,0.8808995002776235,3.27623542476402
H25,Lean,T cells,MALAT1,3602,3602,1.0,268.164353137146
H25,Lean,T cells,IDI2-AS1,3602,7,0.001943364797334814,0.001943364797334814
H25,Lean,T cells,MIAT,3602,333,0.09244863964464187,0.10910605219322599
H25,Lean,T cells,HULC,3602,2,0.000555247084952804,0.000555247084952804
H25,Lean,T cells,LINC00261,3602,0,0.0,0.0
H25,Lean,cDC1s,KCNQ1OT1,34,7,0.20588235294117646,0.23529411764705882
H25,Lean,cDC1s,MEG3,34,0,0.0,0.0
H25,Lean,cDC1s,ZFAS1,34,31,0.9117647058823529,4.205882352941177
H25,Lean,cDC1s,LINC00996,34,0,0.0,0.0
H25,Lean,cDC1s,NEAT1,34,34,1.0,10.676470588235293
H25,Lean,cDC1s,MALAT1,34,34,1.0,319.29411764705884
H25,Lean,cDC1s,IDI2-AS1,34,0,0.0,0.0
H25,Lean,cDC1s,MIAT,34,0,0.0,0.0
H25,Lean,cDC1s,HULC,34,0,0.0,0.0
H25,Lean,cDC1s,LINC00261,34,0,0.0,0.0
H25,Lean,cDC2s,KCNQ1OT1,51,5,0.09803921568627451,0.13725490196078433
H25,Lean,cDC2s,MEG3,51,0,0.0,0.0
H25,Lean,cDC2s,ZFAS1,51,48,0.9411764705882353,4.0588235294117645
H25,Lean,cDC2s,LINC00996,51,0,0.0,0.0
H25,Lean,cDC2s,NEAT1,51,51,1.0,8.764705882352942
H25,Lean,cDC2s,MALAT1,51,51,1.0,255.9607843137255
H25,Lean,cDC2s,IDI2-AS1,51,0,0.0,0.0
H25,Lean,cDC2s,MIAT,51,0,0.0,0.0
H25,Lean,cDC2s,HULC,51,0,0.0,0.0
H25,Lean,cDC2s,LINC00261,51,0,0.0,0.0
H25,Lean,pDCs,KCNQ1OT1,28,4,0.14285714285714285,0.21428571428571427
H25,Lean,pDCs,MEG3,28,1,0.03571428571428571,0.03571428571428571
H25,Lean,pDCs,ZFAS1,28,18,0.6428571428571429,1.7142857142857142
H25,Lean,pDCs,LINC00996,28,17,0.6071428571428571,1.9285714285714286
H25,Lean,pDCs,NEAT1,28,18,0.6428571428571429,1.8928571428571428
H25,Lean,pDCs,MALAT1,28,28,1.0,313.60714285714283
H25,Lean,pDCs,IDI2-AS1,28,0,0.0,0.0
H25,Lean,pDCs,MIAT,28,1,0.03571428571428571,0.03571428571428571
H25,Lean,pDCs,HULC,28,0,0.0,0.0
H25,Lean,pDCs,LINC00261,28,0,0.0,0.0
H37,Obese,Hepatocytes,KCNQ1OT1,6,1,0.16666666666666666,0.16666666666666666
H37,Obese,Hepatocytes,MEG3,6,0,0.0,0.0
H37,Obese,Hepatocytes,ZFAS1,6,0,0.0,0.0
H37,Obese,Hepatocytes,LINC00996,6,0,0.0,0.0
H37,Obese,Hepatocytes,NEAT1,6,5,0.8333333333333334,3.1666666666666665
H37,Obese,Hepatocytes,MALAT1,6,5,0.8333333333333334,13.333333333333334
H37,Obese,Hepatocytes,IDI2-AS1,6,0,0.0,0.0
H37,Obese,Hepatocytes,MIAT,6,0,0.0,0.0
H37,Obese,Hepatocytes,HULC,6,0,0.0,0.0
H37,Obese,Hepatocytes,LINC00261,6,0,0.0,0.0
H38,Lean,Endothelial cells,KCNQ1OT1,2,0,0.0,0.0
H38,Lean,Endothelial cells,MEG3,2,1,0.5,0.5
H38,Lean,Endothelial cells,ZFAS1,2,0,0.0,0.0
H38,Lean,Endothelial cells,LINC00996,2,0,0.0,0.0
H38,Lean,Endothelial cells,NEAT1,2,2,1.0,34.0
H38,Lean,Endothelial cells,MALAT1,2,2,1.0,59.0
H38,Lean,Endothelial cells,IDI2-AS1,2,0,0.0,0.0
H38,Lean,Endothelial cells,MIAT,2,0,0.0,0.0
H38,Lean,Endothelial cells,HULC,2,0,0.0,0.0
H38,Lean,Endothelial cells,LINC00261,2,1,0.5,1.0
H38,Lean,Fibroblasts,KCNQ1OT1,2,0,0.0,0.0
H38,Lean,Fibroblasts,MEG3,2,0,0.0,0.0
H38,Lean,Fibroblasts,ZFAS1,2,0,0.0,0.0
H38,Lean,Fibroblasts,LINC00996,2,0,0.0,0.0
H38,Lean,Fibroblasts,NEAT1,2,2,1.0,8.0
H38,Lean,Fibroblasts,MALAT1,2,2,1.0,44.5
H38,Lean,Fibroblasts,IDI2-AS1,2,0,0.0,0.0
H38,Lean,Fibroblasts,MIAT,2,0,0.0,0.0
H38,Lean,Fibroblasts,HULC,2,0,0.0,0.0
H38,Lean,Fibroblasts,LINC00261,2,0,0.0,0.0
H38,Lean,Hepatocytes,KCNQ1OT1,13,2,0.15384615384615385,0.3076923076923077
H38,Lean,Hepatocytes,MEG3,13,1,0.07692307692307693,0.07692307692307693
H38,Lean,Hepatocytes,ZFAS1,13,0,0.0,0.0
H38,Lean,Hepatocytes,LINC00996,13,0,0.0,0.0
H38,Lean,Hepatocytes,NEAT1,13,13,1.0,21.23076923076923
H38,Lean,Hepatocytes,MALAT1,13,12,0.9230769230769231,60.07692307692308
H38,Lean,Hepatocytes,IDI2-AS1,13,1,0.07692307692307693,0.07692307692307693
H38,Lean,Hepatocytes,MIAT,13,0,0.0,0.0
H38,Lean,Hepatocytes,HULC,13,0,0.0,0.0
H38,Lean,Hepatocytes,LINC00261,13,4,0.3076923076923077,0.6153846153846154
H38,Lean,Macrophages,KCNQ1OT1,1,0,0.0,0.0
H38,Lean,Macrophages,MEG3,1,0,0.0,0.0
H38,Lean,Macrophages,ZFAS1,1,0,0.0,0.0
H38,Lean,Macrophages,LINC00996,1,0,0.0,0.0
H38,Lean,Macrophages,NEAT1,1,1,1.0,5.0
H38,Lean,Macrophages,MALAT1,1,1,1.0,8.0
H38,Lean,Macrophages,IDI2-AS1,1,0,0.0,0.0
H38,Lean,Macrophages,MIAT,1,0,0.0,0.0
H38,Lean,Macrophages,HULC,1,0,0.0,0.0
H38,Lean,Macrophages,LINC00261,1,0,0.0,0.0
